filing_year,ein,plan_num,plan_name,sponsor_name,sponsor_city,sponsor_state,sponsor_zip,type_plan_entity,type_pension_bnft,is_esop,is_ksop,total_participants,active_participants,total_assets,total_liabilities,employer_contributions,participant_contributions,benefits_paid,net_income,employer_securities,naics_code,industry_sector,plan_eff_date
2014,10367721,2,"NEW ENGLAND NATURAL BAKERS, INC. EMPLOYEE STOCK OWNERSHIP PLAN","New England Natural Bakers, Inc.",Greenfield,MA,1301,2,,1,0,45,41,1320000.0,3035886.0,209693.0,,3.0,93622.0,,311800,Manufacturing,2012-01-01
2014,113672395,2,ARTEL VIDEO SYSTEMS CORPORATION EMPLOYEE STOCK OWNERSHIP PLAN,Artel Video Systems Corporation,Westford,MA,18863617,2,,1,0,40,37,4532000.0,8296763.0,921862.0,0.0,0.0,-3764763.0,,334310,Manufacturing,2014-01-01
2014,201998367,2,"WESTON & SAMPSON, INC. EMPLOYEE STOCK OWNERSHIP PLAN","Weston & Sampson, Inc.",Peabody,MA,1960,2,,1,0,338,298,1000000.0,0.0,1000000.0,,0.0,1000000.0,,541330,Professional & Technical Services,2014-01-01
2014,203724403,2,VERTEX EMPLOYEE STOCK OWNERSHIP PLAN,Vertex,Weymouth,MA,2189,2,,1,0,230,206,14480000.0,23616543.0,1443003.0,,0.0,4917760.0,14480000.0,541330,Professional & Technical Services,2013-01-01
2014,261697053,2,SCC AND INTEGRATED IT HOLDING CORP EMPLOYEE STOCK OWNERSHIP PLAN AND TRUST,Scc And Integrated It Holding Corp,Waltham,MA,24511703,2,,1,0,130,87,25560101.0,10338208.0,1157609.0,0.0,0.0,3373378.0,25560000.0,,,2008-01-01
2014,311060347,1,STEVENSON & ASSOCIATES ESOP,Stevenson & Associates,Woburn,MA,18018804,2,,1,0,51,50,5985690.0,155980.0,300000.0,,205980.0,950366.0,,,,1989-01-01
2014,41078435,3,BELMONT SAVINGS BANK EMPLOYEE STOCK OWNERSHIP PLAN,Belmont Savings Bank,Belmont,MA,24782518,2,,1,0,115,92,8499934.0,4275302.0,239896.0,0.0,41256.0,1659395.0,,,,2011-01-01
2014,41110170,1,BOURNEUF CORPORATION EMPLOYEE STOCK OWNERSHIP PLAN,Bourneuf Corporation,Lynn,MA,1902,2,,1,0,22,18,762986.0,0.0,135754.0,,,49015.0,,423700,Wholesale Trade,1997-09-01
2014,41123740,3,BROCKWAY-SMITH COMPANY EMPLOYEE STOCK OWNERSHIP PLAN & TRUST,Brockway-Smith Company,Wilmington,MA,18871018,2,,1,0,116,98,5399994.0,,,,200701.0,563526.0,4501016.0,423300,Wholesale Trade,1976-01-01
2014,41174490,3,CHICOPEE SAVINGS BANK EMPLOYEE STOCK OWNERSHIP PLAN,Chicopee Savings Bank,Chicopee,MA,1014,2,,1,0,146,118,9284886.0,4173414.0,491694.0,,166490.0,-247186.0,9198610.0,,,2006-01-01
2014,41203530,2,SPAULDING BRICK EMPLOYEE STOCK OWNERSHIP PLAN,Spaulding Brick,Wilmington,MA,1887,2,,1,0,40,25,7074309.0,1125000.0,531266.0,,422641.0,1176990.0,,423300,Wholesale Trade,1997-01-01
2014,412126830,2,BBN TECHNOLOGIES EMPLOYEE STOCK OWNERSHIP PLAN,Bbn Technologies,Cambridge,MA,2138,2,,1,0,718,311,1003103.0,292.0,,,67.0,-58153.0,,,,2004-03-27
2014,41309690,4,FIDUCIARY TRUST COMPANY EMPLOYEE STOCK OWNERSHIP P,Fiduciary Trust Company,Boston,MA,2110,2,,1,0,140,110,47995620.0,1547452.0,150000.0,,4251479.0,-3287272.0,47603784.0,523900,Finance & Insurance,1985-01-01
2014,41362840,3,GEORGETOWN SAVINGS BANK EMPLOYEE STOCK OWNERSHIP PLAN,Georgetown Savings Bank,Georgetown,MA,1833,2,,1,0,57,31,2359260.0,1017924.0,71810.0,,16770.0,123045.0,,,,2005-01-01
2014,41366970,7,THE GILLETTE COMPANY EMPLOYEE STOCK OWNERSHIP PLAN,The Gillette Company,Boston,MA,2127,2,,1,0,2101,405,343032890.0,0.0,,,24426079.0,22253712.0,341212894.0,332900,Manufacturing,1990-01-17
2014,41466100,3,BLUE HILLS BANK EMPLOYEE STOCK OWNERSHIP PLAN,Blue Hills Bank,Hyde Park,MA,2136,2,,1,0,0,147,30926345.0,21925132.0,1178845.0,,,9001213.0,,522120,Finance & Insurance,2014-01-01
2014,41609810,4,MEETINGHOUSE BANK EMPLOYEE STOCK OWNERSHIP PLAN,Meetinghouse Bank,Dorchester,MA,2124,2,,1,0,23,24,569994.0,332333.0,104663.0,0.0,167.0,102778.0,,,,2012-01-01
2014,41611080,2,MELROSE COOPERATIVE BANK EMPLOYEE STOCK OWNERSHIP PLAN,Melrose Cooperative Bank,Melrose,MA,2176,2,,1,0,0,22,2997086.0,2161709.0,116261.0,,,835377.0,,522190,Finance & Insurance,2014-07-01
2014,41682990,1,"NYE LUBRICANTS, INC. EMPLOYEE STOCK OWNERSHIP PLAN","Nye Lubricants, Inc.",Fairhaven,MA,27190000,2,,1,0,147,101,5097441.0,0.0,,,281966.0,338592.0,5097441.0,325900,Manufacturing,2001-01-01
2014,41728400,2,PILGRIM BANK EMPLOYEE STOCK OWNERSHIP PLAN,Pilgrim Bank,Cohasset,MA,2025,2,,1,0,0,29,1950906.0,1718785.0,92413.0,0.0,0.0,232121.0,,,,2014-01-01
2014,41782600,4,CENTRAL CO-OPERATIVE BANK EMPLOYEE STOCK OWNERSHIP PLAN,Central Co-Operative Bank,Rockland,MA,2370,2,,1,0,64,0,0.0,0.0,0.0,0.0,2068672.0,-2591964.0,,522110,Finance & Insurance,1989-11-01
2014,41810570,2,SAVOGRAN COMPANY EMPLOYEE STOCK OWNERSHIP PLAN,Savogran Company,Norwood,MA,2062,2,,1,0,11,11,3019935.0,,,,318527.0,-429931.0,,325500,Manufacturing,1988-01-01
2014,41858810,3,NEW ENGLAND BANK EMPLOYEE STOCK OWNERSHIP PLAN,New England Bank,W. Springfield,MA,1090,2,,1,0,146,0,0.0,0.0,,,3640179.0,-4360472.0,,,,2002-01-01
2014,41866480,2,THE L.S.STARRETT COMPANY EMPLOYEE STOCK OWNERSHIP PLAN,The L.S.Starrett Company,Athol,MA,13311915,2,,1,0,616,403,9614246.0,2000.0,,,724421.0,-634351.0,9611790.0,332210,Manufacturing,1994-07-01
2014,41866480,4,THE L. S. STARRETT COMPANY 2013 EMPLOYEE STOCK OWNERSHIP PLAN AND TRUST,The L. S. Starrett Company,Athol,MA,13311915,2,,1,0,893,699,1134766.0,100.0,,,58666.0,-54285.0,1134662.0,332210,Manufacturing,2013-02-05
2014,41967105,1,J.F. WHITE EMPLOYEE STOCK OWNERSHIP PLAN AND TRUST,J.F. White,Framingham,MA,17014692,2,,1,0,206,0,0.0,0.0,0.0,0.0,78448214.0,-77706918.0,,237310,Construction,1973-10-01
2014,42041237,3,"CHANNING BETE COMPANY, INC. EMPLOYEE STOCK OWNERSHIP PLAN","Channing Bete Company, Inc.",South Deerfield,MA,13730200,2,,1,0,198,124,18940406.0,5703980.0,2234635.0,,3120297.0,-180710.0,15246636.0,323100,Manufacturing,1996-01-01
2014,42041968,3,"BROOKFIELD ENGINEERING LABORATORIES, INC., EMPLOYEE STOCK OWNERSHIP PLAN, STOCK BONUS PLAN","Brookfield Engineering Laboratories, Inc.",Middleboro,MA,2346,2,,1,0,180,178,63602956.0,1000.0,313695.0,,2384536.0,5924038.0,47589239.0,,,1992-08-01
2014,42044378,2,"WILLIAMS STONE CO., INC. EMPLOYEE STOCK OWNERSHIP PLAN","Williams Stone Co., Inc.",East Otis,MA,1029,2,,1,0,46,38,13023777.0,4246156.0,262666.0,,136889.0,1881091.0,,212310,"Mining, Oil & Gas",2005-01-01
2014,42079638,1,"HABERMAN INSURANCE GROUP, INC. 401(K) AND ESOP","Haberman Insurance Group, Inc.",West Springfield,MA,10891311,2,,1,1,30,16,1011271.0,,0.0,19590.0,85090.0,21568.0,,,,1997-01-01
2014,42086300,2,FRASER ENGINEERING COMPANY EMPLOYEE STOCK OWNERSHIP PLAN,Fraser Engineering Company,Newton,MA,24609142,2,,1,0,111,57,1202463.0,1990.0,177305.0,,174654.0,99742.0,,238220,Construction,2003-01-01
2014,42170946,2,"PAUL K. GUILLOW, INC. EMPLOYEE STOCK OWNERSHIP PLAN AND TRUST","Paul K. Guillow, Inc.",Wakefield,MA,18800329,2,,1,0,48,36,872808.0,0.0,26937.0,0.0,57435.0,-12531.0,,321900,Manufacturing,1986-11-01
2014,42188202,3,"WIREFAB, INC. EMPLOYEE STOCK OWNERSHIP PLAN","Wirefab, Inc.",Worcester,MA,1607,2,,1,0,33,32,2519510.0,7040.0,50000.0,,1792.0,81449.0,,332610,Manufacturing,1991-01-01
2014,42224182,2,ADCOLE CORPORATION EMPLOYEE STOCK OWNERSHIP PLAN,Adcole Corporation,Marlborough,MA,1752,2,,1,0,137,122,583780.0,,582500.0,,1693644.0,-1693709.0,,334500,Manufacturing,1995-01-01
2014,42259905,4,COUNTRY CURTAINS EMPLOYEE STOCK OWNERSHIP PLAN,Country Curtains,Stockbridge,MA,1262,2,,1,0,367,270,12568851.0,4042683.0,442508.0,0.0,1375752.0,-2135658.0,12471324.0,454110,Retail Trade,1995-07-01
2014,42264013,3,"D.N. LUKENS, INC. EMPLOYEE STOCK OWNERSHIP PLAN","D.N. Lukens, Inc.",Westboro,MA,15811023,2,,1,0,26,17,2859765.0,0.0,34232.0,0.0,31123.0,259765.0,,424600,Wholesale Trade,1977-01-01
2014,42272126,4,"CAPE COD LUMBER CO., INC. EMPLOYEE STOCK OWNERSHIP PLAN","Cape Cod Lumber Co., Inc.",Abington,MA,2351,2,,1,0,82,83,600000.0,0.0,600000.0,,,600000.0,,423300,Wholesale Trade,2014-01-01
2014,42274728,3,FEINGOLD & FEINGOLD INSURANCE AGENCY INC. EMPLOYEE STOCK OWNERSHIP PLAN,Feingold & Feingold Insurance Agency Inc.,Worcester,MA,1608,2,,1,0,26,17,1182373.0,,38027.0,,40771.0,316632.0,,524210,Finance & Insurance,1988-01-01
2014,42278461,3,"RUSSELECTRIC, INC. EMPLOYEE STOCK OWNERSHIP PLAN","Russelectric, Inc.",Hingham,MA,2043,2,,1,0,425,328,19433122.0,15594583.0,250774.0,0.0,70726.0,1456760.0,19071600.0,335900,Manufacturing,2010-07-01
2014,42279997,4,THE COMREX CORPORATION EMPLOYEE STOCK OWNERSHIP PLAN,The Comrex Corporation,Devens,MA,14324462,2,,1,0,22,21,2059864.0,86095.0,90314.0,,423858.0,-234203.0,,334310,Manufacturing,1997-07-01
2014,42298684,1,"THE MMR GROUP, INC. EMPLOYEE STOCK OWNERSHIP PLAN","The Mmr Group, Inc.",West Boylston,MA,15832115,2,,1,0,63,42,5200416.0,416.0,171964.0,,5171964.0,-3400416.0,,339900,Manufacturing,1975-07-01
2014,42301242,3,"GOODY, CLANCY AND ASSOCIATES EMPLOYEE STOCK OWNERSHIP PLAN","Goody, Clancy And Associates",Boston,MA,2116,2,,1,0,116,56,2866000.0,0.0,105015.0,0.0,105015.0,215818.0,2866000.0,541310,Professional & Technical Services,1987-07-01
2014,42318619,2,TRO JUNG/BRANNEN EMPLOYEE STOCK OWNERSHIP PLAN AND TRUST,Tro Jung/Brannen,Boston,MA,2110,2,,1,0,130,114,526260.0,0.0,14490.0,,0.0,226260.0,501416.0,,,2013-10-01
2014,42323460,1,"ECONOCORP, INC. EMPLOYEE STOCK OWNERSHIP PLAN","Econocorp, Inc.",Randolph,MA,2368,2,,1,0,45,31,234523.0,,,,4362.0,-39825.0,,333200,Manufacturing,1991-07-01
2014,42324804,2,TECH-ETCH EMPLOYEE STOCK OWNERSHIP PLAN,Tech-Etch,Plymouth,MA,23604803,2,,1,0,514,445,12617677.0,0.0,320503.0,0.0,497038.0,184598.0,12474453.0,332900,Manufacturing,1999-03-01
2014,42347643,2,ABT ASSOCIATES INC EMPLOYEES STOCK OWNERSHIP PLAN,ABT ASSOCIATES INC,Cambridge,MA,02138,2,2I2O2Q3H3I,1,0,3807,2180,112323474.0,168834.0,6313634.0,,6323378.0,2177760.0,112154640.0,541600,Professional & Technical Services,1975-01-01
2014,42348065,2,JANIS RESEARCH EMPLOYEE STOCK OWNERSHIP PLAN AND TRUST,Janis Research,Woburn,MA,1801,2,,1,0,101,80,5243870.0,,235366.0,,235353.0,448015.0,,339900,Manufacturing,1999-01-01
2014,42372206,1,STREM CHEMICALS INC. 401K AND ESOP,Strem Chemicals Inc.,Newburyport,MA,19504019,2,,1,1,65,60,12276802.0,,259318.0,239295.0,541991.0,607688.0,,325100,Manufacturing,2001-01-01
2014,42389826,4,"NEW ENGLAND CONTROLS, INC. EMPLOYEE STOCK OWNERSHIP PLAN","New England Controls, Inc.",Mansfield,MA,2048,2,,1,0,146,111,11730393.0,0.0,844200.0,0.0,200737.0,1087571.0,7297236.0,423990,Wholesale Trade,1986-01-01
2014,42399903,2,"THE BSC COMPANIES, INC. EMPLOYEE STOCK OWNERSHIP PLAN","The Bsc Companies, Inc.",Boston,MA,2127,2,,1,0,49,51,679869.0,0.0,77721.0,0.0,89564.0,95120.0,,541330,Professional & Technical Services,1979-01-01
2014,42444641,1,"NATHAN SALLOP INSURANCE AGENCY, INC. ESOP","Nathan Sallop Insurance Agency, Inc.",Boston,MA,21144721,2,,1,0,25,13,3085125.0,,438841.0,,301807.0,78174.0,,524210,Finance & Insurance,2002-01-01
2014,42445292,2,"FRED C. CHURCH, INC. EMPLOYEES' STOCK OWNERSHIP PLAN AND TRUST","FRED C. CHURCH,INC.",Lowell,MA,01851,2,2O,1,0,140,127,18260414.0,,300000.0,,391184.0,1973740.0,15233838.0,524210,Finance & Insurance,1975-01-01
2014,42453189,2,ARC/ARCHITECTURAL RESOURCES CAMBRIDGE EMPLOYEE STOCK OWNERSHIP PLAN,Arc/Architectural Resources Cambridge,Boston,MA,2116,2,,1,0,64,43,1742214.0,0.0,110000.0,0.0,106450.0,167090.0,,541310,Professional & Technical Services,1999-01-01
2014,42460805,2,"DANAFILMS, INC.","Danafilms, Inc..",Westborough,MA,01581,2,2E2I2O3I,1,0,117,0,1572127.0,84388.0,,,,1344451.0,,326100,Information & Technology,2003-11-01
2014,42471226,2,"AERODYNE RESEARCH, INC. EMPLOYEE STOCK OWNERSHIP PLAN","Aerodyne Research, Inc.",Billerica,MA,18213934,2,,1,0,73,67,5657930.0,0.0,54233.0,0.0,101471.0,805482.0,,541700,Professional & Technical Services,1985-11-26
2014,42472856,2,JAMES MONROE CORP. ESOP,James Monroe Corp.,South Lancaster,MA,1561,2,,1,0,94,75,2384145.0,,184579.0,,391402.0,-646999.0,,339900,Manufacturing,1999-11-01
2014,42482120,3,CONCORD LUMBER CORP. EMPLOYEE STOCK OWNERSHIP PLAN & TRUST,Concord Lumber Corp.,Littleton,MA,1460,2,,1,0,197,103,7692977.0,0.0,364696.0,,364696.0,902363.0,7685495.0,444190,Retail Trade,1996-04-01
2014,42488241,2,ADD INC. EMPLOYEE STOCK OWNERSHIP PLAN,Add Inc.,Boston,MA,2210,2,,1,0,176,157,14740424.0,0.0,0.0,0.0,0.0,9272827.0,0.0,,,1989-01-01
2014,42501424,2,B&B ENGINEERING CORPORATION EMPLOYEE STOCK OWNERSHIP PLAN,B&B Engineering Corporation,Georgetown,MA,1833,2,,1,0,18,18,225000.0,1450000.0,8870.0,,,-1225000.0,,334200,Manufacturing,2014-01-01
2014,42513930,3,F. H. CHASE INC. EMPLOYEE STOCK OWNERSHIP PLAN,F. H. Chase Inc.,Taunton,MA,27801070,2,,1,0,19,13,329312.0,23.0,,,,7324.0,,,,2001-01-01
2014,42514329,3,"CENTRAL COATING CO., INC. EMPLOYEE STOCK OWNERSHIP PLAN","Central Coating Co., Inc.",West Boylston,MA,1583,2,,1,0,48,44,5005994.0,41642.0,548573.0,,539125.0,83392.0,,326100,Manufacturing,2004-01-01
2014,42517090,2,PHYSICAL SCIENCES INC. EMPLOYEE STOCK OWNERSHIP PLAN,Physical Sciences Inc.,Andover,MA,1810,2,,1,0,260,148,29630985.0,0.0,1927225.0,,1504363.0,539232.0,28318054.0,541700,Professional & Technical Services,1988-07-01
2014,42547913,2,ATLANTIC PLYWOOD CORPORATION EMPLOYEE STOCK OWNERSHIP PLAN,Atlantic Plywood Corporation,Woburn,MA,18016208,2,,1,0,203,175,16811550.0,2871675.0,556680.0,,271408.0,4960063.0,16811550.0,423300,Wholesale Trade,2008-01-01
2014,42550058,2,INTERNATIONAL CARS EMPLOYEE STOCK OWNERSHIP PLAN,International Cars,Danvers,MA,1923,2,,1,0,261,174,4040208.0,627046.0,122800.0,,33833.0,547696.0,3933175.0,441110,Retail Trade,2000-01-01
2014,42552515,2,"HARTNEY GREYMONT, INC. EMPLOYEE STOCK OWNERSHIP PL","Hartney Greymont, Inc.",Needham,MA,24922822,2,,1,0,108,44,66150.0,,,,19393.0,-19385.0,,,,1987-01-01
2014,42556035,2,LANDRY'S BICYCLES EMPLOYEE STOCK OWNERSHIP PLAN,Landry'S Bicycles,Natick,MA,1760,2,,1,0,78,59,1049062.0,,,,9525.0,-188048.0,,451110,Retail Trade,2009-10-01
2014,42557451,3,DAVID CLARK COMPANY INCORPORATED EMPLOYEE STOCK OWNERSHIP PLAN,David Clark Company Incorporated,Worcester,MA,16150054,2,,1,0,267,214,80750000.0,5297784.0,1637334.0,,1577334.0,19613510.0,80750000.0,339900,Manufacturing,2007-01-01
2014,42597651,1,"INTERNATIONAL DATA GROUP, INC. EMPLOYEE STOCK OWNERSHIP PLAN","International Data Group, Inc.",Framingham,MA,17014674,2,,1,0,1477,1062,42819748.0,70858.0,0.0,0.0,3676082.0,-9297899.0,42655596.0,511190,Information & Technology,1976-01-01
2014,42624147,5,"ELECTRO-TERM, INC. EMPLOYEE STOCK OWNERSHIP PLAN (ESOP)","Electro-Term, Inc.",Springfield,MA,1118,2,,1,0,62,31,1167304.0,,,,2696.0,-2696.0,,423600,Wholesale Trade,2008-01-01
2014,42631963,3,"NEW ENGLAND BIOLABS, INC EMPLOYEE STOCK OWNERSHIP PLAN","New England Biolabs, Inc",Ipswich,MA,1938,2,,1,0,338,309,201093616.0,839693.0,3906000.0,0.0,1939836.0,31401528.0,85626660.0,325100,Manufacturing,1985-10-01
2014,42637381,2,"QUIRK WIRE CO., INC. EMPLOYEE STOCK OWNERSHIP PLAN","Quirk Wire Co., Inc.",West Brookfield,MA,1585,2,,1,0,55,39,10420295.0,769027.0,689842.0,,512252.0,-1340486.0,,332610,Manufacturing,2003-01-01
2014,42699206,3,"PACKAGING CONSULTANTS, INC. EMPLOYEE STOCK OWNERSHIP PLAN & TRUST","Packaging Consultants, Inc.",New Bedford,MA,27451118,2,,1,0,12,10,202315.0,0.0,0.0,0.0,58974.0,-42584.0,,424990,Wholesale Trade,1990-02-01
2014,42717456,2,ATLANTIC FASTENERS EMPLOYEE STOCK OWNERSHIP PLAN,Atlantic Fasteners,Agawam,MA,10011068,2,,1,0,57,44,12054167.0,685452.0,410353.0,,213048.0,672782.0,,,,2005-01-01
2014,42718570,3,"SPECTRAL SCIENCES, INC. EMPLOYEE STOCK OWNERSHIP PLAN","Spectral Sciences, Inc.",Burlington,MA,18033304,2,,1,0,55,40,4685748.0,275906.0,429661.0,,310900.0,-113097.0,,541700,Professional & Technical Services,1993-01-01
2014,42745179,3,"SYMMES MAINI & MCKEE ASSOCIATES, INC. EMPLOYEE STOCK OWNERSHIP PLAN","Symmes Maini & Mckee Associates, Inc.",Cambridge,MA,2138,2,,1,0,169,135,5226454.0,926425.0,304474.0,,265763.0,502627.0,5226354.0,541330,Professional & Technical Services,1988-01-01
2014,42745661,2,LESSARD TAYLOR COMMUNICATIONS INC EMPLOYEE STOCK OWNERSHIP PLAN,Lessard Taylor Communications Inc,Boston,MA,2210,2,,1,0,19,17,1312955.0,,,,101.0,-1076868.0,,541990,Professional & Technical Services,1998-11-01
2014,42746512,2,"MULLEN ADVERTISING, INC. EMPLOYEE STOCK OWNERSHIP PLAN","Mullen Advertising, Inc.",Boston,MA,21094308,2,,1,0,535,380,4036302.0,0.0,,,689597.0,-291387.0,1686651.0,,,1983-09-01
2014,42759985,2,SHAWMUT DESIGN AND CONSTRUCTION EMPLOYEE STOCK OWNERSHIP PLAN,Shawmut Design And Construction,Boston,MA,21182436,2,,1,0,1127,624,148597225.0,35345868.0,7548491.0,0.0,3753540.0,22726740.0,141801497.0,,,1997-12-01
2014,42772059,2,"BARCLAY WATER TREATMENT CO., INC. EMPLOYEE STOCK OWNERSHIP PLAN","Barclay Water Treatment Co., Inc.",Newton,MA,2458,2,,1,0,117,103,2813994.0,47984.0,200000.0,,24177.0,544480.0,,325900,Manufacturing,2009-10-01
2014,42774191,2,LAMPIN CORPORATION EMPLOYEE STOCK OWNERSHIP PLAN,Lampin Corporation,Uxbridge,MA,1569,2,,1,0,42,29,6308701.0,3385289.0,377892.0,,93996.0,681703.0,,333510,Manufacturing,2001-01-01
2014,42777442,3,CAMBRIDGE BANCORP EMPLOYEE STOCK OWNERSHIP PLAN,Cambridge Bancorp,Cambridge,MA,21383842,2,,1,0,276,202,16010088.0,383.0,355397.0,0.0,441850.0,2134886.0,15000991.0,522110,Finance & Insurance,1986-01-01
2014,42793755,4,THE CADMUS GROUP EMPLOYEE STOCK OWNERSHIP PLAN,The Cadmus Group,Waltham,MA,24518727,2,,1,0,467,271,23801009.0,7535043.0,1103084.0,0.0,741226.0,1150101.0,23801009.0,,,2002-05-01
2014,42804642,2,"REX CUT PRODUCTS, INC. EMPLOYEE STOCK OWNERSHIP PLAN","Rex Cut Products, Inc.",Fall River,MA,2722,2,,1,0,64,54,2280109.0,2186667.0,390728.0,,11123.0,624728.0,,339900,Manufacturing,2008-01-01
2014,42821431,2,"TIGHE & BOND, INC. EMPLOYEE STOCK OWNERSHIP PLAN","Tighe & Bond, Inc.",Westfield,MA,10855308,2,,1,0,253,237,9529090.0,0.0,930000.0,0.0,857007.0,1017328.0,8748450.0,541330,Professional & Technical Services,1997-10-01
2014,42837729,3,"NELCO PRODUCTS, INC. EMPLOYEE STOCK OWNERSHIP PLAN","Nelco Products, Inc.",Pembroke,MA,23591937,2,,1,0,44,32,6210635.0,3524429.0,491727.0,0.0,238056.0,245151.0,,423600,Wholesale Trade,2004-08-01
2014,42880295,2,"WEB INDUSTRIES, INC. EMPLOYEE STOCK OWNERSHIP PLAN","Web Industries, Inc.",Marlboro,MA,1752,2,,1,0,457,319,75904780.0,0.0,1682600.0,0.0,3185098.0,26722178.0,75187170.0,322200,Manufacturing,1984-10-01
2014,42883090,3,"WORLD PUBLICATIONS, INC. EMPLOYEE STOCK OWNERSHIP PLAN","World Publications, Inc.",East Bridgewater,MA,2333,2,,1,0,78,0,0.0,0.0,,,29045.0,-342369.0,,,,2000-01-01
2014,42887710,2,"PRELLWITZ / CHILINSKI ASSOCIATES, INC. EMPLOYEE STOCK OWNERSHIP PLAN","Prellwitz / Chilinski Associates, Inc.",Cambridge,MA,21391306,2,,1,0,61,43,2564789.0,2557646.0,219116.0,,21910.0,-1254912.0,,541310,Professional & Technical Services,2006-01-01
2014,42895731,2,"WORCESTER MANUFACTURING, INC. ESOP","Worcester Manufacturing, Inc.",Worcester,MA,1605,2,,1,0,42,43,3116000.0,2179869.0,106335.0,0.0,0.0,306398.0,,339900,Manufacturing,2012-01-01
2014,42925204,2,HARPOON BREWERY EMPLOYEE STOCK OWNERSHIP PLAN,Harpoon Brewery,Boston,MA,22102330,2,,1,0,170,151,35769000.0,55394687.0,1838462.0,,0.0,-19625687.0,34521839.0,312120,Manufacturing,2014-01-01
2014,42932946,2,"DARMANN ABRASIVE PRODUCTS, INC. EMPLOYEE STOCK OWNERSHIP PLAN","Darmann Abrasive Products, Inc.",Clinton,MA,15101914,2,,1,0,61,50,3579306.0,1438765.0,149620.0,,61217.0,747965.0,,327900,Manufacturing,1998-10-01
2014,42941854,2,"MIDDLETON & COMPANY, INC. EMPLOYEE STOCK OWNERSHIP PLAN","Middleton & Company, Inc.",Boston,MA,2210,2,,1,0,22,13,3577092.0,121365.0,285000.0,,262987.0,353676.0,,812990,Other Services,2003-01-01
2014,42942412,2,WASHBURN-GARFIELD CORPORATION EMPLOYEE STOCK OWNERSHIP PLAN,Washburn-Garfield Corporation,Worcester,MA,1605,2,,1,0,19,16,1097080.0,1294327.0,206233.0,,274.0,93756.0,,423700,Wholesale Trade,2007-11-01
2014,42969998,2,INTRAL CORPORATION EMPLOYEE STOCK OWNERSHIP PLAN,Intral Corporation,Boston,MA,2210,2,,1,0,19,16,261204.0,0.0,,,32157.0,-8980.0,,541990,Professional & Technical Services,1990-06-01
2014,42993095,2,"ENVIRONMENTAL HEALTH & ENGINEERING, INC. EMPLOYEE STOCK OWNERSHIP PLAN","Environmental Health & Engineering, Inc.",Needham,MA,24942725,2,,1,0,90,73,1216478.0,1426210.0,89498.0,0.0,0.0,52803.0,,541990,Professional & Technical Services,2010-01-01
2014,43005476,1,CAPE AIR/NANTUCKET AIRLINES KSOP RETIREMENT PLAN,CAPE AIR/NANTUCKET AIRLINES,Hyannis,MA,026011924,2,2E2F2G2I2J2K2O2T3I,1,1,1125,982,16348304.0,0.0,223945.0,825253.0,875106.0,1782264.0,5229386.0,481000,Transportation & Warehousing,1995-01-01
2014,43035339,2,"APPLIED MARKETING SCIENCE, INC EMPLOYEE STOCK OWNERSHIP PLAN","Applied Marketing Science, Inc",Waltham,MA,2451,2,,1,0,33,26,1856891.0,3779.0,498000.0,,13486.0,535810.0,,541110,Professional & Technical Services,2011-01-01
2014,43050515,2,"ENVIRONMENTAL COMPLIANCE SERVICES, INC. EMPLOYEE STOCK OWNERSHIP PLAN","Environmental Compliance Services, Inc.",Agawam,MA,1001,2,,1,0,174,122,1841955.0,108.0,74849.0,,47420.0,600324.0,1765536.0,,,2007-01-01
2014,43053085,3,"SCIENTIFIC SYSTEMS COMPANY, INC. EMPLOYEE STOCK OWNERSHIP PLAN","Scientific Systems Company, Inc.",Woburn,MA,1801,2,,1,0,38,31,1476681.0,1050331.0,240728.0,,57604.0,178441.0,,541600,Professional & Technical Services,2002-06-01
2014,43061714,2,"ISAACSON MILLER, INC. EMPLOYEE STOCK OWNERSHIP PLAN","Isaacson Miller, Inc.",Boston,MA,2210,2,,1,0,172,158,5398255.0,313577.0,1174086.0,,35220.0,1382216.0,3351797.0,561300,Administrative & Waste Services,2007-01-01
2014,43130634,3,"MARKET FORGE INDUSTRIES, INC. EMPLOYEE STOCK OWNERSHIP PLAN AND TRUST","Market Forge Industries, Inc.",Abington,MA,2351,2,,1,0,76,0,0.0,,,,2462495.0,-800000.0,,,,1993-11-01
2014,43130808,3,EAST BOSTON SAVINGS BANK EMPLOYEE STOCK OWNERSHIP PLAN,East Boston Savings Bank,Peabody,MA,1960,2,,1,0,493,411,40434962.0,22226040.0,1347985.0,,128270.0,6591025.0,40434950.0,522120,Finance & Insurance,2008-01-01
2014,43169205,2,"TATA & HOWARD, INC. EMPLOYEE STOCK OWNERSHIP PLAN","Tata & Howard, Inc.",Marlborough,MA,1752,2,,1,0,57,49,459001.0,416057.0,36866.0,,,42944.0,,541330,Professional & Technical Services,2014-01-01
2014,43175021,2,"BOSTON BRACE INTERNATIONAL, INC. EMPLOYEE STOCK OWNERSHIP PLAN","Boston Brace International, Inc.",Avon,MA,2322,2,,1,0,145,130,863683.0,497192.0,263287.0,,0.0,366491.0,655018.0,339110,Manufacturing,2014-01-01
2014,43223296,2,"OEM CONNECT, LTD EMPLOYEE STOCK OWNERSHIP PLAN","Oem Connect, Ltd",North Reading,MA,1864,2,,1,0,29,27,3932763.0,935529.0,331406.0,,,1248607.0,,322200,Manufacturing,2010-01-01
2014,43247749,3,DIAMOND ANTENNA AND MICROWAVE CORPORATION EMPLOYEE STOCK OWNERSHIP PLAN,Diamond Antenna And Microwave Corporation,Littleton,MA,1460,2,,1,0,75,54,1521510.0,0.0,38107.0,0.0,38107.0,-1292961.0,,335900,Manufacturing,2008-09-01
2014,43258366,2,SPEC EMPLOYEE STOCK OWNERSHIP PLAN,Spec,Burlington,MA,1803,2,,1,0,28,21,3114725.0,358612.0,63685.0,,4829.0,1120765.0,,541330,Professional & Technical Services,2010-01-01
2014,43297570,2,"EXPERT LASER SERVICES, INC. EMPLOYEE STOCK OWNERSHIP PLAN","Expert Laser Services, Inc.",Southbridge,MA,1550,2,,1,0,45,26,208001.0,0.0,,,64558.0,-160219.0,,,,2005-01-01
2014,43312097,9,HAMPDEN BANK EMPLOYEE STOCK OWNERSHIP PLAN & TRUST,Hampden Bank,Pittsfield,MA,12021308,2,,1,0,107,97,12282834.0,3881916.0,657015.0,0.0,220500.0,2988107.0,,522120,Finance & Insurance,2007-01-01
2014,43347358,3,"NEVO TECHNOLOGIES, INC EMPLOYEE STOCK OWNERSHIP PLAN","Nevo Technologies, Inc",Cambridge,MA,2138,2,,1,0,16,11,9610000.0,7511385.0,421485.0,,,566771.0,,541511,Professional & Technical Services,2009-01-01
2014,43401502,2,"CARNEY, SANDOE & ASSOCIATES EMPLOYEE STOCK OWNERSHIP PLAN","Carney, Sandoe & Associates",Boston,MA,2108,2,,1,0,28,25,9115000.0,8253082.0,10000.0,,,5806321.0,,561300,Administrative & Waste Services,2013-01-01
2014,43402944,3,"BROOKLINE BANCORP, INC EMPLOYEE STOCK OWNERSHIP PLAN","Brookline Bancorp, Inc",Boston,MA,2117,2,,1,0,640,561,10194233.0,2001914.0,363409.0,,462037.0,500024.0,9887373.0,522110,Finance & Insurance,1997-11-01
2014,43520315,2,"INTERACTION ASSOCIATES, INC. EMPLOYEE STOCK OWNERSHIP PLAN","Interaction Associates, Inc.",Boston,MA,2210,2,,1,0,84,50,1962268.0,1788344.0,345682.0,,71195.0,-1399197.0,,,,2009-01-01
2014,43537120,2,INFOSCITEX CORPORATION EMPLOYEE STOCK OWNERSHIP PL,Infoscitex Corporation,Littleton,MA,14602022,2,,1,0,22,0,85801.0,104.0,,,46415.0,-46415.0,,,,2007-01-01
2014,43577380,1,"LA CAPRA ASSOCIATES, INC. EMPLOYEE STOCK OWNERSHIP PLAN","La Capra Associates, Inc.",Boston,MA,2108,2,,1,0,31,21,1541310.0,150821.0,270063.0,,219592.0,409717.0,,541990,Professional & Technical Services,2001-08-29
2014,455603992,2,"SHIFT COMMUNICATIONS, INC. EMPLOYEE STOCK OWNERSHIP PLAN","Shift Communications, Inc.",Newton,MA,2458,2,,1,0,67,62,3440359.0,833333.0,354550.0,,3862.0,704663.0,,,,2012-07-26
2014,461793579,2,"CHARLES RIVER ANALYTICS, INC. EMPLOYEE STOCK OWNERSHIP PLAN","Charles River Analytics, Inc.",Cambridge,MA,2138,2,,1,0,111,123,15300000.0,15570000.0,1548696.0,,,5665000.0,,,,2012-10-01
2014,471008886,2,"CREATIVE FINANCIAL STAFFING, INC. EMPLOYEE STOCK OWNERSHIP PLAN","Creative Financial Staffing, Inc.",Boston,MA,2108,2,,1,0,561,561,9070000.0,1239831.0,217185.0,,0.0,7830169.0,9070000.0,561300,Administrative & Waste Services,2014-07-28
2014,471084653,2,"MIS TRAINING INSTITUTE HOLDINGS, INC. EMPLOYEE STOCK OWNERSHIP PLAN","Mis Training Institute Holdings, Inc.",Southboro,MA,1772,2,,1,0,31,30,4930.0,22859.0,2500.0,,,-17929.0,,,,2014-01-01
2014,521405842,3,"CENTRA TECHNOLOGY, INC. EMPLOYEE STOCK OWNERSHIP PLAN","Centra Technology, Inc.",Burlington,MA,1803,2,,1,0,455,323,13487866.0,507.0,38817.0,,1743519.0,-1330010.0,12704153.0,541330,Professional & Technical Services,2005-01-01
2014,731627673,3,"EMPLOYEE STOCK OWNERSHIP PLAN OF WESTFIELD FINANCIAL, INC.","Westfield Financial, Inc.",Westfield,MA,10852923,2,,1,0,209,166,15095549.0,8821958.0,952986.0,0.0,252994.0,129067.0,13649479.0,522120,Finance & Insurance,2002-01-01
2015,10367721,2,"NEW ENGLAND NATURAL BAKERS, INC. EMPLOYEE STOCK OWNERSHIP PLAN","New England Natural Bakers, Inc.",Greenfield,MA,1301,2,,1,0,50,37,1300000.0,2899056.0,211657.0,,1966.0,116830.0,,311800,Manufacturing,2012-01-01
2015,113672395,2,ARTEL VIDEO SYSTEMS CORPORATION EMPLOYEE STOCK OWNERSHIP PLAN,Artel Video Systems Corporation,Westford,MA,18863617,2,,1,0,37,37,3613046.0,5568402.0,787290.0,0.0,0.0,1809407.0,,334310,Manufacturing,2014-01-01
2015,201998367,2,"WESTON & SAMPSON, INC. EMPLOYEE STOCK OWNERSHIP PLAN","Weston & Sampson, Inc.",Peabody,MA,1960,2,,1,0,302,303,1285886.0,0.0,300000.0,,0.0,285886.0,,541330,Professional & Technical Services,2014-01-01
2015,203724403,2,VERTEX EMPLOYEE STOCK OWNERSHIP PLAN,Vertex,Weymouth,MA,2189,2,,1,0,216,183,18160000.0,22957610.0,1443002.0,,0.0,4338933.0,18160000.0,541330,Professional & Technical Services,2013-01-01
2015,204270900,1,PARAGUS STRATEGIC IT EMPLOYEE STOCK OWNERSHIP PLAN,Paragus Strategic It,Hadley,MA,1035,2,,1,0,46,41,0.0,0.0,,,,0.0,,541519,Professional & Technical Services,2015-01-01
2015,261697053,2,SCC AND INTEGRATED IT HOLDING CORP EMPLOYEE STOCK OWNERSHIP PLAN AND TRUST,Scc And Integrated It Holding Corp,Waltham,MA,24511703,2,,1,0,137,90,48020101.0,9798956.0,874178.0,0.0,0.0,22999252.0,48020000.0,,,2008-01-01
2015,311060347,1,STEVENSON & ASSOCIATES ESOP,Stevenson & Associates,Woburn,MA,18018804,2,,1,0,53,51,6762143.0,,304962.0,,9194.0,932433.0,,,,1989-01-01
2015,41078435,3,BELMONT SAVINGS BANK EMPLOYEE STOCK OWNERSHIP PLAN,Belmont Savings Bank,Belmont,MA,24782518,2,,1,0,119,102,10617680.0,4173097.0,239896.0,0.0,48630.0,2219951.0,,,,2011-01-01
2015,41110170,1,BOURNEUF CORPORATION EMPLOYEE STOCK OWNERSHIP PLAN,Bourneuf Corporation,Lynn,MA,19024402,2,,1,0,24,18,816717.0,0.0,0.0,0.0,0.0,53731.0,,423700,Wholesale Trade,1997-09-01
2015,41123740,3,BROCKWAY-SMITH COMPANY EMPLOYEE STOCK OWNERSHIP PLAN & TRUST,Brockway-Smith Company,Wilmington,MA,18871018,2,,1,0,108,93,5728442.0,,,,504332.0,328448.0,4669141.0,423300,Wholesale Trade,1976-01-01
2015,41174490,3,CHICOPEE SAVINGS BANK EMPLOYEE STOCK OWNERSHIP PLAN,Chicopee Savings Bank,Chicopee,MA,1014,2,,1,0,147,113,9418467.0,3926014.0,493453.0,,244325.0,380981.0,9275946.0,,,2006-01-01
2015,41203530,2,SPAULDING BRICK EMPLOYEE STOCK OWNERSHIP PLAN,Spaulding Brick,Wilmington,MA,1887,2,,1,0,38,24,7272770.0,876306.0,623464.0,,366361.0,654478.0,,423300,Wholesale Trade,1997-01-01
2015,412126830,2,BBN TECHNOLOGIES EMPLOYEE STOCK OWNERSHIP PLAN,Bbn Technologies,Cambridge,MA,2138,2,,1,0,718,269,995779.0,292.0,,,35.0,-7324.0,,,,2004-03-27
2015,41309690,4,FIDUCIARY TRUST COMPANY EMPLOYEE STOCK OWNERSHIP P,Fiduciary Trust Company,Boston,MA,21102289,2,,1,0,139,119,45037818.0,1756391.0,150000.0,,5673428.0,-3166741.0,44538495.0,523900,Finance & Insurance,1985-01-01
2015,41362840,3,GEORGETOWN SAVINGS BANK EMPLOYEE STOCK OWNERSHIP PLAN,Georgetown Savings Bank,Georgetown,MA,1833,2,,1,0,61,30,2702409.0,947212.0,87687.0,,19721.0,413861.0,,,,2005-01-01
2015,41366970,7,THE GILLETTE COMPANY EMPLOYEE STOCK OWNERSHIP PLAN,The Gillette Company,Boston,MA,2127,2,,1,0,1995,375,285283804.0,0.0,,,22454587.0,-57118830.0,282673315.0,332900,Manufacturing,1990-01-17
2015,41466100,3,BLUE HILLS BANK EMPLOYEE STOCK OWNERSHIP PLAN,Blue Hills Bank,Hyde Park,MA,2136,2,,1,0,148,158,34858848.0,21458854.0,1090769.0,,10327.0,4398781.0,34855848.0,522120,Finance & Insurance,2014-01-01
2015,41609810,4,MEETINGHOUSE BANK EMPLOYEE STOCK OWNERSHIP PLAN,Meetinghouse Bank,Dorchester,MA,2124,2,,1,0,28,23,589961.0,253187.0,89948.0,0.0,3187.0,99113.0,,,,2012-01-01
2015,41611080,2,MELROSE COOPERATIVE BANK EMPLOYEE STOCK OWNERSHIP PLAN,Melrose Cooperative Bank,Melrose,MA,2176,2,,1,0,22,21,3458872.0,2115703.0,116261.0,,,507792.0,,522190,Finance & Insurance,2014-07-01
2015,41682990,1,"NYE LUBRICANTS, INC. EMPLOYEE STOCK OWNERSHIP PLAN","Nye Lubricants, Inc.",Fairhaven,MA,27190000,2,,1,0,141,93,4420727.0,0.0,,,714823.0,-676714.0,4420727.0,325900,Manufacturing,2001-01-01
2015,41728400,2,PILGRIM BANK EMPLOYEE STOCK OWNERSHIP PLAN,Pilgrim Bank,Cohasset,MA,2025,2,,1,0,29,27,2121723.0,1682232.0,92414.0,0.0,0.0,207370.0,,,,2014-01-01
2015,41810570,2,SAVOGRAN COMPANY EMPLOYEE STOCK OWNERSHIP PLAN,Savogran Company,Norwood,MA,2062,2,,1,0,11,,3041133.0,,,,,21198.0,,325500,Manufacturing,1988-01-01
2015,41866480,2,THE L.S.STARRETT COMPANY EMPLOYEE STOCK OWNERSHIP PLAN,The L.S.Starrett Company,Athol,MA,13311915,2,,1,0,599,399,7380927.0,2000.0,,,536110.0,-2233319.0,7378471.0,332210,Manufacturing,1994-07-01
2015,42041237,3,"CHANNING BETE COMPANY, INC. EMPLOYEE STOCK OWNERSHIP PLAN","Channing Bete Company, Inc.",South Deerfield,MA,13730200,2,,1,0,184,119,25701930.0,4378203.0,1516952.0,,1356272.0,8087301.0,21126044.0,323100,Manufacturing,1996-01-01
2015,42044378,2,"WILLIAMS STONE CO. , INC. EMPLOYEE STOCK OWNERSHIP PLAN","Williams Stone Co. , Inc.",East Otis,MA,1029,2,,1,0,49,36,11490187.0,3320431.0,140785.0,,138736.0,-607865.0,,212310,"Mining, Oil & Gas",2005-01-01
2015,42079638,1,"HABERMAN INSURANCE GROUP, INC. 401(K) AND ESOP","Haberman Insurance Group, Inc.",West Springfield,MA,10891311,2,,1,1,25,18,1002738.0,,0.0,25958.0,74681.0,-8533.0,,,,1997-01-01
2015,42086300,2,FRASER ENGINEERING COMPANY EMPLOYEE STOCK OWNERSHIP PLAN,Fraser Engineering Company,Newton,MA,24609142,2,,1,0,102,60,128120.0,1990.0,118121.0,,118121.0,-1074343.0,,238220,Construction,2003-01-01
2015,42170946,2,"PAUL K. GUILLOW, INC. EMPLOYEE STOCK OWNERSHIP PLAN AND TRUST","Paul K. Guillow, Inc.",Wakefield,MA,18800329,2,,1,0,49,36,749011.0,0.0,33580.0,0.0,97510.0,-123797.0,,321900,Manufacturing,1986-11-01
2015,42188202,3,"WIREFAB, INC. EMPLOYEE STOCK OWNERSHIP PLAN","Wirefab, Inc.",Worcester,MA,1607,2,,1,0,34,34,2715975.0,7040.0,150000.0,,30875.0,196465.0,,332610,Manufacturing,1991-01-01
2015,42224182,2,ADCOLE CORPORATION EMPLOYEE STOCK OWNERSHIP PLAN,Adcole Corporation,Marlborough,MA,1752,2,,1,0,137,13,7334.0,,7334.0,,334155.0,-576446.0,,334500,Manufacturing,1995-01-01
2015,42259905,4,COUNTRY CURTAINS EMPLOYEE STOCK OWNERSHIP PLAN,Country Curtains,Stockbridge,MA,1262,2,,1,0,350,247,7614179.0,3804879.0,333212.0,0.0,1097753.0,-4716868.0,7608965.0,454110,Retail Trade,1995-07-01
2015,42264013,3,"D.N. LUKENS, INC. EMPLOYEE STOCK OWNERSHIP PLAN","D.N. Lukens, Inc.",Westboro,MA,15811023,2,,1,0,33,21,2867480.0,0.0,136054.0,0.0,201677.0,7715.0,,424600,Wholesale Trade,1977-01-01
2015,42272126,4,"CAPE COD LUMBER CO., INC. EMPLOYEE STOCK OWNERSHIP PLAN","Cape Cod Lumber Co., Inc.",Abington,MA,2351,2,,1,0,86,83,6103199.0,5105120.0,709660.0,,,398079.0,,423300,Wholesale Trade,2014-01-01
2015,42274728,3,FEINGOLD & FEINGOLD INSURANCE AGENCY INC. EMPLOYEE STOCK OWNERSHIP PLAN,Feingold & Feingold Insurance Agency Inc.,Worcester,MA,1608,2,,1,0,27,19,1018858.0,,39498.0,0.0,99772.0,-163515.0,,524210,Finance & Insurance,1988-01-01
2015,42278461,3,"RUSSELECTRIC, INC. EMPLOYEE STOCK OWNERSHIP PLAN","Russelectric, Inc.",Hingham,MA,2043,2,,1,0,420,288,6072598.0,0.0,159055.0,0.0,159055.0,2234059.0,0.0,335900,Manufacturing,2010-07-01
2015,42279997,4,THE COMREX CORPORATION EMPLOYEE STOCK OWNERSHIP PLAN,The Comrex Corporation,Devens,MA,14345068,2,,1,0,21,25,2834518.0,,190314.0,,,689286.0,,334310,Manufacturing,1997-07-01
2015,42298684,1,"THE MMR GROUP, INC. EMPLOYEE STOCK OWNERSHIP PLAN","The Mmr Group, Inc.",West Boylston,MA,15832115,2,,1,0,61,41,5900416.0,416.0,236906.0,,236906.0,700000.0,,339900,Manufacturing,1975-07-01
2015,42301242,3,"GOODY, CLANCY AND ASSOCIATES EMPLOYEE STOCK OWNERSHIP PLAN","Goody, Clancy And Associates",Boston,MA,2116,2,,1,0,117,46,1259040.0,0.0,76702.0,0.0,76702.0,-1606960.0,1259040.0,541310,Professional & Technical Services,1987-07-01
2015,42318619,2,TRO CORPORATION EMPLOYEE STOCK OWNERSHIP PLAN AND TRUST,Tro Corporation,Boston,MA,2110,2,,1,0,148,114,322250.0,0.0,11098.0,,12252.0,-204010.0,309658.0,,,2013-10-01
2015,42323460,1,"ECONOCORP, INC. EMPLOYEE STOCK OWNERSHIP PLAN","Econocorp, Inc.",Randolph,MA,2368,2,,1,0,36,31,272971.0,,,,,0.0,,333200,Manufacturing,1991-07-01
2015,42324804,2,TECH-ETCH EMPLOYEE STOCK OWNERSHIP PLAN,Tech-Etch,Plymouth,MA,23604803,2,,1,0,516,462,11958852.0,0.0,480000.0,0.0,1807020.0,-658825.0,11779460.0,332900,Manufacturing,1999-03-01
2015,42347643,2,ABT ASSOCIATES INC. EMPLOYEES STOCK OWNERSHIP PLAN,ABT ASSOCIATES INC.,Cambridge,MA,021381192,2,2I2O2Q3H3I,1,0,3728,1925,121274242.0,136342.0,6042327.0,0.0,6030295.0,8983260.0,121137900.0,541600,Professional & Technical Services,1975-01-01
2015,42348065,2,JANIS RESEARCH EMPLOYEE STOCK OWNERSHIP PLAN AND TRUST,Janis Research,Woburn,MA,18012025,2,,1,0,107,72,7319771.0,,,,479582.0,2075901.0,,339900,Manufacturing,1999-01-01
2015,42372206,1,STREM CHEMICALS INC. 401K AND ESOP,Strem Chemicals Inc.,Newburyport,MA,19504019,2,,1,1,72,64,11904165.0,,88029.0,272868.0,199064.0,-372637.0,,325100,Manufacturing,2001-01-01
2015,42389826,4,"NEW ENGLAND CONTROLS, INC. EMPLOYEE STOCK OWNERSHIP PLAN","New England Controls, Inc.",Mansfield,MA,2048,2,,1,0,142,124,12891355.0,950.0,896400.0,0.0,417800.0,1160012.0,7868116.0,423990,Wholesale Trade,1986-01-01
2015,42399903,2,"THE BSC COMPANIES, INC. EMPLOYEE STOCK OWNERSHIP PLAN","The Bsc Companies, Inc.",Boston,MA,21271616,2,,1,0,141,46,434334.0,0.0,,,252677.0,-245535.0,418465.0,541330,Professional & Technical Services,1979-01-01
2015,42444641,1,"NATHAN SALLOP INSURANCE AGENCY, INC. ESOP","Nathan Sallop Insurance Agency, Inc.",Boston,MA,21144721,2,,1,0,18,16,3381735.0,,250000.0,,259180.0,296610.0,,524210,Finance & Insurance,2002-01-01
2015,42445292,2,"FRED C. CHURCH, INC. EMPLOYEES' STOCK OWNERSHIP PLAN AND TRUST","FRED C. CHURCH,INC.",Lowell,MA,01851,2,2O2Q,1,0,137,122,20946356.0,,400000.0,,417690.0,2685942.0,16127480.0,524210,Finance & Insurance,1975-01-01
2015,42453189,2,ARC/ARCHITECTURAL RESOURCES CAMBRIDGE EMPLOYEE STOCK OWNERSHIP PLAN,Arc/Architectural Resources Cambridge,Boston,MA,2116,2,,1,0,69,51,1598227.0,0.0,205000.0,,210609.0,-143987.0,,541310,Professional & Technical Services,1999-01-01
2015,42453227,3,"VISIDYNE, INCORPORATED EMPLOYEE STOCK OWNERSHIP PLAN","Visidyne, Incorporated",Burlington,MA,18035145,2,,1,0,41,18,4936.0,0.0,,,534.0,-534.0,,,,1988-10-01
2015,42460805,2,DANAFILMS EMPLOYEE STOCK OWNERSHIP PLAN,Danafilms,Westborough,MA,1581,2,,1,0,117,0,1577166.0,84388.0,,,,5039.0,,326100,Manufacturing,2003-11-01
2015,42471226,2,"AERODYNE RESEARCH, INC. EMPLOYEE STOCK OWNERSHIP PLAN","Aerodyne Research, Inc.",Billerica,MA,18213934,2,,1,0,74,71,6578831.0,0.0,304001.0,0.0,161553.0,920901.0,,541700,Professional & Technical Services,1985-11-26
2015,42472856,2,JAMES MONROE CORP. ESOP,James Monroe Corp.,South Lancaster,MA,1561,2,,1,0,91,83,2330818.0,,225234.0,,272253.0,-53327.0,,339900,Manufacturing,1999-11-01
2015,42482120,3,CONCORD LUMBER CORP. EMPLOYEE STOCK OWNERSHIP PLAN & TRUST,Concord Lumber Corp.,Littleton,MA,1460,2,,1,0,202,97,7256104.0,0.0,,,641892.0,-436873.0,7248489.0,444190,Retail Trade,1996-04-01
2015,42488241,2,ADD INC. EMPLOYEE STOCK OWNERSHIP PLAN,Add Inc.,Boston,MA,2210,2,,1,0,146,0,273631.0,0.0,0.0,0.0,14470804.0,-14466793.0,0.0,,,1989-01-01
2015,42501424,2,B&B ENGINEERING CORPORATION EMPLOYEE STOCK OWNERSHIP PLAN,B&B Engineering Corporation,Georgetown,MA,1833,2,,1,0,20,19,710000.0,1395486.0,96563.0,,,539514.0,,334200,Manufacturing,2014-01-01
2015,42513930,3,F. H. CHASE INC. EMPLOYEE STOCK OWNERSHIP PLAN,F. H. Chase Inc.,Taunton,MA,27801070,2,,1,0,18,13,329312.0,23.0,,,,0.0,,,,2001-01-01
2015,42514329,3,"CENTRAL COATING CO., INC. EMPLOYEE STOCK OWNERSHIP PLAN","Central Coating Co., Inc.",West Boylston,MA,1583,2,,1,0,51,44,5253000.0,24959.0,355717.0,,346672.0,263689.0,,326100,Manufacturing,2004-01-01
2015,42517090,2,PHYSICAL SCIENCES INC. EMPLOYEE STOCK OWNERSHIP PLAN,Physical Sciences Inc.,Andover,MA,1810,2,,1,0,259,149,29596352.0,0.0,2492067.0,,3113168.0,-34633.0,28905566.0,541700,Professional & Technical Services,1988-07-01
2015,42547913,2,ATLANTIC PLYWOOD CORPORATION EMPLOYEE STOCK OWNERSHIP PLAN,Atlantic Plywood Corporation,Woburn,MA,18016208,2,,1,0,189,168,22294887.0,2725151.0,431529.0,,141421.0,5629861.0,22294887.0,423300,Wholesale Trade,2008-01-01
2015,42550058,2,INTERNATIONAL CARS EMPLOYEE STOCK OWNERSHIP PLAN,International Cars,Danvers,MA,1923,2,,1,0,271,181,3927439.0,523547.0,0.0,,164002.0,-9270.0,3813973.0,441110,Retail Trade,2000-01-01
2015,42552515,2,"HARTNEY GREYMONT, INC. EMPLOYEE STOCK OWNERSHIP PL","Hartney Greymont, Inc.",Needham,MA,24922822,2,,1,0,44,0,0.0,,,,113853.0,-66150.0,,,,1987-01-01
2015,42556035,2,LANDRY'S BICYCLES EMPLOYEE STOCK OWNERSHIP PLAN,Landry'S Bicycles,Natick,MA,1760,2,,1,0,87,65,947516.0,,,,,-101546.0,,451110,Retail Trade,2009-10-01
2015,42557451,3,DAVID CLARK COMPANY INCORPORATED EMPLOYEE STOCK OWNERSHIP PLAN,David Clark Company Incorporated,Worcester,MA,16150054,2,,1,0,251,214,90250000.0,5101544.0,1421308.0,,933690.0,9696240.0,90250000.0,339900,Manufacturing,2007-01-01
2015,42597651,1,"INTERNATIONAL DATA GROUP, INC. EMPLOYEE STOCK OWNERSHIP PLAN","International Data Group, Inc.",Framingham,MA,17014674,2,,1,0,1398,1015,30772976.0,71337.0,0.0,0.0,2461146.0,-9532142.0,30606358.0,511190,Information & Technology,1976-01-01
2015,42624147,5,"ELECTRO-TERM, INC. EMPLOYEE STOCK OWNERSHIP PLAN (ESOP)","Electro-Term, Inc.",Springfield,MA,1118,2,,1,0,59,30,1244173.0,,,,11230.0,76869.0,,423600,Wholesale Trade,2008-01-01
2015,42631963,3,"NEW ENGLAND BIOLABS, INC EMPLOYEE STOCK OWNERSHIP PLAN","New England Biolabs, Inc",Ipswich,MA,1938,2,,1,0,349,309,223504381.0,1328399.0,5303902.0,0.0,17372624.0,21922059.0,99807823.0,325100,Manufacturing,1985-10-01
2015,42637381,2,"QUIRK WIRE CO., INC. EMPLOYEE STOCK OWNERSHIP PLAN","Quirk Wire Co., Inc.",West Brookfield,MA,1585,2,,1,0,54,36,11243231.0,628841.0,655211.0,,510091.0,963122.0,,332610,Manufacturing,2003-01-01
2015,42699206,3,"PACKAGING CONSULTANTS, INC. EMPLOYEE STOCK OWNERSHIP PLAN & TRUST","Packaging Consultants, Inc.",New Bedford,MA,27451118,2,,1,0,11,10,216838.0,0.0,0.0,0.0,0.0,14523.0,,424990,Wholesale Trade,1990-02-01
2015,42717456,2,ATLANTIC FASTENERS EMPLOYEE STOCK OWNERSHIP PLAN,Atlantic Fasteners,Agawam,MA,10011068,2,,1,0,54,0,4708110.0,0.0,300075.0,,9190508.0,-6660605.0,,,,2005-01-01
2015,42718570,3,"SPECTRAL SCIENCES, INC. EMPLOYEE STOCK OWNERSHIP PLAN","Spectral Sciences, Inc.",Burlington,MA,18033304,2,,1,0,55,39,4406971.0,176308.0,285335.0,,171424.0,-179179.0,,541700,Professional & Technical Services,1993-01-01
2015,42745179,3,"SYMMES MAINI & MCKEE ASSOCIATES, INC. EMPLOYEE STOCK OWNERSHIP PLAN","Symmes Maini & Mckee Associates, Inc.",Cambridge,MA,2138,2,,1,0,157,146,4685033.0,687733.0,290396.0,,541424.0,-302729.0,4684933.0,541330,Professional & Technical Services,1988-01-01
2015,42745661,2,LESSARD TAYLOR COMMUNICATIONS INC EMPLOYEE STOCK OWNERSHIP PLAN,Lessard Taylor Communications Inc,Boston,MA,2210,2,,1,0,18,17,853715.0,,,,178406.0,-459240.0,,541990,Professional & Technical Services,1998-11-01
2015,42746512,2,"MULLEN ADVERTISING, INC. EMPLOYEE STOCK OWNERSHIP PLAN","Mullen Advertising, Inc.",Boston,MA,21094308,2,,1,0,525,461,4207661.0,0.0,,,65327.0,171359.0,1880504.0,,,1983-09-01
2015,42759985,2,SHAWMUT DESIGN AND CONSTRUCTION EMPLOYEE STOCK OWNERSHIP PLAN,Shawmut Design And Construction,Boston,MA,21182436,2,,1,0,1235,740,175575247.0,50168888.0,6807620.0,0.0,18965782.0,12212871.0,167834595.0,,,1997-12-01
2015,42772059,2,"BARCLAY WATER TREATMENT CO., INC. EMPLOYEE STOCK OWNERSHIP PLAN","Barclay Water Treatment Co., Inc.",Newton,MA,2458,2,,1,0,153,105,5959544.0,5726575.0,385773.0,,38295.0,-2533041.0,5954637.0,325900,Manufacturing,2009-10-01
2015,42774191,2,LAMPIN CORPORATION EMPLOYEE STOCK OWNERSHIP PLAN,Lampin Corporation,Uxbridge,MA,1569,2,,1,0,45,28,5777334.0,3145676.0,405492.0,,232106.0,-291754.0,,333510,Manufacturing,2001-01-01
2015,42777442,3,CAMBRIDGE BANCORP EMPLOYEE STOCK OWNERSHIP PLAN,Cambridge Bancorp,Cambridge,MA,21383842,2,,1,0,284,195,17438322.0,1488.0,320000.0,0.0,606519.0,1427129.0,16451620.0,522110,Finance & Insurance,1986-01-01
2015,42793755,4,THE CADMUS GROUP EMPLOYEE STOCK OWNERSHIP PLAN,The Cadmus Group,Waltham,MA,24518727,2,,1,0,455,270,26000815.0,6781539.0,1070770.0,0.0,713298.0,2953310.0,26000815.0,,,2002-05-01
2015,42803764,2,"CHARLES RIVER ANALYTICS, INC. EMPLOYEE STOCK OWNERSHIP PLAN","Charles River Analytics, Inc.",Cambridge,MA,2138,2,,1,0,138,131,16900000.0,14705000.0,1514480.0,,1768.0,2465000.0,16900000.0,541511,Professional & Technical Services,2012-10-01
2015,42804642,2,"REX CUT PRODUCTS, INC. EMPLOYEE STOCK OWNERSHIP PLAN","Rex Cut Products, Inc.",Fall River,MA,2722,2,,1,0,67,55,2024016.0,1913638.0,385282.0,,17484.0,16936.0,,339900,Manufacturing,2008-01-01
2015,42821431,2,"TIGHE & BOND, INC. EMPLOYEE STOCK OWNERSHIP PLAN","Tighe & Bond, Inc.",Westfield,MA,10855308,2,,1,0,264,243,10255860.0,0.0,930000.0,0.0,591365.0,901181.0,9309150.0,541330,Professional & Technical Services,1997-10-01
2015,42837729,3,"NELCO PRODUCTS, INC. EMPLOYEE STOCK OWNERSHIP PLAN","Nelco Products, Inc.",Pembroke,MA,23591937,2,,1,0,45,32,7173665.0,3326514.0,540472.0,0.0,183958.0,1160945.0,,423600,Wholesale Trade,2004-08-01
2015,42880295,2,"WEB INDUSTRIES, INC. EMPLOYEE STOCK OWNERSHIP PLAN","Web Industries, Inc.",Marlboro,MA,17524715,2,,1,0,490,357,112351483.0,658.0,2392230.0,0.0,5449824.0,36446045.0,111832380.0,322200,Manufacturing,1984-10-01
2015,42887710,2,"PRELLWITZ / CHILINSKI ASSOCIATES, INC. EMPLOYEE STOCK OWNERSHIP PLAN","Prellwitz / Chilinski Associates, Inc.",Cambridge,MA,21391306,2,,1,0,73,43,3583764.0,2423057.0,212840.0,,39473.0,1153564.0,,541310,Professional & Technical Services,2006-01-01
2015,42895731,2,"WORCESTER MANUFACTURING, INC. ESOP","Worcester Manufacturing, Inc.",Worcester,MA,1605,2,,1,0,44,40,2794000.0,1791363.0,115952.0,0.0,8102.0,66506.0,,339900,Manufacturing,2012-01-01
2015,42925204,2,HARPOON BREWERY EMPLOYEE STOCK OWNERSHIP PLAN,Harpoon Brewery,Boston,MA,22102330,2,,1,0,182,161,39816856.0,51266078.0,1635723.0,,0.0,8176465.0,38909973.0,312120,Manufacturing,2014-01-01
2015,42932946,2,"DARMANN ABRASIVE PRODUCTS, INC. EMPLOYEE STOCK OWNERSHIP PLAN","Darmann Abrasive Products, Inc.",Clinton,MA,15101914,2,,1,0,57,51,4679125.0,1327372.0,149620.0,,35423.0,1211212.0,,327900,Manufacturing,1998-10-01
2015,42941854,2,"MIDDLETON & COMPANY, INC. EMPLOYEE STOCK OWNERSHIP PLAN","Middleton & Company, Inc.",Boston,MA,2210,2,,1,0,22,12,2696997.0,102997.0,265000.0,,171681.0,-861727.0,,812990,Other Services,2003-01-01
2015,42942412,2,WASHBURN-GARFIELD CORPORATION EMPLOYEE STOCK OWNERSHIP PLAN,Washburn-Garfield Corporation,Worcester,MA,1605,2,,1,0,19,16,1276182.0,1156339.0,241233.0,,1036.0,317090.0,,423700,Wholesale Trade,2007-11-01
2015,42943867,2,"SWISSTURN/USA, INC. EMPLOYEE STOCK OWNERSHIP PLAN","Swissturn/Usa, Inc.",Oxford,MA,1540,2,,1,0,39,36,1249500.0,1249500.0,,,,0.0,,332700,Manufacturing,2015-01-01
2015,42969998,2,INTRAL CORPORATION EMPLOYEE STOCK OWNERSHIP PLAN,Intral Corporation,Boston,MA,2210,2,,1,0,27,23,296834.0,,,,,35630.0,,541990,Professional & Technical Services,1990-06-01
2015,42993095,2,"ENVIRONMENTAL HEALTH & ENGINEERING, INC. EMPLOYEE STOCK OWNERSHIP PLAN","Environmental Health & Engineering, Inc.",Needham,MA,24942725,2,,1,0,92,71,1399912.0,1307419.0,151899.0,0.0,0.0,302225.0,,541990,Professional & Technical Services,2010-01-01
2015,43005476,1,CAPE AIR/NANTUCKET AIRLINES KSOP RETIREMENT PLAN,CAPE AIR/NANTUCKET AIRLINES,Hyannis,MA,026011924,2,2E2F2G2I2J2K2O2T3I,1,1,1399,934,19329615.0,,2070327.0,913211.0,1302435.0,2981311.0,8027103.0,481000,Transportation & Warehousing,1995-01-01
2015,43024663,3,ACENTECH INCORPORATED EMPLOYEE STOCK OWNERSHIP PLAN,Acentech Incorporated,Cambridge,MA,2138,2,,1,0,49,45,750000.0,0.0,750000.0,,,750000.0,,541990,Professional & Technical Services,2015-10-01
2015,43035339,2,"APPLIED MARKETING SCIENCE, INC EMPLOYEE STOCK OWNERSHIP PLAN","Applied Marketing Science, Inc",Waltham,MA,2451,2,,1,0,31,23,1886498.0,60.0,401074.0,,8120.0,33326.0,,541110,Professional & Technical Services,2011-01-01
2015,43050515,2,"ENVIRONMENTAL COMPLIANCE SERVICES, INC. EMPLOYEE STOCK OWNERSHIP PLAN","Environmental Compliance Services, Inc.",Agawam,MA,1001,2,,1,0,176,172,2376062.0,108.0,180000.0,,203875.0,534107.0,2323518.0,,,2007-01-01
2015,43053085,3,"SCIENTIFIC SYSTEMS COMPANY, INC. EMPLOYEE STOCK OWNERSHIP PLAN","Scientific Systems Company, Inc.",Woburn,MA,1801,2,,1,0,37,29,1617783.0,687120.0,415728.0,,58849.0,504313.0,,541600,Professional & Technical Services,2002-06-01
2015,43061714,2,"ISAACSON MILLER, INC. EMPLOYEE STOCK OWNERSHIP PLAN","Isaacson Miller, Inc.",Boston,MA,2210,2,,1,0,196,172,7827898.0,3209532.0,699086.0,,7764.0,-466312.0,7263285.0,561300,Administrative & Waste Services,2007-01-01
2015,43071690,2,"MERIDIAN ASSOCIATES, INC. EMPLOYEE STOCK OWNERSHIP PLAN","Meridian Associates, Inc.",Beverly,MA,1915,2,,1,0,34,27,400000.0,0.0,400000.0,,,400000.0,,541330,Professional & Technical Services,2015-01-01
2015,43130808,3,EAST BOSTON SAVINGS BANK EMPLOYEE STOCK OWNERSHIP PLAN,East Boston Savings Bank,Peabody,MA,1960,2,,1,0,529,404,50365712.0,21600402.0,1260293.0,,523870.0,10556388.0,50239569.0,522120,Finance & Insurance,2008-01-01
2015,43169205,2,"TATA & HOWARD, INC. EMPLOYEE STOCK OWNERSHIP PLAN","Tata & Howard, Inc.",Marlborough,MA,1752,2,,1,0,69,60,1470001.0,391707.0,36832.0,,,1035350.0,,541330,Professional & Technical Services,2014-01-01
2015,43175021,2,"BOSTON BRACE INTERNATIONAL, INC. EMPLOYEE STOCK OWNERSHIP PLAN","Boston Brace International, Inc.",Avon,MA,2322,2,,1,0,149,129,1539105.0,712890.0,266262.0,,12381.0,459724.0,1298378.0,339110,Manufacturing,2014-01-01
2015,43221989,2,"RCM SERVICES, INC. EMPLOYEE STOCK OWNERSHIP PLAN","Rcm Services, Inc.",Allston,MA,2134,2,,1,0,63,54,5500000.0,4984328.0,515672.0,,,515672.0,,561720,Administrative & Waste Services,2015-01-01
2015,43223296,2,"OEM CONNECT, LTD EMPLOYEE STOCK OWNERSHIP PLAN","Oem Connect, Ltd",North Reading,MA,1864,2,,1,0,36,29,4913294.0,638954.0,531406.0,,8036.0,1277106.0,,322200,Manufacturing,2010-01-01
2015,43247749,3,DIAMOND ANTENNA AND MICROWAVE CORPORATION EMPLOYEE STOCK OWNERSHIP PLAN,Diamond Antenna And Microwave Corporation,Littleton,MA,1460,2,,1,0,75,49,4865552.0,0.0,38851.0,0.0,38851.0,3344042.0,,335900,Manufacturing,2008-09-01
2015,43258366,2,SPEC EMPLOYEE STOCK OWNERSHIP PLAN,Spec,Burlington,MA,18033404,2,,1,0,31,25,2562535.0,299757.0,65000.0,0.0,0.0,-493335.0,,541330,Professional & Technical Services,2010-01-01
2015,43297570,2,"EXPERT LASER SERVICES, INC. EMPLOYEE STOCK OWNERSHIP PLAN","Expert Laser Services, Inc.",Southbridge,MA,1550,2,,1,0,33,39,201959.0,0.0,,,27002.0,-6042.0,,,,2005-01-01
2015,43312097,9,HAMPDEN BANK EMPLOYEE STOCK OWNERSHIP PLAN & TRUST,Hampden Bank,Pittsfield,MA,12021308,2,,1,0,112,0,0.0,0.0,0.0,,9869118.0,-8400918.0,,522120,Finance & Insurance,2007-01-01
2015,43347358,3,"NEVO TECHNOLOGIES, INC EMPLOYEE STOCK OWNERSHIP PLAN","Nevo Technologies, Inc",Cambridge,MA,2138,2,,1,0,17,14,9690000.0,7125849.0,544800.0,,1446.0,465536.0,,541511,Professional & Technical Services,2009-01-01
2015,43401502,2,"CARNEY, SANDOE & ASSOCIATES EMPLOYEE STOCK OWNERSHIP PLAN","Carney, Sandoe & Associates",Boston,MA,2108,2,,1,0,27,23,10070755.0,7157993.0,1622835.0,,4105.0,2050844.0,,561300,Administrative & Waste Services,2013-01-01
2015,43402944,3,"BROOKLINE BANCORP, INC EMPLOYEE STOCK OWNERSHIP PLAN","Brookline Bancorp, Inc",Boston,MA,2117,2,,1,0,692,565,11154840.0,1751914.0,359023.0,,685681.0,1210607.0,10843074.0,522110,Finance & Insurance,1997-11-01
2015,43497377,3,THE PROVIDENT BANK EMPLOYEE STOCK OWNERSHIP PLAN,The Provident Bank,Amesbury,MA,1913,2,,1,0,0,89,4639405.0,3325803.0,299461.0,,0.0,1313602.0,,522120,Finance & Insurance,2015-01-01
2015,43520315,2,"INTERACTION ASSOCIATES, INC. EMPLOYEE STOCK OWNERSHIP PLAN","Interaction Associates, Inc.",Boston,MA,2210,2,,1,0,70,35,1946070.0,1639041.0,331300.0,,56813.0,133105.0,,,,2009-01-01
2015,43531186,2,"WOODLAND PARTNERS, INC. EMPLOYEE STOCK OWNERSHIP PLAN","Woodland Partners, Inc.",Walpole,MA,2081,2,,1,0,24,24,3552000.0,,,,,3552000.0,,424400,Wholesale Trade,2015-01-01
2015,43533865,2,"VALLEY GREEN, INC. EMPLOYEE STOCK OWNERSHIP PLAN","Valley Green, Inc.",Holyoke,MA,1040,2,,1,0,28,32,905300.0,819300.0,86000.0,0.0,0.0,86000.0,,444200,Retail Trade,2015-01-01
2015,43537120,2,INFOSCITEX CORPORATION EMPLOYEE STOCK OWNERSHIP PL,Infoscitex Corporation,Littleton,MA,14602022,2,,1,0,15,0,39910.0,104.0,,,45891.0,-45891.0,,,,2007-01-01
2015,43577380,1,"DAYMARK ENERGY ADVISORS, INC. EMPLOYEE STOCK OWNERSHIP PLAN","Daymark Energy Advisors, Inc.",Boston,MA,2108,2,,1,0,23,21,2235270.0,100719.0,349858.0,,19675.0,744062.0,,541990,Professional & Technical Services,2001-08-29
2015,455603992,2,"SHIFT COMMUNICATIONS, INC. EMPLOYEE STOCK OWNERSHIP PLAN","Shift Communications, Inc.",Newton,MA,2458,2,,1,0,104,75,4618446.0,666667.0,121543.0,,55069.0,1344753.0,,,,2012-07-26
2015,463044208,4,THE L.S. STARRETT COMPANY 2013 EMPLOYEE STOCK OWNERSHIP PLAN AND TRUST,The L.S. Starrett Company,Athol,MA,13311915,2,,1,0,811,626,864965.0,100.0,,,67003.0,-269801.0,864861.0,322100,Manufacturing,2013-02-05
2015,471008886,2,"CREATIVE FINANCIAL STAFFING, INC. EMPLOYEE STOCK OWNERSHIP PLAN","Creative Financial Staffing, Inc.",Boston,MA,2110,2,,1,0,561,519,18623709.0,1183269.0,110272.0,,0.0,9610271.0,18620000.0,561300,Administrative & Waste Services,2014-07-28
2015,521405842,3,"CENTRA TECHNOLOGY, INC. EMPLOYEE STOCK OWNERSHIP PLAN","Centra Technology, Inc.",Burlington,MA,1803,2,,1,0,438,314,12313659.0,0.0,40051.0,,1437888.0,-1173700.0,11560807.0,541330,Professional & Technical Services,2005-01-01
2015,651174540,2,SEAL-RYT CORP. EMPLOYEE STOCK OWNERSHIP PLAN AND TRUST,Seal-Ryt Corp.,Westfield,MA,1085,2,,1,0,22,19,135000.0,,135000.0,,,135000.0,,238290,Construction,2015-01-01
2015,731627673,3,"EMPLOYEE STOCK OWNERSHIP PLAN OF WESTFIELD FINANCIAL, INC.","Westfield Financial, Inc.",Westfield,MA,10852923,2,,1,0,209,168,16537149.0,8375176.0,1027577.0,0.0,675986.0,1888382.0,15265051.0,522120,Finance & Insurance,2002-01-01
2016,10367721,2,"NEW ENGLAND NATURAL BAKERS, INC. EMPLOYEE STOCK OWNERSHIP PLAN","New England Natural Bakers, Inc.",Greenfield,MA,1301,2,,1,0,46,33,1251202.0,2765043.0,218873.0,,9182.0,85215.0,,311800,Manufacturing,2012-01-01
2016,113672395,2,ARTEL VIDEO SYSTEMS CORPORATION EMPLOYEE STOCK OWNERSHIP PLAN,Artel Video Systems Corporation,Westford,MA,18863617,2,,1,0,40,31,3357046.0,5020283.0,715171.0,0.0,0.0,292119.0,,334310,Manufacturing,2014-01-01
2016,201998367,2,"WESTON & SAMPSON, INC. EMPLOYEE STOCK OWNERSHIP PLAN","Weston & Sampson, Inc.",Peabody,MA,1960,2,,1,0,358,333,1700400.0,0.0,400000.0,,16933.0,414514.0,,541330,Professional & Technical Services,2014-01-01
2016,203724403,2,VERTEX EMPLOYEE STOCK OWNERSHIP PLAN,Vertex,Weymouth,MA,2189,2,,1,0,244,225,23200000.0,22276800.0,1445212.0,,2209.0,5720810.0,23200000.0,541330,Professional & Technical Services,2013-01-01
2016,204270900,1,PARAGUS STRATEGIC IT EMPLOYEE STOCK OWNERSHIP PLAN,Paragus Strategic It,Hadley,MA,1035,2,,1,0,54,48,1462000.0,1615099.0,74938.0,,,-153099.0,,541519,Professional & Technical Services,2015-01-01
2016,261697053,2,SCC AND INTEGRATED IT HOLDING CORP EMPLOYEE STOCK OWNERSHIP PLAN AND TRUST,Scc And Integrated It Holding Corp,Waltham,MA,24511703,2,,1,0,159,109,58215659.0,9218468.0,1141371.0,0.0,208640.0,10776046.0,58210000.0,,,2008-01-01
2016,263038320,2,"AVWATCH, INC. EMPLOYEE STOCK OWNERSHIP PLAN","Avwatch, Inc.",Plymouth,MA,2360,2,,1,0,9,9,31000.0,,31000.0,,,31000.0,,541370,Professional & Technical Services,2016-01-01
2016,311060347,1,STEVENSON & ASSOCIATES ESOP,Stevenson & Associates,Wakefield,MA,18801321,2,,1,0,65,0,1261551.0,,78646.0,,8414918.0,-5500592.0,,,,1989-01-01
2016,364488912,1,"ASHWORTH INTERNATIONAL, INC. EMPLOYEE STOCK OWNERSHIP PLAN","Ashworth International, Inc.",Fall River,MA,2721,2,,1,0,124,127,1852852.0,,1852852.0,,,1852852.0,,551112,Management of Companies,2016-01-01
2016,41078435,3,BELMONT SAVINGS BANK EMPLOYEE STOCK OWNERSHIP PLAN,Belmont Savings Bank,Belmont,MA,24782518,2,,1,0,127,98,13055796.0,4071182.0,246633.0,0.0,70317.0,2540031.0,13055796.0,,,2011-01-01
2016,41110170,1,BOURNEUF CORPORATION EMPLOYEE STOCK OWNERSHIP PLAN,Bourneuf Corporation,Lynn,MA,19024402,2,,1,0,22,20,826680.0,,0.0,0.0,2326.0,9963.0,,423700,Wholesale Trade,1997-09-01
2016,41123040,3,HARBORONE BANK EMPLOYEE STOCK OWNERSHIP PLAN,Harborone Bank,Brockton,MA,2301,2,,1,0,0,335,22960216.0,11261096.0,821388.0,0.0,0.0,11699120.0,22960216.0,522130,Finance & Insurance,2016-01-01
2016,41123740,3,BROCKWAY-SMITH COMPANY EMPLOYEE STOCK OWNERSHIP PLAN & TRUST,Brockway-Smith Company,Wilmington,MA,18871018,2,,1,0,104,91,7158509.0,,,,175990.0,1430067.0,6108507.0,423300,Wholesale Trade,1976-01-01
2016,41174490,3,CHICOPEE SAVINGS BANK EMPLOYEE STOCK OWNERSHIP PLAN,Chicopee Savings Bank,Chicopee,MA,1014,2,,1,0,141,80,7104691.0,0.0,,,315342.0,1612238.0,6891661.0,,,2006-01-01
2016,41203530,2,SPAULDING BRICK EMPLOYEE STOCK OWNERSHIP PLAN,Spaulding Brick,Wilmington,MA,1887,2,,1,0,41,25,7544789.0,625000.0,530873.0,,546200.0,766405.0,,423300,Wholesale Trade,1997-01-01
2016,412126830,2,BBN TECHNOLOGIES EMPLOYEE STOCK OWNERSHIP PLAN,Bbn Technologies,Cambridge,MA,2138,2,,1,0,718,243,524817.0,0.0,,,44.0,-470670.0,,,,2004-03-27
2016,41309690,4,FIDUCIARY TRUST COMPANY EMPLOYEE STOCK OWNERSHIP PLAN,Fiduciary Trust Company,Boston,MA,2110,2,,1,0,151,115,36013564.0,1141286.0,40505.0,,6374199.0,-8409149.0,35591546.0,523900,Finance & Insurance,1985-01-01
2016,41362840,3,GEORGETOWN SAVINGS BANK EMPLOYEE STOCK OWNERSHIP PLAN,Georgetown Savings Bank,Georgetown,MA,1833,2,,1,0,63,28,3705040.0,874202.0,88050.0,,2000.0,1075641.0,,,,2005-01-01
2016,41466100,3,BLUE HILLS BANK EMPLOYEE STOCK OWNERSHIP PLAN,Blue Hills Bank,Norwood,MA,2062,2,,1,0,184,168,42682321.0,20995286.0,984733.0,0.0,28951.0,8287041.0,42658763.0,522120,Finance & Insurance,2014-01-01
2016,41609810,4,MEETINGHOUSE BANK EMPLOYEE STOCK OWNERSHIP PLAN,Meetinghouse Bank,Dorchester,MA,2124,2,,1,0,30,28,583443.0,171490.0,90447.0,0.0,11669.0,75179.0,,,,2012-01-01
2016,41611080,2,MELROSE COOPERATIVE BANK EMPLOYEE STOCK OWNERSHIP PLAN,Melrose Cooperative Bank,Melrose,MA,2176,2,,1,0,22,23,4063270.0,2068391.0,116261.0,,,651710.0,,522190,Finance & Insurance,2014-07-01
2016,41682990,1,"NYE LUBRICANTS, INC. EMPLOYEE STOCK OWNERSHIP PLAN","Nye Lubricants, Inc.",Fairhaven,MA,27190000,2,,1,0,120,89,5179695.0,0.0,,,305353.0,758968.0,5179695.0,325900,Manufacturing,2001-01-01
2016,41728400,2,PILGRIM BANK EMPLOYEE STOCK OWNERSHIP PLAN,Pilgrim Bank,Cohasset,MA,2025,2,,1,0,29,28,2391353.0,1645891.0,95218.0,0.0,76.0,305971.0,,,,2014-01-01
2016,41810570,2,SAVOGRAN COMPANY EMPLOYEE STOCK OWNERSHIP PLAN,Savogran Company,Norwood,MA,2062,2,,1,0,11,10,3000791.0,,,,297990.0,-40342.0,,325500,Manufacturing,1988-01-01
2016,41866480,2,THE L.S.STARRETT COMPANY EMPLOYEE STOCK OWNERSHIP PLAN,The L.S.Starrett Company,Athol,MA,13311915,2,,1,0,584,356,5239830.0,2000.0,,,383686.0,-2141097.0,5237374.0,332210,Manufacturing,1994-07-01
2016,42041237,3,"CHANNING BETE COMPANY, INC. EMPLOYEE STOCK OWNERSHIP PLAN","Channing Bete Company, Inc.",South Deerfield,MA,13730200,2,,1,0,178,119,26836834.0,2989449.0,1088630.0,,1766355.0,2523658.0,15714382.0,323100,Manufacturing,1996-01-01
2016,42041968,3,"BROOKFIELD ENGINEERING LABORATORIES, INC., EMPLOYEE STOCK OWNERSHIP PLAN, STOCK BONUS PLAN","Brookfield Engineering Laboratories, Inc.",Middleboro,MA,2346,2,,1,0,193,0,0.0,0.0,,,95759967.0,-91523827.0,,,,1992-08-01
2016,42044378,2,"WILLIAMS STONE CO. , INC. EMPLOYEE STOCK OWNERSHIP PLAN","Williams Stone Co. , Inc.",East Otis,MA,1029,2,,1,0,52,38,15705567.0,2818764.0,,,431390.0,4717047.0,,212310,"Mining, Oil & Gas",2005-01-01
2016,42079638,1,"HABERMAN INSURANCE GROUP, INC. 401(K) AND ESOP","Haberman Insurance Group, Inc.",West Springfield,MA,10891311,2,,1,1,24,16,1043051.0,,,26469.0,32145.0,40313.0,,,,1997-01-01
2016,42086300,2,FRASER ENGINEERING COMPANY EMPLOYEE STOCK OWNERSHIP PLAN,Fraser Engineering Company,Newton,MA,24609142,2,,1,0,97,63,175955.0,1990.0,25002.0,,12501.0,173965.0,,238220,Construction,2003-01-01
2016,42170946,2,"PAUL K. GUILLOW, INC. EMPLOYEE STOCK OWNERSHIP PLAN AND TRUST","Paul K. Guillow, Inc.",Wakefield,MA,18800329,2,,1,0,56,32,692876.0,,92216.0,,37279.0,-56135.0,,321900,Manufacturing,1986-11-01
2016,42188202,3,"WIREFAB, INC. EMPLOYEE STOCK OWNERSHIP PLAN","Wirefab, Inc.",Worcester,MA,1607,2,,1,0,34,36,2790283.0,7040.0,110985.0,,41076.0,74308.0,,332610,Manufacturing,1991-01-01
2016,42224182,2,ADCOLE CORPORATION EMPLOYEE STOCK OWNERSHIP PLAN,Adcole Corporation,Marlborough,MA,1752,2,,1,0,13,0,0.0,,,,7334.0,-7334.0,,334500,Manufacturing,1995-01-01
2016,42259905,4,COUNTRY CURTAINS EMPLOYEE STOCK OWNERSHIP PLAN,Country Curtains,Stockbridge,MA,1262,2,,1,0,331,185,2623498.0,3567074.0,327600.0,0.0,671754.0,-4752876.0,2620542.0,454110,Retail Trade,1995-07-01
2016,42264013,3,"D.N. LUKENS, INC. EMPLOYEE STOCK OWNERSHIP PLAN","D.N. Lukens, Inc.",Westboro,MA,15811023,2,,1,0,37,22,1709077.0,0.0,0.0,0.0,236570.0,-1158403.0,,424600,Wholesale Trade,1977-01-01
2016,42272126,4,"CAPE COD LUMBER CO., INC. EMPLOYEE STOCK OWNERSHIP PLAN","Cape Cod Lumber Co., Inc.",Abington,MA,2351,2,,1,0,93,82,8970844.0,4357105.0,875000.0,,28154.0,3615660.0,,423300,Wholesale Trade,2014-01-01
2016,42273500,2,"L. P. M. HOLDING COMPANY, INC, EMPLOYEE STOCK OWNERSHIP PLAN","L. P. M. Holding Company, Inc",Maynard,MA,1754,2,,1,0,214,214,650000.0,0.0,650000.0,,0.0,650000.0,,541990,Professional & Technical Services,2016-01-01
2016,42274728,3,FEINGOLD & FEINGOLD INSURANCE AGENCY INC. EMPLOYEE STOCK OWNERSHIP PLAN,Feingold & Feingold Insurance Agency Inc.,Worcester,MA,1608,2,,1,0,27,20,998355.0,,39590.0,0.0,83026.0,-20503.0,,524210,Finance & Insurance,1988-01-01
2016,42278461,3,"RUSSELECTRIC, INC. EMPLOYEE STOCK OWNERSHIP PLAN","Russelectric, Inc.",Hingham,MA,2043,2,,1,0,409,303,6090885.0,8025.0,0.0,0.0,8025.0,10262.0,,335900,Manufacturing,2010-07-01
2016,42279997,4,THE COMREX CORPORATION EMPLOYEE STOCK OWNERSHIP PLAN,The Comrex Corporation,Devens,MA,14345068,2,,1,0,25,22,3038450.0,,200000.0,,9448.0,203932.0,,334310,Manufacturing,1997-07-01
2016,42298684,1,"THE MMR GROUP, INC. EMPLOYEE STOCK OWNERSHIP PLAN","The Mmr Group, Inc.",West Boylston,MA,15832115,2,,1,0,60,37,6482677.0,82677.0,249969.0,,249969.0,500000.0,,339900,Manufacturing,1975-07-01
2016,42301242,3,"GOODY, CLANCY AND ASSOCIATES EMPLOYEE STOCK OWNERSHIP PLAN","Goody, Clancy And Associates",Boston,MA,2116,2,,1,0,119,49,1502000.0,0.0,24710.0,0.0,24710.0,242960.0,1502000.0,541310,Professional & Technical Services,1987-07-01
2016,42318619,2,TRO CORPORATION EMPLOYEE STOCK OWNERSHIP PLAN AND TRUST,Tro Corporation,Boston,MA,2110,2,,1,0,150,85,309658.0,0.0,5059.0,,16776.0,-12592.0,0.0,,,2013-10-01
2016,42324804,2,TECH-ETCH EMPLOYEE STOCK OWNERSHIP PLAN,Tech-Etch,Plymouth,MA,23604803,2,,1,0,546,499,15555447.0,0.0,4301297.0,0.0,916567.0,3596594.0,,332900,Manufacturing,1999-03-01
2016,42347643,2,ABT ASSOCIATES INC. EMPLOYEES STOCK OWNERSHIP PLAN,ABT ASSOCIATES INC.,Cambridge,MA,021381192,2,2I2O2Q3H3I,1,0,3585,2054,125952981.0,187341.0,6484689.0,0.0,6493268.0,4627740.0,125765640.0,541600,Professional & Technical Services,1975-01-01
2016,42348065,2,JANIS RESEARCH EMPLOYEE STOCK OWNERSHIP PLAN AND TRUST,Janis Research,Woburn,MA,18012025,2,,1,0,111,69,6383419.0,,1350.0,,320703.0,-936352.0,,339900,Manufacturing,1999-01-01
2016,42372206,1,STREM CHEMICALS INC. 401K AND ESOP,Strem Chemicals Inc.,Newburyport,MA,19504019,2,,1,1,74,65,14651260.0,,263029.0,359364.0,513759.0,2747095.0,,325100,Manufacturing,2001-01-01
2016,42389826,4,"NEW ENGLAND CONTROLS, INC. EMPLOYEE STOCK OWNERSHIP PLAN","New England Controls, Inc.",Mansfield,MA,2048,2,,1,0,161,133,14257968.0,0.0,1101600.0,0.0,415914.0,1367563.0,8166977.0,423990,Wholesale Trade,1986-01-01
2016,42399903,2,"THE BSC COMPANIES, INC. EMPLOYEE STOCK OWNERSHIP PLAN","The Bsc Companies, Inc.",Boston,MA,21271616,2,,1,0,65,41,379651.0,0.0,0.0,0.0,128653.0,-54683.0,,541330,Professional & Technical Services,1979-01-01
2016,42444641,1,"NATHAN SALLOP INSURANCE AGENCY, INC. ESOP","Nathan Sallop Insurance Agency, Inc.",Boston,MA,21144721,2,,1,0,19,15,3653922.0,,280812.0,,141254.0,272187.0,,524210,Finance & Insurance,2002-01-01
2016,42445292,2,"FRED C. CHURCH, INC. EMPLOYEES' STOCK OWNERSHIP PLAN AND TRUST","FRED C. CHURCH,INC.",Lowell,MA,01851,2,2O2Q,1,0,138,128,19689383.0,,400000.0,,2696500.0,-1256973.0,16882227.0,524210,Finance & Insurance,1975-01-01
2016,42453189,2,ARC/ARCHITECTURAL RESOURCES CAMBRIDGE EMPLOYEE STOCK OWNERSHIP PLAN,Arc/Architectural Resources Cambridge,Boston,MA,2116,2,,1,0,68,53,1504358.0,,80146.0,,208058.0,-93869.0,,541310,Professional & Technical Services,1999-01-01
2016,42453227,3,"VISIDYNE, INCORPORATED EMPLOYEE STOCK OWNERSHIP PLAN","Visidyne, Incorporated",Burlington,MA,18035145,2,,1,0,41,0,0.0,0.0,,,4936.0,-4936.0,,,,1988-10-01
2016,42460805,2,"DANAFILMS, INC. EMPLOYEE STOCK OWNERSHIP PLAN","Danafilms, Inc.",Westborough,MA,1581,2,,1,0,117,0,0.0,0.0,,,1492778.0,-1492778.0,,326100,Manufacturing,2003-11-01
2016,42471226,2,"AERODYNE RESEARCH, INC. EMPLOYEE STOCK OWNERSHIP PLAN","Aerodyne Research, Inc.",Billerica,MA,18213934,2,,1,0,78,67,7067342.0,0.0,52746.0,0.0,126663.0,488511.0,,541700,Professional & Technical Services,1985-11-26
2016,42472856,2,JAMES MONROE CORP. ESOP,James Monroe Corp.,South Lancaster,MA,1561,2,,1,0,101,86,2673056.0,,232237.0,,136270.0,342238.0,,339900,Manufacturing,1999-11-01
2016,42482120,3,CONCORD LUMBER CORP. EMPLOYEE STOCK OWNERSHIP PLAN & TRUST,Concord Lumber Corp.,Littleton,MA,1460,2,,1,0,202,85,4948621.0,0.0,,,641102.0,-2307483.0,4940973.0,444190,Retail Trade,1996-04-01
2016,42488241,2,ADD INC. EMPLOYEE STOCK OWNERSHIP PLAN,Add Inc.,Boston,MA,2210,2,,1,0,77,0,0.0,0.0,145552.0,,419231.0,-273631.0,,,,1989-01-01
2016,42501424,2,B&B ENGINEERING CORPORATION EMPLOYEE STOCK OWNERSHIP PLAN,B&B Engineering Corporation,Georgetown,MA,1833,2,,1,0,23,22,840000.0,1339391.0,96655.0,,91.0,186095.0,,334200,Manufacturing,2014-01-01
2016,42513930,3,F. H. CHASE INC. EMPLOYEE STOCK OWNERSHIP PLAN,F. H. Chase Inc.,Taunton,MA,27801070,2,,1,0,19,11,358952.0,23.0,,,,29635.0,,,,2001-01-01
2016,42514329,3,"CENTRAL COATING CO., INC. EMPLOYEE STOCK OWNERSHIP PLAN","Central Coating Co., Inc.",West Boylston,MA,1583,2,,1,0,48,45,5054000.0,16964.0,75845.0,,66746.0,-191005.0,,326100,Manufacturing,2004-01-01
2016,42517090,2,PHYSICAL SCIENCES INC. EMPLOYEE STOCK OWNERSHIP PLAN,Physical Sciences Inc.,Andover,MA,1810,2,,1,0,278,173,36579001.0,0.0,3361299.0,,2369662.0,6982649.0,34898183.0,541700,Professional & Technical Services,1988-07-01
2016,42547913,2,ATLANTIC PLYWOOD CORPORATION EMPLOYEE STOCK OWNERSHIP PLAN,Atlantic Plywood Corporation,Woburn,MA,18016208,2,,1,0,191,178,29313888.0,2571300.0,735366.0,,416052.0,7172852.0,29284634.0,423300,Wholesale Trade,2008-01-01
2016,42550058,2,INTERNATIONAL CARS EMPLOYEE STOCK OWNERSHIP PLAN,International Cars,Danvers,MA,1923,2,,1,0,278,194,3557876.0,418724.0,0.0,,173972.0,-264740.0,3444253.0,441110,Retail Trade,2000-01-01
2016,42556035,2,LANDRY'S BICYCLES EMPLOYEE STOCK OWNERSHIP PLAN,Landry'S Bicycles,Natick,MA,1760,2,,1,0,93,63,984263.0,,29569.0,,7865.0,36747.0,,451110,Retail Trade,2009-10-01
2016,42557451,3,DAVID CLARK COMPANY INCORPORATED EMPLOYEE STOCK OWNERSHIP PLAN,David Clark Company Incorporated,Worcester,MA,16150054,2,,1,0,228,218,108886151.0,4894510.0,962618.0,,3062421.0,18843185.0,108886151.0,339900,Manufacturing,2007-01-01
2016,42597651,1,"INTERNATIONAL DATA GROUP, INC. EMPLOYEE STOCK OWNERSHIP PLAN","International Data Group, Inc.",Framingham,MA,17014674,2,,1,0,1335,802,6167718.0,78477.0,0.0,0.0,21791103.0,-24612398.0,0.0,511190,Information & Technology,1976-01-01
2016,42624147,5,"ELECTRO-TERM, INC. EMPLOYEE STOCK OWNERSHIP PLAN (ESOP)","Electro-Term, Inc.",Springfield,MA,1118,2,,1,0,61,34,1405532.0,,,,15163.0,161359.0,,423600,Wholesale Trade,2008-01-01
2016,42631963,3,"NEW ENGLAND BIOLABS, INC EMPLOYEE STOCK OWNERSHIP PLAN","New England Biolabs, Inc",Ipswich,MA,1938,2,,1,0,344,321,266761876.0,0.0,6856134.0,0.0,5634777.0,44585894.0,120087027.0,325100,Manufacturing,1985-10-01
2016,42637381,2,"QUIRK WIRE CO., INC. EMPLOYEE STOCK OWNERSHIP PLAN","Quirk Wire Co., Inc.",West Brookfield,MA,1585,2,,1,0,52,33,10139186.0,482282.0,556164.0,,785929.0,-957486.0,,332610,Manufacturing,2003-01-01
2016,42699206,3,"PACKAGING CONSULTANTS, INC. EMPLOYEE STOCK OWNERSHIP PLAN & TRUST","Packaging Consultants, Inc.",New Bedford,MA,27451118,2,,1,0,12,8,239667.0,0.0,,,,22829.0,,424990,Wholesale Trade,1990-02-01
2016,42717456,2,ATLANTIC FASTENERS EMPLOYEE STOCK OWNERSHIP PLAN,Atlantic Fasteners,Agawam,MA,10011068,2,,1,0,54,0,5272614.0,,0.0,,71836.0,564504.0,,,,2005-01-01
2016,42718570,3,"SPECTRAL SCIENCES, INC. EMPLOYEE STOCK OWNERSHIP PLAN","Spectral Sciences, Inc.",Burlington,MA,18033304,2,,1,0,56,34,1795632.0,29257.0,803415.0,,659769.0,-2464288.0,,541700,Professional & Technical Services,1993-01-01
2016,42745179,3,"SYMMES MAINI & MCKEE ASSOCIATES, INC. EMPLOYEE STOCK OWNERSHIP PLAN","Symmes Maini & Mckee Associates, Inc.",Cambridge,MA,2138,2,,1,0,174,149,5065448.0,449042.0,276316.0,,195880.0,619106.0,5065348.0,541330,Professional & Technical Services,1988-01-01
2016,42745661,2,LESSARD TAYLOR COMMUNICATIONS INC EMPLOYEE STOCK OWNERSHIP PLAN,Lessard Taylor Communications Inc,Boston,MA,2210,2,,1,0,17,20,675498.0,,,,,-178217.0,,541990,Professional & Technical Services,1998-11-01
2016,42746512,2,"MULLEN ADVERTISING, INC. EMPLOYEE STOCK OWNERSHIP PLAN","Mullen Advertising, Inc.",Boston,MA,21094308,2,,1,0,194,55,2969314.0,0.0,,,1373984.0,-1238347.0,1658459.0,,,1983-09-01
2016,42772059,2,"BARCLAY WATER TREATMENT CO., INC. EMPLOYEE STOCK OWNERSHIP PLAN","Barclay Water Treatment Co., Inc.",Newton,MA,2458,2,,1,0,153,122,9452523.0,5481697.0,449774.0,,80888.0,3737857.0,9452523.0,325900,Manufacturing,2009-10-01
2016,42774191,2,LAMPIN CORPORATION EMPLOYEE STOCK OWNERSHIP PLAN,Lampin Corporation,Uxbridge,MA,1569,2,,1,0,44,27,4448206.0,2894745.0,405492.0,,101121.0,-1009456.0,,333510,Manufacturing,2001-01-01
2016,42777442,3,CAMBRIDGE BANCORP EMPLOYEE STOCK OWNERSHIP PLAN,Cambridge Bancorp,Cambridge,MA,21383842,2,,1,0,283,185,20189108.0,383.0,340000.0,0.0,1005250.0,2751891.0,19213814.0,522110,Finance & Insurance,1986-01-01
2016,42793755,4,THE CADMUS GROUP EMPLOYEE STOCK OWNERSHIP PLAN,The Cadmus Group,Waltham,MA,24518727,2,,1,0,630,463,39296678.0,6028035.0,1036776.0,0.0,734898.0,14049367.0,39296678.0,,,2002-05-01
2016,42803764,2,"CHARLES RIVER ANALYTICS, INC. EMPLOYEE STOCK OWNERSHIP PLAN","Charles River Analytics, Inc.",Cambridge,MA,2138,2,,1,0,153,123,18000000.0,13840000.0,1478404.0,,0.0,1965000.0,18000000.0,541511,Professional & Technical Services,2012-10-01
2016,42804642,2,"REX CUT PRODUCTS, INC. EMPLOYEE STOCK OWNERSHIP PLAN","Rex Cut Products, Inc.",Fall River,MA,2722,2,,1,0,65,50,2204048.0,1640000.0,379217.0,,23001.0,453670.0,,339900,Manufacturing,2008-01-01
2016,42821431,2,"TIGHE & BOND, INC. EMPLOYEE STOCK OWNERSHIP PLAN","Tighe & Bond, Inc.",Westfield,MA,10855308,2,,1,0,273,270,11347477.0,0.0,622000.0,0.0,869051.0,1146018.0,10700550.0,541330,Professional & Technical Services,1997-10-01
2016,42837729,3,"NELCO PRODUCTS, INC. EMPLOYEE STOCK OWNERSHIP PLAN","Nelco Products, Inc.",Pembroke,MA,23591937,2,,1,0,45,32,8664498.0,3119693.0,525677.0,0.0,169163.0,1697654.0,,423600,Wholesale Trade,2004-08-01
2016,42880295,2,"WEB INDUSTRIES, INC. EMPLOYEE STOCK OWNERSHIP PLAN","Web Industries, Inc.",Marlboro,MA,17524715,2,,1,0,514,390,131910054.0,235.0,3574250.0,0.0,8117140.0,19558994.0,131508000.0,322200,Manufacturing,1984-10-01
2016,42887710,2,"PRELLWITZ / CHILINSKI ASSOCIATES, INC. EMPLOYEE STOCK OWNERSHIP PLAN","Prellwitz / Chilinski Associates, Inc.",Cambridge,MA,21391306,2,,1,0,79,51,4620313.0,2288468.0,333914.0,,79615.0,1171138.0,,541310,Professional & Technical Services,2006-01-01
2016,42895731,2,"WORCESTER MANUFACTURING, INC. ESOP","Worcester Manufacturing, Inc.",Worcester,MA,1605,2,,1,0,47,40,3491000.0,2024294.0,116443.0,0.0,0.0,464069.0,,339900,Manufacturing,2012-01-01
2016,42925204,2,HARPOON BREWERY EMPLOYEE STOCK OWNERSHIP PLAN,Harpoon Brewery,Boston,MA,22102330,2,,1,0,198,156,37532921.0,48084629.0,1516525.0,,0.0,897514.0,36688133.0,312120,Manufacturing,2014-01-01
2016,42932946,2,"DARMANN ABRASIVE PRODUCTS, INC. EMPLOYEE STOCK OWNERSHIP PLAN","Darmann Abrasive Products, Inc.",Clinton,MA,15101914,2,,1,0,59,43,4937542.0,1259103.0,104620.0,,96099.0,326686.0,,327900,Manufacturing,1998-10-01
2016,42941854,2,"MIDDLETON & COMPANY, INC. EMPLOYEE STOCK OWNERSHIP PLAN","Middleton & Company, Inc.",Boston,MA,2210,2,,1,0,22,13,3495967.0,733154.0,235000.0,,110125.0,168813.0,,812990,Other Services,2003-01-01
2016,42942412,2,WASHBURN-GARFIELD CORPORATION EMPLOYEE STOCK OWNERSHIP PLAN,Washburn-Garfield Corporation,Worcester,MA,1605,2,,1,0,18,16,1436146.0,1012142.0,221232.0,,291.0,304161.0,,423700,Wholesale Trade,2007-11-01
2016,42943867,2,"SWISSTURN/USA, INC. EMPLOYEE STOCK OWNERSHIP PLAN","Swissturn/Usa, Inc.",Oxford,MA,1540,2,,1,0,38,38,1476519.0,1145428.0,154800.0,,,331091.0,,332700,Manufacturing,2015-01-01
2016,42969998,2,INTRAL CORPORATION EMPLOYEE STOCK OWNERSHIP PLAN,Intral Corporation,Quincy,MA,2169,2,,1,0,29,23,317243.0,,,,,20409.0,,541990,Professional & Technical Services,1990-06-01
2016,42993095,2,"ENVIRONMENTAL HEALTH & ENGINEERING, INC. EMPLOYEE STOCK OWNERSHIP PLAN","Environmental Health & Engineering, Inc.",Needham,MA,24942725,2,,1,0,98,67,1806821.0,1183877.0,90498.0,0.0,4519.0,530451.0,,541990,Professional & Technical Services,2010-01-01
2016,43005476,1,CAPE AIR/NANTUCKET AIRLINES KSOP RETIREMENT PLAN,CAPE AIR/NANTUCKET AIRLINES,Hyannis,MA,026011924,2,2E2F2G2I2J2K2O2T3I,1,1,1277,934,21188147.0,0.0,914138.0,1038082.0,2017557.0,1858532.0,8106210.0,481000,Transportation & Warehousing,1995-01-01
2016,43024663,3,ACENTECH INCORPORATED EMPLOYEE STOCK OWNERSHIP PLAN,Acentech Incorporated,Cambridge,MA,2138,2,,1,0,45,47,1452994.0,0.0,700037.0,,,702994.0,,541990,Professional & Technical Services,2015-10-01
2016,43035339,2,"APPLIED MARKETING SCIENCE, INC EMPLOYEE STOCK OWNERSHIP PLAN","Applied Marketing Science, Inc",Waltham,MA,2451,2,,1,0,37,27,2586508.0,153.0,616000.0,,7401.0,699917.0,,541110,Professional & Technical Services,2011-01-01
2016,43050515,2,"ENVIRONMENTAL COMPLIANCE SERVICES, INC. EMPLOYEE STOCK OWNERSHIP PLAN","Environmental Compliance Services, Inc.",Agawam,MA,1001,2,,1,0,219,186,2986817.0,108.0,50000.0,,0.0,610755.0,0.0,,,2007-01-01
2016,43053085,3,"SCIENTIFIC SYSTEMS COMPANY, INC. EMPLOYEE STOCK OWNERSHIP PLAN","Scientific Systems Company, Inc.",Woburn,MA,1801,2,,1,0,46,41,1999507.0,144763.0,581456.0,,,924081.0,,541600,Professional & Technical Services,2002-06-01
2016,43061714,2,"ISAACSON MILLER, INC. EMPLOYEE STOCK OWNERSHIP PLAN","Isaacson Miller, Inc.",Boston,MA,2210,2,,1,0,225,198,9751235.0,2818985.0,671256.0,,174854.0,2313884.0,9123623.0,561300,Administrative & Waste Services,2007-01-01
2016,43071690,2,"MERIDIAN ASSOCIATES, INC. EMPLOYEE STOCK OWNERSHIP PLAN","Meridian Associates, Inc.",Beverly,MA,1915,2,,1,0,34,31,1709730.0,3194809.0,253691.0,,,-1885079.0,,541330,Professional & Technical Services,2015-01-01
2016,43130808,3,EAST BOSTON SAVINGS BANK EMPLOYEE STOCK OWNERSHIP PLAN,East Boston Savings Bank,Peabody,MA,1960,2,,1,0,560,430,66939725.0,20954430.0,1011490.0,,483730.0,17219985.0,66725770.0,522120,Finance & Insurance,2008-01-01
2016,43169205,2,"TATA & HOWARD, INC. EMPLOYEE STOCK OWNERSHIP PLAN","Tata & Howard, Inc.",Marlborough,MA,1752,2,,1,0,65,50,1440001.0,366626.0,36832.0,,,-4919.0,,541330,Professional & Technical Services,2014-01-01
2016,43175021,2,"BOSTON BRACE INTERNATIONAL, INC. EMPLOYEE STOCK OWNERSHIP PLAN","Boston Brace International, Inc.",Avon,MA,2322,2,,1,0,152,131,2107471.0,622041.0,281867.0,,46169.0,659215.0,1522080.0,339110,Manufacturing,2014-01-01
2016,43221989,2,"RCM SERVICES, INC. EMPLOYEE STOCK OWNERSHIP PLAN","Rcm Services, Inc.",Allston,MA,2134,2,,1,0,62,52,866400.0,4733543.0,381976.0,,,-4382815.0,,561720,Administrative & Waste Services,2015-01-01
2016,43223296,2,"OEM CONNECT, LTD EMPLOYEE STOCK OWNERSHIP PLAN","Oem Connect, Ltd",North Reading,MA,1864,2,,1,0,37,27,5778365.0,327364.0,509487.0,,,1176661.0,,322200,Manufacturing,2010-01-01
2016,43247749,3,DIAMOND ANTENNA AND MICROWAVE CORPORATION EMPLOYEE STOCK OWNERSHIP,Diamond Antenna And Microwave Corporation,Littleton,MA,1460,2,,1,0,85,56,8122512.0,0.0,119943.0,0.0,119943.0,3256960.0,,335900,Manufacturing,2008-09-01
2016,43258366,2,SPEC EMPLOYEE STOCK OWNERSHIP PLAN,Spec,Burlington,MA,18033404,2,,1,0,33,20,711353.0,240934.0,70044.0,0.0,12044.0,-1792359.0,,541330,Professional & Technical Services,2010-01-01
2016,43297570,2,"EXPERT LASER SERVICES, INC. EMPLOYEE STOCK OWNERSHIP PLAN","Expert Laser Services, Inc.",Southbridge,MA,1550,2,,1,0,46,36,204622.0,0.0,,,9801.0,-7138.0,,,,2005-01-01
2016,43347358,3,"NEVO TECHNOLOGIES, INC EMPLOYEE STOCK OWNERSHIP PLAN","Nevo Technologies, Inc",Cambridge,MA,2138,2,,1,0,20,12,8150000.0,6720588.0,386467.0,,1407.0,-1134739.0,,541511,Professional & Technical Services,2009-01-01
2016,43401502,2,"CARNEY, SANDOE & ASSOCIATES EMPLOYEE STOCK OWNERSHIP PLAN","Carney, Sandoe & Associates",Boston,MA,2110,2,,1,0,30,27,12751804.0,5936475.0,20000.0,,8951.0,3902567.0,,561300,Administrative & Waste Services,2013-01-01
2016,43402944,3,"BROOKLINE BANCORP, INC EMPLOYEE STOCK OWNERSHIP PLAN","Brookline Bancorp, Inc",Boston,MA,2117,2,,1,0,796,577,15077623.0,1501914.0,350934.0,,738191.0,4172783.0,14769348.0,522110,Finance & Insurance,1997-11-01
2016,43484613,2,TRI-WIRE EMPLOYEE STOCK OWNERSHIP PLAN,Tri-Wire,Tewksbury,MA,1876,2,,1,0,1054,564,1615400.0,17986954.0,2514315.0,,0.0,-16371554.0,1615400.0,517000,Information & Technology,2016-01-01
2016,43497377,3,THE PROVIDENT BANK EMPLOYEE STOCK OWNERSHIP PLAN,The Provident Bank,Amesbury,MA,1913,2,,1,0,90,94,6375402.0,3137660.0,304746.0,,14666.0,1924140.0,,522120,Finance & Insurance,2015-01-01
2016,43520315,2,"INTERACTION ASSOCIATES, INC. EMPLOYEE STOCK OWNERSHIP PLAN","Interaction Associates, Inc.",Boston,MA,2210,2,,1,0,64,32,945000.0,1479288.0,274486.0,,7450.0,-939247.0,,,,2009-01-01
2016,43531186,2,"WOODLAND PARTNERS, INC. EMPLOYEE STOCK OWNERSHIP PLAN","Woodland Partners, Inc.",Walpole,MA,2081,2,,1,0,23,23,3730733.0,,407553.0,,,178733.0,,424400,Wholesale Trade,2015-01-01
2016,43533865,2,"VALLEY GREEN, INC. EMPLOYEE STOCK OWNERSHIP PLAN","Valley Green, Inc.",Holyoke,MA,1040,2,,1,0,37,38,661345.0,704674.0,134092.0,0.0,0.0,-129329.0,,444200,Retail Trade,2015-01-01
2016,43537120,2,INFOSCITEX CORPORATION EMPLOYEE STOCK OWNERSHIP PL,Infoscitex Corporation,Littleton,MA,14602022,2,,1,0,9,0,7649.0,1210.0,,,33367.0,-33367.0,,,,2007-01-01
2016,43553283,2,NMR GROUP EMPLOYEE STOCK OWNERSHIP PLAN,Nmr Group,Somerville,MA,2144,2,,1,0,42,37,275065.0,65.0,275100.0,0.0,0.0,275000.0,,541910,Professional & Technical Services,2016-01-01
2016,43577380,1,"DAYMARK ENERGY ADVISORS, INC. EMPLOYEE STOCK OWNERSHIP PLAN","Daymark Energy Advisors, Inc.",Worcester,MA,1608,2,,1,0,25,23,2065531.0,187.0,253929.0,,209680.0,-69207.0,,541990,Professional & Technical Services,2001-08-29
2016,455603992,2,"SHIFT COMMUNICATIONS, INC. EMPLOYEE STOCK OWNERSHIP PLAN","Shift Communications, Inc.",Newton,MA,2458,2,,1,0,102,55,1395294.0,0.0,181081.0,,3004207.0,-2556485.0,,,,2012-07-26
2016,463044208,4,THE L.S. STARRETT COMPANY 2013 EMPLOYEE STOCK OWNERSHIP PLAN AND TRUST,The L.S. Starrett Company,Athol,MA,13311915,2,,1,0,733,548,598601.0,100.0,,,67872.0,-266364.0,598497.0,322100,Manufacturing,2013-02-05
2016,471008886,2,"CREATIVE FINANCIAL STAFFING, INC. EMPLOYEE STOCK OWNERSHIP PLAN","Creative Financial Staffing, Inc.",Boston,MA,2110,2,,1,0,687,252,26642925.0,1120814.0,110708.0,,3517.0,8081671.0,26640000.0,561300,Administrative & Waste Services,2014-07-28
2016,521405842,3,"CENTRA TECHNOLOGY, INC. EMPLOYEE STOCK OWNERSHIP PLAN","Centra Technology, Inc.",Burlington,MA,1803,2,,1,0,427,288,11063891.0,0.0,78757.0,,1258392.0,-1249768.0,10357303.0,541330,Professional & Technical Services,2005-01-01
2016,651174540,2,SEAL-RYT CORP. EMPLOYEE STOCK OWNERSHIP PLAN AND TRUST,Seal-Ryt Corp.,Westfield,MA,1085,2,,1,0,22,19,270000.0,,135000.0,,,135000.0,,238290,Construction,2015-01-01
2016,731627673,3,"EMPLOYEE STOCK OWNERSHIP PLAN OF WESTFIELD FINANCIAL, INC.","Westfield Financial, Inc.",Westfield,MA,10852923,2,,1,0,222,250,18037526.0,7865655.0,1063760.0,0.0,345383.0,2009898.0,16794199.0,522120,Finance & Insurance,2002-01-01
2016,743073286,3,RANDOLPH SAVINGS BANK EMPLOYEE STOCK OWNERSHIP PLAN,Randolph Savings Bank,Stoughton,MA,2072,2,,1,0,153,165,7568308.0,4497095.0,281898.0,0.0,0.0,3071213.0,7568308.0,522120,Finance & Insurance,2016-07-01
2016,813645861,2,SHAWMUT GROUP EMPLOYEE STOCK OWNERSHIP PLAN,Shawmut Group,Boston,MA,21182436,2,,1,0,1131,769,191245891.0,47452750.0,7018811.0,0.0,2113071.0,18625656.0,183414346.0,236200,Construction,1997-12-01
2017,10367721,2,"NEW ENGLAND NATURAL BAKERS, INC. EMPLOYEE STOCK OWNERSHIP PLAN","New England Natural Bakers, Inc.",Greenfield,MA,1301,2,,1,0,49,35,1352063.0,2615467.0,209691.0,,,250437.0,,311800,Manufacturing,2012-01-01
2017,113672395,2,ARTEL VIDEO SYSTEMS CORPORATION EMPLOYEE STOCK OWNERSHIP PLAN,Artel Video Systems Corporation,Westford,MA,18863617,2,,1,0,45,34,673046.0,4455720.0,726844.0,0.0,11673.0,-2119437.0,,334310,Manufacturing,2014-01-01
2017,201998367,2,"WESTON & SAMPSON, INC. EMPLOYEE STOCK OWNERSHIP PLAN","Weston & Sampson, Inc.",Peabody,MA,1960,2,,1,0,370,358,3490437.0,0.0,1500000.0,,37303.0,1790037.0,1473875.0,541330,Professional & Technical Services,2014-01-01
2017,203724403,2,VERTEX EMPLOYEE STOCK OWNERSHIP PLAN,Vertex,Weymouth,MA,2189,2,,1,0,315,265,22040000.0,21573386.0,1497666.0,,54663.0,-456586.0,22040000.0,541330,Professional & Technical Services,2013-01-01
2017,204270900,1,PARAGUS STRATEGIC IT EMPLOYEE STOCK OWNERSHIP PLAN,Paragus Strategic It,Hadley,MA,1035,2,,1,0,67,46,1544000.0,1597627.0,92849.0,,,99472.0,,541519,Professional & Technical Services,2015-01-01
2017,208135911,2,"WINDOVER CONSTRUCTION, INC. EMPLOYEE STOCK OWNERSHIP PLAN","Windover Construction, Inc.",Beverly,MA,1915,2,,1,0,83,85,2996000.0,500000.0,,,,2496000.0,,541990,Professional & Technical Services,2017-01-01
2017,261697053,2,SCC AND INTEGRATED IT HOLDING CORP EMPLOYEE STOCK OWNERSHIP PLAN AND TRUST,Scc And Integrated It Holding Corp,Waltham,MA,24511703,2,,1,0,168,121,78986046.0,8433864.0,1298037.0,0.0,178778.0,21554991.0,78970000.0,,,2008-01-01
2017,263038320,2,"AVWATCH, INC. EMPLOYEE STOCK OWNERSHIP PLAN","Avwatch, Inc.",Plymouth,MA,2360,2,,1,0,11,8,37011.0,,6000.0,,,6011.0,,541370,Professional & Technical Services,2016-01-01
2017,270396940,3,CONSIGLI BUILDING GROUP EMPLOYEE STOCK OWNERSHIP PLAN,Consigli Building Group,Milford,MA,1757,2,,1,0,541,609,36444.0,,36444.0,,,36444.0,,236200,Construction,2017-01-01
2017,364488912,1,"ASHWORTH INTERNATIONAL, INC. EMPLOYEE STOCK OWNERSHIP PLAN","Ashworth International, Inc.",Fall River,MA,2721,2,,1,0,133,120,15536145.0,15509390.0,1632797.0,,0.0,-1826097.0,13761699.0,551112,Management of Companies,2016-01-01
2017,41078435,3,BELMONT SAVINGS BANK EMPLOYEE STOCK OWNERSHIP PLAN,Belmont Savings Bank,Belmont,MA,24782518,2,,1,0,130,99,13101207.0,3969181.0,253224.0,0.0,88511.0,147412.0,13101207.0,,,2011-01-01
2017,41110170,1,BOURNEUF CORPORATION EMPLOYEE STOCK OWNERSHIP PLAN,Bourneuf Corporation,Lynn,MA,19024402,2,,1,0,21,19,813765.0,,,,10727.0,-12915.0,,423700,Wholesale Trade,1997-09-01
2017,41123040,3,HARBORONE BANK EMPLOYEE STOCK OWNERSHIP PLAN,Harborone Bank,Brockton,MA,2301,2,,1,0,338,345,22717511.0,10844091.0,839296.0,0.0,27955.0,174300.0,22717511.0,522130,Finance & Insurance,2016-01-01
2017,41123740,3,BROCKWAY-SMITH COMPANY EMPLOYEE STOCK OWNERSHIP PLAN & TRUST,Brockway-Smith Company,Wilmington,MA,18871018,2,,1,0,101,88,7863775.0,,,,46441.0,705266.0,6676544.0,423300,Wholesale Trade,1976-01-01
2017,41203530,2,SPAULDING BRICK EMPLOYEE STOCK OWNERSHIP PLAN,Spaulding Brick,Wilmington,MA,1887,2,,1,0,37,27,9193489.0,375000.0,630466.0,,1810213.0,2063051.0,,423300,Wholesale Trade,1997-01-01
2017,412126830,2,BBN TECHNOLOGIES EMPLOYEE STOCK OWNERSHIP PLAN,Bbn Technologies,Cambridge,MA,2138,2,,1,0,718,63,206359.0,0.0,,,320322.0,-318458.0,,,,2004-03-27
2017,41309690,4,FIDUCIARY TRUST COMPANY EMPLOYEE STOCK OWNERSHIP PLAN,Fiduciary Trust Company,Boston,MA,2110,2,,1,0,161,110,36704646.0,1773684.0,,,4487553.0,58684.0,36288709.0,523900,Finance & Insurance,1985-01-01
2017,41466100,3,BLUE HILLS BANK EMPLOYEE STOCK OWNERSHIP PLAN,Blue Hills Bank,Norwood,MA,2062,2,,1,0,206,190,45767788.0,20532688.0,18143.0,,114157.0,3548065.0,45616367.0,522120,Finance & Insurance,2014-01-01
2017,41611080,2,MELROSE COOPERATIVE BANK EMPLOYEE STOCK OWNERSHIP PLAN,Melrose Cooperative Bank,Melrose,MA,2176,2,,1,0,24,22,4527320.0,2019352.0,116261.0,,,513089.0,,522190,Finance & Insurance,2014-07-01
2017,41682990,1,"NYE LUBRICANTS, INC. EMPLOYEE STOCK OWNERSHIP PLAN","Nye Lubricants, Inc.",Fairhaven,MA,27190000,2,,1,0,114,83,8080813.0,0.0,,,267602.0,2901118.0,7973741.0,325900,Manufacturing,2001-01-01
2017,41728400,2,PILGRIM BANK EMPLOYEE STOCK OWNERSHIP PLAN,Pilgrim Bank,Cohasset,MA,2025,2,,1,0,36,30,2979850.0,1609626.0,97986.0,0.0,15344.0,624762.0,,,,2014-01-01
2017,41802790,4,GEORGETOWN SAVINGS BANK EMPLOYEE STOCK OWNERSHIP PLAN,Georgetown Savings Bank,Salem,MA,1970,2,,1,0,74,0,1024797.0,0.0,3788.0,,1847008.0,-1806041.0,,522110,Finance & Insurance,2005-01-01
2017,41810570,2,SAVOGRAN COMPANY EMPLOYEE STOCK OWNERSHIP PLAN,Savogran Company,Norwood,MA,2062,2,,1,0,11,10,3025005.0,,,,166552.0,24214.0,,325500,Manufacturing,1988-01-01
2017,41866480,2,THE L.S.STARRETT COMPANY EMPLOYEE STOCK OWNERSHIP PLAN,The L.S.Starrett Company,Athol,MA,13311915,2,,1,0,557,344,3578197.0,2000.0,,,506190.0,-1661633.0,3575955.0,332210,Manufacturing,1994-07-01
2017,42041237,3,"CHANNING BETE COMPANY, INC. EMPLOYEE STOCK OWNERSHIP PLAN","Channing Bete Company, Inc.",South Deerfield,MA,13730200,2,,1,0,167,116,21454934.0,0.0,2953514.0,,3798001.0,-2392451.0,11729852.0,323100,Manufacturing,1996-01-01
2017,42044378,2,"WILLIAMS STONE CO. , INC. EMPLOYEE STOCK OWNERSHIP PLAN","Williams Stone Co. , Inc.",East Otis,MA,1029,2,,1,0,57,37,15499820.0,2317098.0,289378.0,,496358.0,295919.0,,212310,"Mining, Oil & Gas",2005-01-01
2017,42086300,2,FRASER ENGINEERING COMPANY EMPLOYEE STOCK OWNERSHIP PLAN,Fraser Engineering Company,Newton,MA,24609142,2,,1,0,101,60,775150.0,1990.0,30084.0,,28474.0,599195.0,,238220,Construction,2003-01-01
2017,42170946,2,"PAUL K. GUILLOW, INC. EMPLOYEE STOCK OWNERSHIP PLAN AND TRUST","Paul K. Guillow, Inc.",Wakefield,MA,18800329,2,,1,0,56,36,686458.0,,70637.0,,53999.0,-6418.0,,321900,Manufacturing,1986-11-01
2017,42175284,3,"GREEN INTERNATIONAL AFFILIATES, INC. EMPLOYEE STOCK OWNERSHIP PLAN","Green International Affiliates, Inc.",Westford,MA,1886,2,,1,0,69,65,300000.0,0.0,300000.0,0.0,0.0,300000.0,,541330,Professional & Technical Services,2017-04-01
2017,42188202,3,"WIREFAB, INC. EMPLOYEE STOCK OWNERSHIP PLAN","Wirefab, Inc.",Worcester,MA,1607,2,,1,0,36,40,2957316.0,18540.0,100000.0,,47138.0,155533.0,,332610,Manufacturing,1991-01-01
2017,42259905,4,COUNTRY CURTAINS EMPLOYEE STOCK OWNERSHIP PLAN,Country Curtains,Stockbridge,MA,12620955,2,,1,0,313,18,3420018.0,2146041.0,1215072.0,0.0,1334150.0,2217553.0,1949798.0,454110,Retail Trade,1995-07-01
2017,42264013,3,"D.N. LUKENS, INC. EMPLOYEE STOCK OWNERSHIP PLAN","D.N. Lukens, Inc.",Westboro,MA,15811023,2,,1,0,36,0,1109076.0,0.0,0.0,0.0,600001.0,-600001.0,,424600,Wholesale Trade,1977-01-01
2017,42272126,4,"CAPE COD LUMBER CO., INC. EMPLOYEE STOCK OWNERSHIP PLAN","Cape Cod Lumber Co., Inc.",Abington,MA,2351,2,,1,0,91,85,10845391.0,3492717.0,875000.0,,126591.0,2738935.0,,423300,Wholesale Trade,2014-01-01
2017,42273500,2,"L. P. M. HOLDING COMPANY, INC, EMPLOYEE STOCK OWNERSHIP PLAN","L. P. M. Holding Company, Inc",Maynard,MA,1754,2,,1,0,298,254,918977.0,0.0,265000.0,,0.0,268977.0,,541990,Professional & Technical Services,2016-01-01
2017,42274728,3,FEINGOLD & FEINGOLD INSURANCE AGENCY INC. EMPLOYEE STOCK OWNERSHIP PLAN,Feingold & Feingold Insurance Agency Inc.,Worcester,MA,1608,2,,1,0,25,19,1135958.0,,42776.0,0.0,30129.0,137603.0,,524210,Finance & Insurance,1988-01-01
2017,42278461,3,"RUSSELECTRIC, INC. EMPLOYEE STOCK OWNERSHIP PLAN","Russelectric, Inc.",Hingham,MA,2043,2,,1,0,414,0,0.0,0.0,0.0,0.0,6069212.0,-6082860.0,,335900,Manufacturing,2010-07-01
2017,42279997,4,THE COMREX CORPORATION EMPLOYEE STOCK OWNERSHIP PLAN,The Comrex Corporation,Devens,MA,14345068,2,,1,0,24,21,4498393.0,,190000.0,,102339.0,1459943.0,,334310,Manufacturing,1997-07-01
2017,42298684,1,"THE MMR GROUP, INC. EMPLOYEE STOCK OWNERSHIP PLAN","The Mmr Group, Inc.",West Boylston,MA,15832115,2,,1,0,61,41,8113000.0,0.0,283318.0,,3783318.0,1713000.0,,339900,Manufacturing,1975-07-01
2017,42301242,3,"GOODY, CLANCY AND ASSOCIATES EMPLOYEE STOCK OWNERSHIP PLAN","Goody, Clancy And Associates",Boston,MA,2116,2,,1,0,116,49,2783040.0,0.0,211907.0,0.0,219981.0,1281040.0,2783040.0,541310,Professional & Technical Services,1987-07-01
2017,42318619,2,TRO CORPORATION EMPLOYEE STOCK OWNERSHIP PLAN AND TRUST,Tro Corporation,Boston,MA,2110,2,,1,0,146,0,0.0,0.0,0.0,,309658.0,-309658.0,0.0,,,2013-10-01
2017,42324804,2,TECH-ETCH EMPLOYEE STOCK OWNERSHIP PLAN,Tech-Etch,Plymouth,MA,23604803,2,,1,0,582,528,17165588.0,0.0,0.0,0.0,917151.0,1610141.0,14434063.0,332900,Manufacturing,1999-03-01
2017,42347643,2,ABT ASSOCIATES INC. EMPLOYEES STOCK OWNERSHIP PLAN,ABT ASSOCIATES INC.,Cambridge,MA,021381192,2,2I2O2Q3H3I,1,0,3808,2256,156175539.0,193480.0,7695754.0,0.0,7589468.0,30216419.0,155982060.0,541600,Professional & Technical Services,1975-01-01
2017,42348065,2,JANIS RESEARCH EMPLOYEE STOCK OWNERSHIP PLAN AND TRUST,Janis Research,Woburn,MA,18012025,2,,1,0,93,59,7128252.0,,116.0,,644600.0,744833.0,,339900,Manufacturing,1999-01-01
2017,42372206,1,STREM CHEMICALS INC. 401K AND ESOP,Strem Chemicals Inc.,Newburyport,MA,19504019,2,,1,1,81,67,18669941.0,,270692.0,392885.0,699572.0,4018681.0,,325100,Manufacturing,2001-01-01
2017,42389826,4,"NEW ENGLAND CONTROLS, INC. EMPLOYEE STOCK OWNERSHIP PLAN","New England Controls, Inc.",Mansfield,MA,2048,2,,1,0,169,136,17067324.0,0.0,1204740.0,0.0,617150.0,2809356.0,9619749.0,423990,Wholesale Trade,1986-01-01
2017,42399903,2,"THE BSC COMPANIES, INC. EMPLOYEE STOCK OWNERSHIP PLAN","The Bsc Companies, Inc.",Boston,MA,21271616,2,,1,0,61,16,354759.0,,336.0,,58996.0,-24892.0,,541330,Professional & Technical Services,1979-01-01
2017,42444641,1,"NATHAN SALLOP INSURANCE AGENCY, INC. ESOP","Nathan Sallop Insurance Agency, Inc.",Boston,MA,21144721,2,,1,0,16,16,3789558.0,,300000.0,,82803.0,135636.0,,524210,Finance & Insurance,2002-01-01
2017,42445292,2,"FRED C. CHURCH, INC. EMPLOYEES' STOCK OWNERSHIP PLAN AND TRUST","FRED C. CHURCH,INC.",Lowell,MA,01851,2,2O2Q,1,0,139,152,21509395.0,3270.0,420000.0,,173867.0,1816742.0,18032693.0,524210,Finance & Insurance,1975-01-01
2017,42453189,2,ARC/ARCHITECTURAL RESOURCES CAMBRIDGE EMPLOYEE STOCK OWNERSHIP PLAN,Arc/Architectural Resources Cambridge,Boston,MA,2116,2,,1,0,61,48,1479932.0,,4500.0,,28840.0,-24426.0,,541310,Professional & Technical Services,1999-01-01
2017,42471226,2,"AERODYNE RESEARCH, INC. EMPLOYEE STOCK OWNERSHIP PLAN","Aerodyne Research, Inc.",Billerica,MA,18213934,2,,1,0,79,68,7287843.0,,22700.0,,479414.0,220501.0,,541700,Professional & Technical Services,1985-11-26
2017,42472856,2,JAMES MONROE CORP. ESOP,James Monroe Corp.,South Lancaster,MA,1561,2,,1,0,105,93,2968326.0,,238233.0,,223398.0,295270.0,,339900,Manufacturing,1999-11-01
2017,42482120,3,CONCORD LUMBER CORP. EMPLOYEE STOCK OWNERSHIP PLAN & TRUST,Concord Lumber Corp.,Littleton,MA,1460,2,,1,0,189,108,4615657.0,0.0,,,357546.0,-332964.0,4607993.0,444190,Retail Trade,1996-04-01
2017,42501424,2,B&B ENGINEERING CORPORATION EMPLOYEE STOCK OWNERSHIP PLAN,B&B Engineering Corporation,Georgetown,MA,1833,2,,1,0,24,22,1490000.0,1281670.0,96563.0,,,707721.0,,334200,Manufacturing,2014-01-01
2017,42513930,3,F. H. CHASE INC. EMPLOYEE STOCK OWNERSHIP PLAN,F. H. Chase Inc.,Taunton,MA,27801070,2,,1,0,18,0,0.0,,,,381307.0,-358929.0,,,,2001-01-01
2017,42514329,3,"CENTRAL COATING CO., INC. EMPLOYEE STOCK OWNERSHIP PLAN","Central Coating Co., Inc.",West Boylston,MA,1583,2,,1,0,49,47,5643000.0,8648.0,440894.0,,431900.0,597316.0,,326100,Manufacturing,2004-01-01
2017,42517090,2,PHYSICAL SCIENCES INC. EMPLOYEE STOCK OWNERSHIP PLAN,Physical Sciences Inc.,Andover,MA,1810,2,,1,0,278,194,44743153.0,0.0,3765039.0,,2062300.0,8164152.0,41360810.0,541700,Professional & Technical Services,1988-07-01
2017,42547913,2,ATLANTIC PLYWOOD CORPORATION EMPLOYEE STOCK OWNERSHIP PLAN,Atlantic Plywood Corporation,Woburn,MA,18016208,2,,1,0,198,183,39014885.0,2409757.0,3171599.0,,471733.0,9862540.0,36575665.0,423300,Wholesale Trade,2008-01-01
2017,42550058,2,INTERNATIONAL CARS EMPLOYEE STOCK OWNERSHIP PLAN,International Cars,Danvers,MA,1923,2,,1,0,310,201,3793255.0,329521.0,,,203534.0,324582.0,3667772.0,441110,Retail Trade,2000-01-01
2017,42556035,2,LANDRY'S BICYCLES EMPLOYEE STOCK OWNERSHIP PLAN,Landry'S Bicycles,Natick,MA,1760,2,,1,0,101,72,1113431.0,50.0,,,26003.0,129118.0,,451110,Retail Trade,2009-10-01
2017,42557451,3,DAVID CLARK COMPANY INCORPORATED EMPLOYEE STOCK OWNERSHIP PLAN,David Clark Company Incorporated,Worcester,MA,16150054,2,,1,0,240,215,139412500.0,16869927.0,487619.0,,6591077.0,18550932.0,139412500.0,339900,Manufacturing,2007-01-01
2017,42597651,1,"INTERNATIONAL DATA GROUP, INC. EMPLOYEE STOCK OWNERSHIP PLAN","International Data Group, Inc.",Framingham,MA,17014674,2,,1,0,1203,802,6121128.0,70858.0,0.0,0.0,1303354.0,-38971.0,,511190,Information & Technology,1976-01-01
2017,42624147,5,"ELECTRO-TERM, INC. EMPLOYEE STOCK OWNERSHIP PLANS (ESOP)","Electro-Term, Inc.",Springfield,MA,1118,2,,1,0,54,32,1350000.0,,,,14423.0,-55532.0,,423600,Wholesale Trade,2008-01-01
2017,42631963,3,"NEW ENGLAND BIOLABS, INC EMPLOYEE STOCK OWNERSHIP PLAN","New England Biolabs, Inc",Ipswich,MA,1938,2,,1,0,356,344,298598742.0,0.0,7444527.0,0.0,17714342.0,31836866.0,140725814.0,325100,Manufacturing,1985-10-01
2017,42637381,2,"QUIRK WIRE CO., INC. EMPLOYEE STOCK OWNERSHIP PLAN","Quirk Wire Co., Inc.",West Brookfield,MA,1585,2,,1,0,49,32,11100632.0,328781.0,452334.0,,228518.0,1114947.0,,332610,Manufacturing,2003-01-01
2017,42699206,3,"PACKAGING CONSULTANTS, INC. EMPLOYEE STOCK OWNERSHIP PLAN & TRUST","Packaging Consultants, Inc.",New Bedford,MA,27451118,2,,1,0,10,9,320512.0,,,,,80845.0,,424990,Wholesale Trade,1990-02-01
2017,42717456,2,ATLANTIC FASTENERS EMPLOYEE STOCK OWNERSHIP PLAN,Atlantic Fasteners,Agawam,MA,10011068,2,,1,0,54,0,5930455.0,,0.0,,916.0,657841.0,,,,2005-01-01
2017,42718570,3,"SPECTRAL SCIENCES, INC. EMPLOYEE STOCK OWNERSHIP PLAN","Spectral Sciences, Inc.",Burlington,MA,18033304,2,,1,0,53,33,2601784.0,0.0,216019.0,,25818.0,835409.0,,541700,Professional & Technical Services,1993-01-01
2017,42745179,3,"SYMMES MAINI & MCKEE ASSOCIATES, INC. EMPLOYEE STOCK OWNERSHIP PLAN","Symmes Maini & Mckee Associates, Inc.",Cambridge,MA,2138,2,,1,0,164,126,5330823.0,210350.0,262237.0,,119622.0,504067.0,5330723.0,541330,Professional & Technical Services,1988-01-01
2017,42745661,2,LESSARD TAYLOR COMMUNICATIONS INC EMPLOYEE STOCK OWNERSHIP PLAN,Lessard Taylor Communications Inc,Boston,MA,2210,2,,1,0,20,14,410470.0,,,,,-265028.0,,541990,Professional & Technical Services,1998-11-01
2017,42746512,2,"MULLEN ADVERTISING, INC. EMPLOYEE STOCK OWNERSHIP PLAN","Mullen Advertising, Inc.",Boston,MA,21094308,2,,1,0,191,0,2784686.0,0.0,,,85046.0,-184628.0,0.0,,,1983-09-01
2017,42772059,2,"BARCLAY WATER TREATMENT CO., INC. EMPLOYEE STOCK OWNERSHIP PLAN","Barclay Water Treatment Co., Inc.",Newton,MA,2458,2,,1,0,202,130,20685497.0,5231308.0,1188441.0,0.0,189080.0,11483363.0,20024369.0,325900,Manufacturing,2009-10-01
2017,42774191,2,LAMPIN CORPORATION EMPLOYEE STOCK OWNERSHIP PLAN,Lampin Corporation,Uxbridge,MA,1569,2,,1,0,48,28,5682234.0,2631095.0,405492.0,0.0,243233.0,1497678.0,,333510,Manufacturing,2001-01-01
2017,42777442,3,CAMBRIDGE BANCORP EMPLOYEE STOCK OWNERSHIP PLAN,Cambridge Bancorp,Cambridge,MA,21383842,2,,1,0,299,187,27483878.0,1407044.0,340000.0,0.0,2003212.0,5888109.0,26364962.0,522110,Finance & Insurance,1986-01-01
2017,42803764,2,"CHARLES RIVER ANALYTICS, INC. EMPLOYEE STOCK OWNERSHIP PLAN","Charles River Analytics, Inc.",Cambridge,MA,2138,2,,1,0,164,127,23550000.0,12975000.0,1474050.0,,33306.0,6415000.0,23550000.0,541511,Professional & Technical Services,2012-10-01
2017,42804642,2,"REX CUT PRODUCTS, INC. EMPLOYEE STOCK OWNERSHIP PLAN","Rex Cut Products, Inc.",Fall River,MA,2722,2,,1,0,67,49,2546165.0,1354632.0,384421.0,,28205.0,627485.0,,339900,Manufacturing,2008-01-01
2017,42821431,2,"TIGHE & BOND, INC. EMPLOYEE STOCK OWNERSHIP PLAN","Tighe & Bond, Inc.",Westfield,MA,10855308,2,,1,0,294,295,14442358.0,0.0,1300000.0,0.0,528988.0,3131976.0,13060350.0,541330,Professional & Technical Services,1997-10-01
2017,42837729,3,"NELCO PRODUCTS, INC. EMPLOYEE STOCK OWNERSHIP PLAN","Nelco Products, Inc.",Pembroke,MA,23591937,2,,1,0,45,32,9921423.0,2903565.0,625270.0,0.0,268689.0,1473053.0,,423600,Wholesale Trade,2004-08-01
2017,42880295,2,"WEB INDUSTRIES, INC. EMPLOYEE STOCK OWNERSHIP PLAN","Web Industries, Inc.",Marlboro,MA,17524715,2,,1,0,590,434,147792603.0,374395.0,3942000.0,0.0,9500871.0,15508389.0,147516570.0,322200,Manufacturing,1984-10-01
2017,42887710,2,"PRELLWITZ / CHILINSKI ASSOCIATES, INC. EMPLOYEE STOCK OWNERSHIP PLAN","Prellwitz / Chilinski Associates, Inc.",Cambridge,MA,21391306,2,,1,0,66,67,5486599.0,2154385.0,304612.0,,67459.0,1000369.0,,541310,Professional & Technical Services,2006-01-01
2017,42895731,2,"WORCESTER MANUFACTURING, INC. ESOP","Worcester Manufacturing, Inc.",Worcester,MA,1605,2,,1,0,47,40,3882000.0,1994661.0,172130.0,0.0,77060.0,420633.0,,339900,Manufacturing,2012-01-01
2017,42925204,2,HARPOON BREWERY EMPLOYEE STOCK OWNERSHIP PLAN,Harpoon Brewery,Boston,MA,22102330,2,,1,0,229,160,32828654.0,44903180.0,1772108.0,,440.0,-1522818.0,31688993.0,312120,Manufacturing,2014-01-01
2017,42932946,2,"DARMANN ABRASIVE PRODUCTS, INC. EMPLOYEE STOCK OWNERSHIP PLAN","Darmann Abrasive Products, Inc.",Clinton,MA,15101914,2,,1,0,62,48,6081078.0,1188448.0,104620.0,,129854.0,1214191.0,,327900,Manufacturing,1998-10-01
2017,42941854,2,"MIDDLETON & COMPANY, INC. EMPLOYEE STOCK OWNERSHIP PLAN","Middleton & Company, Inc.",Boston,MA,2210,2,,1,0,20,12,5043636.0,693179.0,406000.0,,103632.0,1587644.0,,812990,Other Services,2003-01-01
2017,42942412,2,WASHBURN-GARFIELD CORPORATION EMPLOYEE STOCK OWNERSHIP PLAN,Washburn-Garfield Corporation,Worcester,MA,1605,2,,1,0,18,16,1502360.0,861456.0,206232.0,,1769.0,216900.0,,423700,Wholesale Trade,2007-11-01
2017,42943867,2,"SWISSTURN/USA, INC. EMPLOYEE STOCK OWNERSHIP PLAN","Swissturn/Usa, Inc.",Oxford,MA,1540,2,,1,0,48,49,2083054.0,711193.0,154052.0,,,1040770.0,,332700,Manufacturing,2015-01-01
2017,42969998,2,INTRAL CORPORATION EMPLOYEE STOCK OWNERSHIP PLAN,Intral Corporation,Quincy,MA,2169,2,,1,0,29,19,365326.0,,,,,48083.0,,541990,Professional & Technical Services,1990-06-01
2017,42993095,2,"ENVIRONMENTAL HEALTH & ENGINEERING, INC. EMPLOYEE STOCK OWNERSHIP PLAN","Environmental Health & Engineering, Inc.",Newton,MA,2459,2,,1,0,110,76,2041722.0,1055394.0,109153.0,0.0,9451.0,363384.0,,541990,Professional & Technical Services,2010-01-01
2017,43005476,1,CAPE AIR/NANTUCKET AIRLINES KSOP RETIREMENT PLAN,CAPE AIR/NANTUCKET AIRLINES,Hyannis,MA,026011924,2,2E2F2G2I2J2K2O2S2T3I,1,1,1032,786,23845259.0,0.0,208263.0,1403225.0,1559296.0,2657112.0,7219376.0,481000,Transportation & Warehousing,1995-01-01
2017,43024663,3,ACENTECH INCORPORATED EMPLOYEE STOCK OWNERSHIP PLAN,Acentech Incorporated,Cambridge,MA,2138,2,,1,0,52,56,2192673.0,0.0,574312.0,,12296.0,739679.0,,541990,Professional & Technical Services,2015-10-01
2017,43035339,2,"APPLIED MARKETING SCIENCE, INC EMPLOYEE STOCK OWNERSHIP PLAN","Applied Marketing Science, Inc",Waltham,MA,2451,2,,1,0,39,28,2739246.0,536.0,220000.0,,12084.0,152355.0,,541110,Professional & Technical Services,2011-01-01
2017,43053085,3,"SCIENTIFIC SYSTEMS COMPANY, INC. EMPLOYEE STOCK OWNERSHIP PLAN","Scientific Systems Company, Inc.",Woburn,MA,1801,2,,1,0,54,43,2126748.0,,148214.0,,,272004.0,,541600,Professional & Technical Services,2002-06-01
2017,43061714,2,"ISAACSON MILLER, INC. EMPLOYEE STOCK OWNERSHIP PLAN","Isaacson Miller, Inc.",Boston,MA,2210,2,,1,0,229,214,12217953.0,2563332.0,388514.0,,187357.0,2722371.0,11907444.0,561300,Administrative & Waste Services,2007-01-01
2017,43071690,2,"MERIDIAN ASSOCIATES, INC. EMPLOYEE STOCK OWNERSHIP PLAN","Meridian Associates, Inc.",Beverly,MA,1915,2,,1,0,40,34,1605782.0,3084884.0,253691.0,,,5977.0,,541330,Professional & Technical Services,2015-01-01
2017,43130236,2,"THE RICHMOND GROUP, INC. EMPLOYEE STOCK OWNERSHIP PLAN","The Richmond Group, Inc.",Hopkinton,MA,1748,2,,1,0,60,68,961000.0,,961000.0,,,961000.0,,236200,Construction,2017-01-01
2017,43130808,3,EAST BOSTON SAVINGS BANK EMPLOYEE STOCK OWNERSHIP PLAN,East Boston Savings Bank,Peabody,MA,1960,2,,1,0,583,440,72824824.0,20287464.0,944490.0,,246288.0,6552065.0,72415283.0,522120,Finance & Insurance,2008-01-01
2017,43130808,4,MEETINGHOUSE BANK EMPLOYEE STOCK OWNERSHIP PLAN,Meetinghouse Bank,Peabody,MA,1960,2,,1,0,33,0,583216.0,87116.0,91337.0,0.0,1619.0,84147.0,,522120,Finance & Insurance,2012-01-01
2017,43169205,2,"TATA & HOWARD, INC. EMPLOYEE STOCK OWNERSHIP PLAN","Tata & Howard, Inc.",Marlborough,MA,1752,2,,1,0,75,49,2895001.0,340793.0,36832.0,,,1480833.0,,541330,Professional & Technical Services,2014-01-01
2017,43175021,2,"BOSTON BRACE INTERNATIONAL, INC. EMPLOYEE STOCK OWNERSHIP PLAN","Boston Brace International, Inc.",Avon,MA,2322,2,,1,0,160,146,2581328.0,530474.0,302414.0,,9788.0,565424.0,1638466.0,339110,Manufacturing,2014-01-01
2017,43221989,2,"RCM SERVICES, INC. EMPLOYEE STOCK OWNERSHIP PLAN","Rcm Services, Inc.",Allston,MA,2134,2,,1,0,57,56,3060000.0,4509609.0,347479.0,,,2417534.0,,561720,Administrative & Waste Services,2015-01-01
2017,43223296,2,"OEM CONNECT, LTD EMPLOYEE STOCK OWNERSHIP PLAN","Oem Connect, Ltd",North Reading,MA,1864,2,,1,0,39,30,6532566.0,,512960.0,,145849.0,1081565.0,,322200,Manufacturing,2010-01-01
2017,43247749,3,DIAMOND ANTENNA AND MICROWAVE CORPORATION EMPLOYEE STOCK OWNERSHIP,Diamond Antenna And Microwave Corporation,Littleton,MA,1460,2,,1,0,86,61,12391264.0,0.0,195178.0,0.0,195178.0,4268752.0,,335900,Manufacturing,2008-09-01
2017,43258366,2,SPEC EMPLOYEE STOCK OWNERSHIP PLAN,Spec,Burlington,MA,18033404,2,,1,0,32,20,941079.0,243223.0,64771.0,0.0,2502.0,227437.0,,541330,Professional & Technical Services,2010-01-01
2017,43297570,2,"EXPERT LASER SERVICES, INC. EMPLOYEE STOCK OWNERSHIP PLAN","Expert Laser Services, Inc.",Southbridge,MA,1550,2,,1,0,43,33,197163.0,0.0,,,23963.0,-7459.0,,,,2005-01-01
2017,43347358,3,"NEVO TECHNOLOGIES, INC EMPLOYEE STOCK OWNERSHIP PLAN","Nevo Technologies, Inc",Cambridge,MA,2138,2,,1,0,20,12,7170000.0,6294593.0,477505.0,,3756.0,-554005.0,,541511,Professional & Technical Services,2009-01-01
2017,43401502,2,"CARNEY, SANDOE & ASSOCIATES EMPLOYEE STOCK OWNERSHIP PLAN","Carney, Sandoe & Associates",Boston,MA,2110,2,,1,0,35,28,18367092.0,4669829.0,15000.0,,17212.0,6881934.0,,561300,Administrative & Waste Services,2013-01-01
2017,43402944,3,"BROOKLINE BANCORP, INC EMPLOYEE STOCK OWNERSHIP PLAN","Brookline Bancorp, Inc",Boston,MA,2117,2,,1,0,764,599,13499931.0,1251914.0,337809.0,,1157305.0,-1327692.0,13213340.0,522110,Finance & Insurance,1997-11-01
2017,43448069,2,"DMH ELECTRIC, INC. EMPLOYEE STOCK OWNERSHIP PLAN AND TRUST","Dmh Electric, Inc.",Sterling,MA,1564,2,,1,0,46,44,1891264.0,9410780.0,631264.0,,,-7519516.0,,238210,Construction,2017-11-01
2017,43484613,2,TRI-WIRE EMPLOYEE STOCK OWNERSHIP PLAN,Tri-Wire,Tewksbury,MA,1876,2,,1,0,672,491,3558800.0,17218526.0,1175101.0,,168.0,2711828.0,3558800.0,517000,Information & Technology,2016-01-01
2017,43497377,3,THE PROVIDENT BANK EMPLOYEE STOCK OWNERSHIP PLAN,The Provident Bank,Amesbury,MA,1913,2,,1,0,95,113,9342494.0,2945960.0,309362.0,,53439.0,3158792.0,,522120,Finance & Insurance,2015-01-01
2017,43520315,2,"INTERACTION ASSOCIATES, INC. EMPLOYEE STOCK OWNERSHIP PLAN","Interaction Associates, Inc.",Boston,MA,2210,2,,1,0,59,24,900000.0,1308351.0,274487.0,,13890.0,125937.0,,,,2009-01-01
2017,43531186,2,"WOODLAND PARTNERS, INC. EMPLOYEE STOCK OWNERSHIP PLAN","Woodland Partners, Inc.",Walpole,MA,2081,2,,1,0,23,24,5256737.0,,574087.0,,,1526004.0,,424400,Wholesale Trade,2015-01-01
2017,43533865,2,"VALLEY GREEN, INC. EMPLOYEE STOCK OWNERSHIP PLAN","Valley Green, Inc.",Holyoke,MA,1040,2,,1,0,42,44,560520.0,479212.0,268184.0,,,124637.0,,444200,Retail Trade,2015-01-01
2017,43553283,2,NMR GROUP EMPLOYEE STOCK OWNERSHIP PLAN,Nmr Group,Somerville,MA,21442759,2,,1,0,46,40,2361041.0,1473650.0,628000.0,0.0,0.0,612391.0,,541910,Professional & Technical Services,2016-01-01
2017,43577380,1,"DAYMARK ENERGY ADVISORS, INC. EMPLOYEE STOCK OWNERSHIP PLAN","Daymark Energy Advisors, Inc.",Worcester,MA,1608,2,,1,0,31,28,2559203.0,69.0,175000.0,,226567.0,493790.0,,541990,Professional & Technical Services,2001-08-29
2017,455603992,2,"SHIFT COMMUNICATIONS, INC. EMPLOYEE STOCK OWNERSHIP PLAN","Shift Communications, Inc.",Boston,MA,2116,2,,1,0,1,0,1866.0,0.0,,,1399154.0,-1393428.0,,,,2012-07-26
2017,463044208,4,THE L.S. STARRETT COMPANY 2013 EMPLOYEE STOCK OWNERSHIP PLAN AND TRUST,The L.S. Starrett Company,Athol,MA,13311915,2,,1,0,557,522,406344.0,100.0,,,64812.0,-192257.0,393929.0,322100,Manufacturing,2013-02-05
2017,471008886,2,"FIRST AMENDED AND RESTATED CREATIVE FINANCIAL STAFFING, INC. EMPLOYEE STOCK OWNERSHIP PLAN","Creative Financial Staffing, Inc.",Boston,MA,2110,2,,1,0,451,258,40989636.0,1070578.0,186438.0,,81981.0,14396947.0,40980000.0,561300,Administrative & Waste Services,2014-07-28
2017,521405842,3,"CENTRA TECHNOLOGY, INC. EMPLOYEE STOCK OWNERSHIP PLAN","Centra Technology, Inc.",Burlington,MA,1803,2,,1,0,407,292,8966911.0,0.0,33149.0,,1811901.0,-2096980.0,8445685.0,541330,Professional & Technical Services,2005-01-01
2017,651174540,2,SEAL-RYT CORP. EMPLOYEE STOCK OWNERSHIP PLAN AND TRUST,Seal-Ryt Corp.,Westfield,MA,1085,2,,1,0,23,22,288478.0,312166.0,147627.0,,12527.0,-293688.0,,238290,Construction,2015-01-01
2017,731627673,3,"EMPLOYEE STOCK OWNERSHIP PLAN OF WESTFIELD FINANCIAL, INC.","Westfield Financial, Inc.",Westfield,MA,10852923,2,,1,0,321,243,20688428.0,7134853.0,1253517.0,0.0,241344.0,3381704.0,19453775.0,522120,Finance & Insurance,2002-01-01
2017,743073286,3,ENVISION BANK EMPLOYEE STOCK OWNERSHIP PLAN,Envision Bank,Stoughton,MA,2072,2,,1,0,167,150,7197325.0,4379547.0,300506.0,0.0,15256.0,-253435.0,7196065.0,522120,Finance & Insurance,2016-07-01
2017,813645861,2,SHAWMUT GROUP EMPLOYEE STOCK OWNERSHIP PLAN,Shawmut Group,Boston,MA,21182436,2,,1,0,789,789,194892679.0,44610840.0,4487681.0,0.0,19700867.0,19274995.0,186826494.0,236200,Construction,1997-12-01
2017,822323992,4,"THE CADMUS HOLDING COMPANY, INC. EMPLOYEE STOCK OWNERSHIP PLAN","The Cadmus Holding Company, Inc.",Waltham,MA,24518727,2,,1,0,670,414,29297724.0,5274530.0,1003621.0,0.0,1761330.0,-9245449.0,29297724.0,541600,Professional & Technical Services,2002-05-01
2018,113672395,2,ARTEL VIDEO SYSTEMS CORPORATION EMPLOYEE STOCK OWNERSHIP PLAN,Artel Video Systems Corporation,Westford,MA,18863617,2,,1,0,50,26,43046.0,3874220.0,664936.0,0.0,3695.0,-48500.0,,334310,Manufacturing,2014-01-01
2018,201998367,2,"WESTON & SAMPSON, INC. EMPLOYEE STOCK OWNERSHIP PLAN","Weston & Sampson, Inc.",Reading,MA,1867,2,,1,0,395,379,5177401.0,0.0,1500000.0,,73285.0,1686964.0,3202101.0,541330,Professional & Technical Services,2014-01-01
2018,203724403,2,VERTEX EMPLOYEE STOCK OWNERSHIP PLAN,Vertex,Weymouth,MA,2189,2,,1,0,342,286,29800000.0,20846620.0,1491809.0,,48807.0,8486766.0,29800000.0,541330,Professional & Technical Services,2013-01-01
2018,204270900,1,PARAGUS STRATEGIC IT EMPLOYEE STOCK OWNERSHIP PLAN,Paragus Strategic It,Hadley,MA,1035,2,,1,0,69,40,1614005.0,1557693.0,97563.0,,4714.0,109939.0,,541519,Professional & Technical Services,2015-01-01
2018,208135911,2,"WINDOVER CONSTRUCTION, INC. EMPLOYEE STOCK OWNERSHIP PLAN","Windover Construction, Inc.",Beverly,MA,1915,2,,1,0,88,80,4392000.0,480700.0,32500.0,,,1415300.0,,541990,Professional & Technical Services,2017-01-01
2018,261697053,2,SCC AND INTEGRATED IT HOLDING CORP EMPLOYEE STOCK OWNERSHIP PLAN AND TRUST,Scc And Integrated It Holding Corp,Waltham,MA,24511703,2,,1,0,228,157,14646156.0,135.0,417740.0,0.0,73009955.0,-55906161.0,0.0,,,2008-01-01
2018,263038320,2,"AVWATCH, INC. EMPLOYEE STOCK OWNERSHIP PLAN","Avwatch, Inc.",Plymouth,MA,2360,2,,1,0,12,7,63036.0,,26000.0,,,26025.0,,541370,Professional & Technical Services,2016-01-01
2018,270396940,3,CONSIGLI BUILDING GROUP EMPLOYEE STOCK OWNERSHIP PLAN,Consigli Building Group,Milford,MA,1757,2,,1,0,675,699,166803000.0,947302.0,40989.0,,3168.0,165819254.0,166803000.0,236200,Construction,2017-01-01
2018,364488912,1,"ASHWORTH INTERNATIONAL, INC. EMPLOYEE STOCK OWNERSHIP PLAN","Ashworth International, Inc.",Fall River,MA,2721,2,,1,0,144,118,13037455.0,14144616.0,1620133.0,,30704.0,-1133916.0,11241885.0,551112,Management of Companies,2016-01-01
2018,41110170,1,BOURNEUF CORPORATION EMPLOYEE STOCK OWNERSHIP PLAN,Bourneuf Corporation,Lynn,MA,19024402,2,,1,0,19,18,796552.0,0.0,0.0,0.0,23470.0,-17213.0,,423700,Wholesale Trade,1997-09-01
2018,41123040,3,HARBORONE BANK EMPLOYEE STOCK OWNERSHIP PLAN,Harborone Bank,Brockton,MA,2301,2,,1,0,361,404,18717182.0,10440291.0,891784.0,0.0,140674.0,-3596529.0,18717182.0,522130,Finance & Insurance,2016-01-01
2018,41123740,3,BROCKWAY-SMITH COMPANY EMPLOYEE STOCK OWNERSHIP PLAN & TRUST,Brockway-Smith Company,Wilmington,MA,18871018,2,,1,0,99,81,8424843.0,432727.0,,,1614960.0,128341.0,7592718.0,423300,Wholesale Trade,1976-01-01
2018,41203530,2,SPAULDING BRICK EMPLOYEE STOCK OWNERSHIP PLAN,Spaulding Brick,Wilmington,MA,1887,2,,1,0,29,24,10469097.0,125000.0,732533.0,,220897.0,1664956.0,,423300,Wholesale Trade,1997-01-01
2018,412126830,2,BBN TECHNOLOGIES EMPLOYEE STOCK OWNERSHIP PLAN,Bbn Technologies,Cambridge,MA,2138,2,,1,0,285,0,5070.0,0.0,,,201153.0,-201289.0,,,,2004-03-27
2018,41309690,4,FIDUCIARY TRUST COMPANY EMPLOYEE STOCK OWNERSHIP PLAN,Fiduciary Trust Company,Boston,MA,2109,2,,1,0,157,97,30540262.0,0.0,,,4072550.0,-4390700.0,30135372.0,523900,Finance & Insurance,1985-01-01
2018,41466100,3,BLUE HILLS BANK EMPLOYEE STOCK OWNERSHIP PLAN,Blue Hills Bank,Hyde Park,MA,2136,2,,1,0,244,205,49380117.0,20101063.0,5849.0,,86247.0,4043954.0,48341992.0,522120,Finance & Insurance,2014-01-01
2018,41611080,2,MELROSE COOPERATIVE BANK EMPLOYEE STOCK OWNERSHIP PLAN,Melrose Cooperative Bank,Melrose,MA,2176,2,,1,0,25,23,4058339.0,1968719.0,39456.0,,9499.0,-418348.0,,522190,Finance & Insurance,2014-07-01
2018,41682990,1,"NYE LUBRICANTS, INC. EMPLOYEE STOCK OWNERSHIP PLAN","Nye Lubricants, Inc.",Fairhaven,MA,27190000,2,,1,0,106,81,13734450.0,0.0,,,296238.0,5653637.0,13365868.0,325900,Manufacturing,2001-01-01
2018,41728400,2,PILGRIM BANK EMPLOYEE STOCK OWNERSHIP PLAN,Pilgrim Bank,Cohasset,MA,2025,2,,1,0,33,32,4070451.0,1575790.0,106270.0,0.0,20658.0,1124437.0,,,,2014-01-01
2018,41810570,2,SAVOGRAN COMPANY EMPLOYEE STOCK OWNERSHIP PLAN,Savogran Company,Norwood,MA,2062,2,,1,0,10,9,2646755.0,,,,234700.0,-378250.0,,325500,Manufacturing,1988-01-01
2018,41866480,2,THE L.S.STARRETT COMPANY EMPLOYEE STOCK OWNERSHIP PLAN,The L.S.Starrett Company,Athol,MA,13311915,2,,1,0,509,283,3311790.0,2000.0,,,393189.0,-266407.0,3309901.0,332210,Manufacturing,1994-07-01
2018,42041237,3,"CHANNING BETE COMPANY, INC. EMPLOYEE STOCK OWNERSHIP PLAN","Channing Bete Company, Inc.",South Deerfield,MA,13730200,2,,1,0,152,101,13424049.0,0.0,,,19701622.0,-8030885.0,0.0,323100,Manufacturing,1996-01-01
2018,42044378,2,"WILLIAMS STONE CO. , INC. EMPLOYEE STOCK OWNERSHIP PLAN","Williams Stone Co. , Inc.",East Otis,MA,1029,2,,1,0,62,42,13915986.0,1313765.0,144135.0,,,-580501.0,,212310,"Mining, Oil & Gas",2005-01-01
2018,42086300,2,FRASER ENGINEERING COMPANY EMPLOYEE STOCK OWNERSHIP PLAN,Fraser Engineering Company,Newton,MA,24609142,2,,1,0,76,47,895970.0,76934.0,70488.0,,75154.0,45876.0,,238220,Construction,2003-01-01
2018,42170946,2,"PAUL K. GUILLOW, INC. EMPLOYEE STOCK OWNERSHIP PLAN AND TRUST","Paul K. Guillow, Inc.",Wakefield,MA,18800329,2,,1,0,58,37,681242.0,,79532.0,,81397.0,-5216.0,,321900,Manufacturing,1986-11-01
2018,42175284,3,"GREEN INTERNATIONAL AFFILIATES, INC. EMPLOYEE STOCK OWNERSHIP PLAN","Green International Affiliates, Inc.",Westford,MA,1886,2,,1,0,70,74,600000.0,0.0,300000.0,0.0,0.0,300000.0,,541330,Professional & Technical Services,2017-04-01
2018,42188202,3,"WIREFAB, INC. EMPLOYEE STOCK OWNERSHIP PLAN","Wirefab, Inc.",Worcester,MA,1607,2,,1,0,40,38,3008920.0,19040.0,100000.0,,12000.0,51104.0,,332610,Manufacturing,1991-01-01
2018,42259905,4,COUNTRY CURTAINS EMPLOYEE STOCK OWNERSHIP PLAN,Country Curtains,Pittsfield,MA,1202,2,,1,0,250,18,2450933.0,1615363.0,0.0,0.0,971790.0,-438407.0,146605.0,454110,Retail Trade,1995-07-01
2018,42264013,3,"D.N. LUKENS, INC. EMPLOYEE STOCK OWNERSHIP PLAN","D.N. Lukens, Inc.",Westboro,MA,15811023,2,,1,0,31,0,1059076.0,0.0,0.0,0.0,50000.0,-50000.0,,424600,Wholesale Trade,1977-01-01
2018,42272126,4,"CAPE COD LUMBER CO., INC. EMPLOYEE STOCK OWNERSHIP PLAN","Cape Cod Lumber Co., Inc.",Abington,MA,2351,2,,1,0,89,84,12804579.0,2848163.0,751264.0,,30137.0,2603742.0,,423300,Wholesale Trade,2014-01-01
2018,42273500,2,"L. P. M. HOLDING COMPANY, INC, EMPLOYEE STOCK OWNERSHIP PLAN","L. P. M. Holding Company, Inc",Maynard,MA,1754,2,,1,0,313,240,1211605.0,0.0,330000.0,,29769.0,292628.0,,541990,Professional & Technical Services,2016-01-01
2018,42274728,3,FEINGOLD & FEINGOLD INSURANCE AGENCY INC. EMPLOYEE STOCK OWNERSHIP PLAN,Feingold & Feingold Insurance Agency Inc.,Worcester,MA,1608,2,,1,0,24,18,1080922.0,,43000.0,0.0,73066.0,-55036.0,,524210,Finance & Insurance,1988-01-01
2018,42279997,4,THE COMREX CORPORATION EMPLOYEE STOCK OWNERSHIP PLAN,The Comrex Corporation,Devens,MA,14345068,2,,1,0,23,22,5958539.0,2500000.0,300000.0,,987.0,-1039854.0,,334310,Manufacturing,1997-07-01
2018,42298684,1,"THE MMR GROUP, INC. EMPLOYEE STOCK OWNERSHIP PLAN","The Mmr Group, Inc.",Spencer,MA,1562,2,,1,0,60,35,2415740.0,0.0,,,9430880.0,-5697260.0,,339900,Manufacturing,1975-07-01
2018,42301242,3,"GOODY, CLANCY & ASSOCIATES EMPLOYEE STOCK OWNERSHIP PLAN","Goody, Clancy & Associates",Boston,MA,2116,2,,1,0,88,51,3752000.0,0.0,238521.0,0.0,238521.0,968960.0,3752000.0,541310,Professional & Technical Services,1987-07-01
2018,42324804,2,TECH-ETCH EMPLOYEE STOCK OWNERSHIP PLAN,Tech-Etch,Plymouth,MA,23604803,2,,1,0,566,565,39704989.0,40710382.0,4534267.0,0.0,923071.0,-17513162.0,39173227.0,332900,Manufacturing,1999-03-01
2018,42347643,2,ABT ASSOCIATES INC. EMPLOYEES STOCK OWNERSHIP PLAN,ABT ASSOCIATES INC.,Cambridge,MA,021381192,2,2I2O2Q3H3I,1,0,4122,2204,174567525.0,74505.0,8762832.0,0.0,8813874.0,18510961.0,174493020.0,541600,Professional & Technical Services,1975-01-01
2018,42348065,2,JANIS RESEARCH EMPLOYEE STOCK OWNERSHIP PLAN AND TRUST,Janis Research,Woburn,MA,18013140,2,,1,0,95,59,7265535.0,,128.0,,247493.0,137283.0,,339900,Manufacturing,1999-01-01
2018,42389826,4,"NEW ENGLAND CONTROLS, INC. EMPLOYEE STOCK OWNERSHIP PLAN","New England Controls, Inc.",Mansfield,MA,2048,2,,1,0,175,145,24007853.0,0.0,1206804.0,0.0,2055383.0,6940529.0,17545585.0,423990,Wholesale Trade,1986-01-01
2018,42399903,2,"THE BSC COMPANIES, INC. EMPLOYEE STOCK OWNERSHIP PLAN","The Bsc Companies, Inc.",Boston,MA,21271616,2,,1,0,54,33,408133.0,0.0,0.0,0.0,2486.0,53374.0,,541330,Professional & Technical Services,1979-01-01
2018,42444641,1,SALLOP INSURANCE EMPLOYEE STOCK OWNERSHIP PLAN,Sallop Insurance,Boston,MA,21144721,2,,1,0,17,15,4447595.0,,300000.0,,,658037.0,,524210,Finance & Insurance,2002-01-01
2018,42445292,2,"FRED C. CHURCH, INC. EMPLOYEES' STOCK OWNERSHIP PLAN AND TRUST","FRED C. CHURCH,INC.",Lowell,MA,01851,2,2O2Q,1,0,156,144,26305939.0,3270.0,433377.0,,1088852.0,4799814.0,22131389.0,524210,Finance & Insurance,1975-01-01
2018,42453189,2,ARC/ARCHITECTURAL RESOURCES CAMBRIDGE EMPLOYEE STOCK OWNERSHIP PLAN,Arc/Architectural Resources Cambridge,Boston,MA,2116,2,,1,0,64,38,1198816.0,,11588.0,,283288.0,-281116.0,,541310,Professional & Technical Services,1999-01-01
2018,42471226,2,"AERODYNE RESEARCH, INC. EMPLOYEE STOCK OWNERSHIP PLAN","Aerodyne Research, Inc.",Billerica,MA,18213934,2,,1,0,77,60,5658580.0,,9380.0,,575862.0,-1629263.0,,541700,Professional & Technical Services,1985-11-26
2018,42472856,2,JAMES MONROE CORP. ESOP,James Monroe Corp.,South Lancaster,MA,1561,2,,1,0,107,100,2230713.0,,264454.0,,95293.0,-737613.0,,339900,Manufacturing,1999-11-01
2018,42482120,3,CONCORD LUMBER CORP. EMPLOYEE STOCK OWNERSHIP PLAN & TRUST,Concord Lumber Corp.,Littleton,MA,1460,2,,1,0,216,109,4579487.0,60.0,,,222531.0,-36230.0,4572033.0,444190,Retail Trade,1996-04-01
2018,42501424,2,B&B ENGINEERING CORPORATION EMPLOYEE STOCK OWNERSHIP PLAN,B&B Engineering Corporation,Georgetown,MA,1833,2,,1,0,25,21,1920000.0,1222274.0,99546.0,,2982.0,489396.0,,334200,Manufacturing,2014-01-01
2018,42514329,3,"CENTRAL COATING CO., INC. EMPLOYEE STOCK OWNERSHIP PLAN","Central Coating Co., Inc.",West Boylston,MA,1583,2,,1,0,56,52,5728000.0,0.0,393987.0,,384643.0,93648.0,,326100,Manufacturing,2004-01-01
2018,42517090,2,PHYSICAL SCIENCES INC. EMPLOYEE STOCK OWNERSHIP PLAN,Physical Sciences Inc.,Andover,MA,1810,2,,1,0,336,211,46848391.0,11647.0,3585543.0,,4668328.0,2093591.0,44533372.0,541700,Professional & Technical Services,1988-07-01
2018,42547913,2,ATLANTIC PLYWOOD CORPORATION EMPLOYEE STOCK OWNERSHIP PLAN,Atlantic Plywood Corporation,Wodburn,MA,1801,2,,1,0,216,0,11973859.0,0.0,0.0,,26666456.0,-24631269.0,0.0,423300,Wholesale Trade,2008-01-01
2018,42550058,2,INTERNATIONAL CARS EMPLOYEE STOCK OWNERSHIP PLAN,International Cars,Danvers,MA,1923,2,,1,0,340,210,3587744.0,220595.0,,,272682.0,-96585.0,3362247.0,441110,Retail Trade,2000-01-01
2018,42556035,2,LANDRY'S BICYCLES EMPLOYEE STOCK OWNERSHIP PLAN,Landry'S Bicycles,Natick,MA,1760,2,,1,0,99,73,1225688.0,,33000.0,,27348.0,112307.0,,451110,Retail Trade,2009-10-01
2018,42557451,3,DAVID CLARK COMPANY INCORPORATED EMPLOYEE STOCK OWNERSHIP PLAN,David Clark Company Incorporated,Worcester,MA,16150054,2,,1,0,235,215,155420000.0,22933763.0,1160094.0,,5960443.0,9943664.0,155420000.0,339900,Manufacturing,2007-01-01
2018,42597651,1,"INTERNATIONAL DATA GROUP, INC. EMPLOYEE STOCK OWNERSHIP PLAN","International Data Group, Inc.",Framingham,MA,17014674,2,,1,0,1204,704,5627581.0,70858.0,0.0,0.0,707883.0,-493547.0,,511190,Information & Technology,1976-01-01
2018,42624147,5,"ELECTRO-TERM, INC. EMPLOYEE STOCK OWNERSHIP PLAN (ESOP)","Electro-Term, Inc.",Springfield,MA,1118,2,,1,0,65,30,1567502.0,26256.0,40000.0,0.0,35518.0,37577.0,,423600,Wholesale Trade,2008-01-01
2018,42631963,3,"NEW ENGLAND BIOLABS, INC. EMPLOYEE STOCK OWNERSHIP PLAN","New England Biolabs, Inc.",Ipswich,MA,1938,2,,1,0,380,360,317053791.0,0.0,8883000.0,0.0,65075735.0,18455049.0,172316142.0,325100,Manufacturing,1985-10-01
2018,42637381,2,"QUIRK WIRE CO., INC. EMPLOYEE STOCK OWNERSHIP PLAN","Quirk Wire Co., Inc.",West Brookfield,MA,1585,2,,1,0,51,35,11312415.0,0.0,639776.0,,1687411.0,540564.0,,332610,Manufacturing,2003-01-01
2018,42699206,3,"PACKAGING CONSULTANTS, INC. EMPLOYEE STOCK OWNERSHIP PLAN & TRUST","Packaging Consultants, Inc.",New Bedford,MA,27451118,2,,1,0,11,10,318008.0,,,,98436.0,-2504.0,,424990,Wholesale Trade,1990-02-01
2018,42717456,2,ATLANTIC FASTENERS EMPLOYEE STOCK OWNERSHIP PLAN,Atlantic Fasteners,Agawam,MA,10011068,2,,1,0,54,0,0.0,,,,5948724.0,-5930455.0,,,,2005-01-01
2018,42718570,3,"SPECTRAL SCIENCES, INC. EMPLOYEE STOCK OWNERSHIP PLAN","Spectral Sciences, Inc.",Burlington,MA,18033304,2,,1,0,53,36,3087710.0,0.0,166971.0,,35058.0,485926.0,,541700,Professional & Technical Services,1993-01-01
2018,42745179,3,"SYMMES MAINI & MCKEE ASSOCIATES, INC. EMPLOYEE STOCK OWNERSHIP PLAN","Symmes Maini & Mckee Associates, Inc.",Cambridge,MA,2138,2,,1,0,171,120,5861494.0,105175.0,114640.0,,491040.0,635846.0,5861394.0,541330,Professional & Technical Services,1988-01-01
2018,42745661,2,LESSARD TAYLOR COMMUNICATIONS INC EMPLOYEE STOCK OWNERSHIP PLAN,Lessard Taylor Communications Inc,Boston,MA,2210,2,,1,0,16,13,435686.0,,,,43.0,25216.0,,541990,Professional & Technical Services,1998-11-01
2018,42746512,2,"MULLEN ADVERTISING, INC. EMPLOYEE STOCK OWNERSHIP PLAN","Mullen Advertising, Inc.",Boston,MA,21094308,2,,1,0,233,0,0.0,0.0,,,2784341.0,-2784686.0,0.0,,,1983-09-01
2018,42772059,2,"BARCLAY WATER TREATMENT CO., INC. EMPLOYEE STOCK OWNERSHIP PLAN","Barclay Water Treatment Co., Inc.",Newton,MA,2458,2,,1,0,235,147,27748533.0,4975286.0,1628766.0,0.0,335956.0,7319058.0,26142583.0,325900,Manufacturing,2009-10-01
2018,42774191,2,LAMPIN CORPORATION EMPLOYEE STOCK OWNERSHIP PLAN,Lampin Corporation,Uxbridge,MA,1569,2,,1,0,49,29,5976755.0,2354527.0,405492.0,0.0,543045.0,571089.0,,333510,Manufacturing,2001-01-01
2018,42777442,3,CAMBRIDGE BANCORP EMPLOYEE STOCK OWNERSHIP PLAN,Cambridge Bancorp,Cambridge,MA,21383842,2,,1,0,205,192,24213270.0,0.0,340000.0,0.0,3866783.0,-1863564.0,23873270.0,522110,Finance & Insurance,1986-01-01
2018,42803764,2,"CHARLES RIVER ANALYTICS, INC. EMPLOYEE STOCK OWNERSHIP PLAN","Charles River Analytics, Inc.",Cambridge,MA,2138,2,,1,0,178,132,26950000.0,12110000.0,1404760.0,,0.0,4265000.0,26950000.0,541511,Professional & Technical Services,2012-10-01
2018,42804642,2,"REX CUT PRODUCTS, INC. EMPLOYEE STOCK OWNERSHIP PLAN","Rex Cut Products, Inc.",Fall River,MA,2722,2,,1,0,69,48,2356398.0,1080779.0,555471.0,,223098.0,84086.0,,339900,Manufacturing,2008-01-01
2018,42821431,2,"TIGHE & BOND, INC. EMPLOYEE STOCK OWNERSHIP PLAN","Tighe & Bond, Inc.",Westfield,MA,10855308,2,,1,0,327,341,17066880.0,0.0,215000.0,0.0,1281258.0,2627424.0,16750800.0,541330,Professional & Technical Services,1997-10-01
2018,42837729,3,"NELCO PRODUCTS, INC. EMPLOYEE STOCK OWNERSHIP PLAN","Nelco Products, Inc.",Pembroke,MA,23591937,2,,1,0,37,30,11102157.0,2677711.0,668502.0,0.0,451903.0,1406588.0,,423600,Wholesale Trade,2004-08-01
2018,42880295,2,"WEB INDUSTRIES, INC. EMPLOYEE STOCK OWNERSHIP PLAN","Web Industries, Inc.",Marlboro,MA,17524715,2,,1,0,678,497,158434057.0,525756.0,4642870.0,0.0,9327760.0,10490093.0,157708440.0,322200,Manufacturing,1984-10-01
2018,42887710,2,"PRELLWITZ / CHILINSKI ASSOCIATES, INC. EMPLOYEE STOCK OWNERSHIP PLAN","Prellwitz / Chilinski Associates, Inc.",Cambridge,MA,21391306,2,,1,0,90,63,6600225.0,2019565.0,350484.0,,138973.0,1248446.0,,541310,Professional & Technical Services,2006-01-01
2018,42895731,2,"WORCESTER MANUFACTURING, INC. ESOP","Worcester Manufacturing, Inc.",Worcester,MA,1605,2,,1,0,52,43,5228000.0,2421987.0,215137.0,0.0,262663.0,918674.0,,339900,Manufacturing,2012-01-01
2018,42925204,2,HARPOON BREWERY EMPLOYEE STOCK OWNERSHIP PLAN,Harpoon Brewery,Boston,MA,22102330,2,,1,0,262,166,27904959.0,41421732.0,1110264.0,,418.0,-1442247.0,27328632.0,312120,Manufacturing,2014-01-01
2018,42932946,2,"DARMANN ABRASIVE PRODUCTS, INC. EMPLOYEE STOCK OWNERSHIP PLAN","Darmann Abrasive Products, Inc.",Clinton,MA,15101914,2,,1,0,71,59,5761478.0,1119348.0,104620.0,,230901.0,-250500.0,,327900,Manufacturing,1998-10-01
2018,42941854,2,"MIDDLETON & COMPANY, INC. EMPLOYEE STOCK OWNERSHIP PLAN","Middleton & Company, Inc.",Boston,MA,2210,2,,1,0,21,15,5411143.0,568041.0,300000.0,,150289.0,492645.0,,812990,Other Services,2003-01-01
2018,42942412,2,WASHBURN-GARFIELD CORPORATION EMPLOYEE STOCK OWNERSHIP PLAN,Washburn-Garfield Corporation,Worcester,MA,1605,2,,1,0,21,18,1780961.0,703989.0,256232.0,,1835.0,436068.0,,423700,Wholesale Trade,2007-11-01
2018,42943867,2,"SWISSTURN/USA, INC. EMPLOYEE STOCK OWNERSHIP PLAN","Swissturn/Usa, Inc.",Oxford,MA,1540,2,,1,0,51,52,5065988.0,1887809.0,122069.0,,,1806318.0,,332700,Manufacturing,2015-01-01
2018,42969998,2,INTRAL CORPORATION EMPLOYEE STOCK OWNERSHIP PLAN,Intral Corporation,Quincy,MA,2169,2,,1,0,26,0,0.0,,,,365326.0,-365326.0,,541990,Professional & Technical Services,1990-06-01
2018,42993095,2,"ENVIRONMENTAL HEALTH & ENGINEERING, INC. EMPLOYEE STOCK OWNERSHIP PLAN","Environmental Health & Engineering, Inc.",Newton,MA,2459,2,,1,0,118,77,2176389.0,921771.0,75363.0,0.0,51577.0,268290.0,,541990,Professional & Technical Services,2010-01-01
2018,43005476,1,CAPE AIR/NANTUCKET AIRLINES KSOP RETIREMENT PLAN,CAPE AIR/NANTUCKET AIRLINES,Hyannis,MA,026011924,2,2E2F2G2I2J2K2O2S2T3I,1,1,1095,713,22644435.0,0.0,275835.0,1724727.0,1975573.0,-1200824.0,5635758.0,481000,Transportation & Warehousing,1995-01-01
2018,43024663,3,ACENTECH INCORPORATED EMPLOYEE STOCK OWNERSHIP PLAN,Acentech Incorporated,Cambridge,MA,2138,2,,1,0,61,61,3177899.0,0.0,842963.0,,22612.0,985226.0,,541990,Professional & Technical Services,2015-10-01
2018,43035339,2,"APPLIED MARKETING SCIENCE, INC. EMPLOYEE STOCK OWNERSHIP PLAN","Applied Marketing Science, Inc.",Waltham,MA,2451,2,,1,0,43,29,2898356.0,476.0,,,12425.0,159170.0,,541110,Professional & Technical Services,2011-01-01
2018,43038026,2,WRIGHT ARCHITECTURAL MILLWORK CORPORATION EMPLOYEE STOCK OWNERSHIP PLAN AND TRUST,Wright Architectural Millwork Corporation,Northampton,MA,1060,2,,1,0,44,47,480000.0,465381.0,24914.0,,0.0,14619.0,,321900,Manufacturing,2018-01-01
2018,43053085,3,"SCIENTIFIC SYSTEMS COMPANY, INC. EMPLOYEE STOCK OWNERSHIP PLAN","Scientific Systems Company, Inc.",Woburn,MA,1801,2,,1,0,56,42,1960607.0,,,,199093.0,-166141.0,,541600,Professional & Technical Services,2002-06-01
2018,43061714,2,"ISAACSON MILLER, INC. EMPLOYEE STOCK OWNERSHIP PLAN","Isaacson Miller, Inc.",Boston,MA,2210,2,,1,0,255,205,14219057.0,2294894.0,388514.0,,122872.0,2269542.0,14026410.0,561300,Administrative & Waste Services,2007-01-01
2018,43071690,2,"MERIDIAN ASSOCIATES, INC. EMPLOYEE STOCK OWNERSHIP PLAN","Meridian Associates, Inc.",Beverly,MA,1915,2,,1,0,41,34,978122.0,2970013.0,255777.0,,2086.0,-512789.0,,541330,Professional & Technical Services,2015-01-01
2018,43130236,2,"THE RICHMOND GROUP, INC. EMPLOYEE STOCK OWNERSHIP PLAN","The Richmond Group, Inc.",Hopkinton,MA,1748,2,,1,0,70,71,11428000.0,5525978.0,1255571.0,,,4941022.0,,236200,Construction,2017-01-01
2018,43130808,3,EAST BOSTON SAVINGS BANK EMPLOYEE STOCK OWNERSHIP PLAN,East Boston Savings Bank,Peabody,MA,1960,2,,1,0,612,475,50210018.0,19598821.0,825265.0,,1033352.0,-21926163.0,49560747.0,522120,Finance & Insurance,2008-01-01
2018,43169205,2,"TATA & HOWARD, INC. EMPLOYEE STOCK OWNERSHIP PLAN","Tata & Howard, Inc.",Marlborough,MA,1752,2,,1,0,84,54,2902501.0,314185.0,36832.0,,,34108.0,,541330,Professional & Technical Services,2014-01-01
2018,43175021,2,"BOSTON BRACE INTERNATIONAL, INC. EMPLOYEE STOCK OWNERSHIP PLAN","Boston Brace International, Inc.",Avon,MA,2322,2,,1,0,185,158,2874028.0,438172.0,313549.0,,52104.0,385002.0,1653581.0,339110,Manufacturing,2014-01-01
2018,43221989,2,"RCM SERVICES, INC. EMPLOYEE STOCK OWNERSHIP PLAN","Rcm Services, Inc.",Allston,MA,2134,2,,1,0,72,50,6170400.0,4129441.0,497479.0,,0.0,3490568.0,,561720,Administrative & Waste Services,2015-01-01
2018,43223296,2,"OEM CONNECT, LTD EMPLOYEE STOCK OWNERSHIP PLAN","Oem Connect, Ltd",North Reading,MA,1864,2,,1,0,39,29,6520377.0,9504.0,470213.0,,29717.0,-21693.0,,322200,Manufacturing,2010-01-01
2018,43247749,3,DIAMOND ANTENNA AND MICROWAVE CORPORATION EMPLOYEE STOCK OWNERSHIP PLAN,Diamond Antenna And Microwave Corporation,Littleton,MA,1460,2,,1,0,87,62,11800000.0,0.0,844318.0,0.0,226858.0,26196.0,,335900,Manufacturing,2008-09-01
2018,43258366,2,SPEC EMPLOYEE STOCK OWNERSHIP PLAN,Spec,Burlington,MA,18033404,2,,1,0,31,19,850545.0,183277.0,76461.0,0.0,12846.0,-30588.0,,541330,Professional & Technical Services,2010-01-01
2018,43297570,2,"EXPERT LASER SERVICES, INC. EMPLOYEE STOCK OWNERSHIP PLAN","Expert Laser Services, Inc.",Southbridge,MA,1550,2,,1,0,39,30,207424.0,0.0,,,3423.0,10261.0,,,,2005-01-01
2018,43347358,3,"NEVO TECHNOLOGIES, INC EMPLOYEE STOCK OWNERSHIP PLAN","Nevo Technologies, Inc",Cambridge,MA,2138,2,,1,0,21,12,7170000.0,5846804.0,472327.0,,10938.0,447789.0,,541511,Professional & Technical Services,2009-01-01
2018,43401502,2,"CARNEY, SANDOE & ASSOCIATES EMPLOYEE STOCK OWNERSHIP PLAN","Carney, Sandoe & Associates",Boston,MA,2110,2,,1,0,40,28,21933744.0,2450019.0,10000.0,,33150.0,5786462.0,,561300,Administrative & Waste Services,2013-01-01
2018,43402944,3,"BROOKLINE BANCORP, INC EMPLOYEE STOCK OWNERSHIP PLAN","Brookline Bancorp, Inc",Boston,MA,2117,2,,1,0,792,633,11259946.0,1001914.0,304939.0,,1052988.0,-1989985.0,10945827.0,522110,Finance & Insurance,1997-11-01
2018,43448069,2,"DMH ELECTRIC, INC. EMPLOYEE STOCK OWNERSHIP PLAN AND TRUST","Dmh Electric, Inc.",Sterling,MA,1564,2,,1,0,49,42,2480489.0,8401201.0,633115.0,,1872.0,1598804.0,,238210,Construction,2017-11-01
2018,43484613,2,TRI-WIRE EMPLOYEE STOCK OWNERSHIP PLAN,Tri-Wire,Tewksbury,MA,1876,2,,1,0,685,474,1197257.0,16429764.0,1195518.0,,17617.0,-1572781.0,1197200.0,517000,Information & Technology,2016-01-01
2018,43497377,3,THE PROVIDENT BANK EMPLOYEE STOCK OWNERSHIP PLAN,The Provident Bank,Amesbury,MA,1913,2,,1,0,114,114,7641656.0,2755456.0,323072.0,,19207.0,-1510334.0,,522120,Finance & Insurance,2015-01-01
2018,43520315,2,"INTERACTION ASSOCIATES, INC. EMPLOYEE STOCK OWNERSHIP PLAN","Interaction Associates, Inc.",Stoneham,MA,2180,2,,1,0,50,0,537660.0,0.0,,,,946011.0,,,,2009-01-01
2018,43521482,2,BLUE Q EMPLOYEE STOCK OWNERSHIP PLAN AND TRUST,Blue Q,Pittsfield,MA,1201,2,,1,0,47,46,565000.0,,565000.0,0.0,0.0,565000.0,,424300,Wholesale Trade,2018-01-01
2018,43531186,2,"WOODLAND PARTNERS, INC. EMPLOYEE STOCK OWNERSHIP PLAN","Woodland Partners, Inc.",Walpole,MA,2081,2,,1,0,24,22,11886100.0,8485572.0,548434.0,,,-1856209.0,,424400,Wholesale Trade,2015-01-01
2018,43533865,2,"VALLEY GREEN, INC. EMPLOYEE STOCK OWNERSHIP PLAN","Valley Green, Inc.",Holyoke,MA,1040,2,,1,0,48,46,563116.0,355007.0,134092.0,,,126801.0,,444200,Retail Trade,2015-01-01
2018,43553283,2,NMR GROUP EMPLOYEE STOCK OWNERSHIP PLAN,Nmr Group,Somerville,MA,21442759,2,,1,0,42,40,2209517.0,1341033.0,268279.0,0.0,0.0,-18907.0,,541910,Professional & Technical Services,2016-01-01
2018,43577380,1,"DAYMARK ENERGY ADVISORS, INC. EMPLOYEE STOCK OWNERSHIP PLAN","Daymark Energy Advisors, Inc.",Worcester,MA,1608,2,,1,0,35,28,2391378.0,0.0,250000.0,,195692.0,-167756.0,,541990,Professional & Technical Services,2001-08-29
2018,461710155,3,COASTWAY COMMUNITY BANK EMPLOYEE STOCK OWNERSHIP PLAN,Coastway Community Bank,Brockton,MA,2301,2,,1,0,136,128,7460098.0,0.0,0.0,0.0,16051.0,2652039.0,0.0,,,2014-01-01
2018,463044208,4,THE L.S. STARRETT COMPANY 2013 EMPLOYEE STOCK OWNERSHIP PLAN AND TRUST,The L.S. Starrett Company,Athol,MA,13311915,2,,1,0,525,477,386719.0,100.0,,,33846.0,-19625.0,386615.0,322100,Manufacturing,2013-02-05
2018,471008886,2,"FIRST AMENDED AND RESTATED CREATIVE FINANCIAL STAFFING, INC. EMPLOYEE STOCK OWNERSHIP PLAN","Creative Financial Staffing, Inc.",Boston,MA,2110,2,,1,0,456,277,59521707.0,1015257.0,720905.0,,612684.0,18587392.0,59500000.0,561300,Administrative & Waste Services,2014-07-28
2018,521405842,3,"CENTRA TECHNOLOGY, INC. EMPLOYEE STOCK OWNERSHIP PLAN","Centra Technology, Inc.",Burlington,MA,1803,2,,1,0,428,299,8295386.0,43.0,25676.0,,1024052.0,-671568.0,7749438.0,541330,Professional & Technical Services,2005-01-01
2018,651174540,2,SEAL-RYT CORP. EMPLOYEE STOCK OWNERSHIP PLAN AND TRUST,Seal-Ryt Corp.,Westfield,MA,1085,2,,1,0,25,23,498974.0,214055.0,110168.0,,,308607.0,,238290,Construction,2015-01-01
2018,731627673,3,"EMPLOYEE STOCK OWNERSHIP PLAN OF WESTFIELD FINANCIAL, INC.","Westfield Financial, Inc.",Westfield,MA,10852923,2,,1,0,334,259,18529450.0,6418791.0,1153718.0,0.0,826971.0,-1442916.0,17345345.0,522120,Finance & Insurance,2002-01-01
2018,743073286,3,ENVISION BANK EMPLOYEE STOCK OWNERSHIP PLAN,Envision Bank,Stoughton,MA,2072,2,,1,0,165,137,6595973.0,4266160.0,318550.0,0.0,42788.0,-487965.0,6595655.0,522120,Finance & Insurance,2016-07-01
2018,813645861,2,SHAWMUT GROUP EMPLOYEE STOCK OWNERSHIP PLAN,Shawmut Group,Boston,MA,21182436,2,,1,0,955,919,214747711.0,41757365.0,7193006.0,0.0,5165039.0,24093279.0,210533228.0,236200,Construction,1997-12-01
2018,822323992,4,"THE CADMUS HOLDING COMPANY, INC. EMPLOYEE STOCK OWNERSHIP PLAN","The Cadmus Holding Company, Inc.",Waltham,MA,24518727,2,,1,0,702,381,32100545.0,4521027.0,970467.0,0.0,972282.0,3556324.0,32100545.0,541600,Professional & Technical Services,2002-05-01
2018,824155907,1,USI EMPLOYEE STOCK OWNERSHIP PLAN,USI,Billerica,MA,1821,2,,1,0,16,15,302000.0,2685090.0,188454.0,,,-2383090.0,,238220,Construction,2018-01-01
2019,10367721,2,"NEW ENGLAND NATURAL BAKERS, INC. EMPLOYEE STOCK OWNERSHIP PLAN","New England Natural Bakers, Inc.",Greenfield,MA,1301,2,,1,0,62,28,35066.0,2470511.0,,,,-17000.0,,311800,Manufacturing,2012-01-01
2019,113672395,2,ARTEL VIDEO SYSTEMS CORPORATION EMPLOYEE STOCK OWNERSHIP PLAN,Artel Video Systems Corporation,Westford,MA,18863617,2,,1,0,48,23,65046.0,3412317.0,578582.0,0.0,452.0,483903.0,,334310,Manufacturing,2014-01-01
2019,201998367,2,"WESTON & SAMPSON, INC. EMPLOYEE STOCK OWNERSHIP PLAN","Weston & Sampson, Inc.",Reading,MA,1867,2,,1,0,441,470,6599123.0,0.0,700000.0,,74092.0,1421722.0,4552188.0,541330,Professional & Technical Services,2014-01-01
2019,203724403,2,VERTEX EMPLOYEE STOCK OWNERSHIP PLAN,Vertex,Weymouth,MA,2189,2,,1,0,380,305,40680000.0,20095725.0,1517666.0,,74663.0,11630895.0,40680000.0,541330,Professional & Technical Services,2013-01-01
2019,204270900,1,PARAGUS STRATEGIC IT EMPLOYEE STOCK OWNERSHIP PLAN,Paragus Strategic It,Hadley,MA,1035,2,,1,0,63,39,1787533.0,1539130.0,92849.0,,5091.0,192091.0,,541519,Professional & Technical Services,2015-01-01
2019,208135911,2,"WINDOVER CONSTRUCTION, INC. EMPLOYEE STOCK OWNERSHIP PLAN","Windover Construction, Inc.",Beverly,MA,1915,2,,1,0,86,74,6854000.0,460891.0,32499.0,,,2481809.0,,541990,Professional & Technical Services,2017-01-01
2019,261697053,2,SCC AND INTEGRATED IT HOLDING CORP EMPLOYEE STOCK OWNERSHIP PLAN AND TRUST,Scc And Integrated It Holding Corp,Waltham,MA,24511703,2,,1,0,229,0,0.0,0.0,0.0,0.0,14753997.0,-14646021.0,,,,2008-01-01
2019,263038320,2,"AVWATCH, INC. EMPLOYEE STOCK OWNERSHIP PLAN","Avwatch, Inc.",Plymouth,MA,2360,2,,1,0,12,7,87070.0,1308.0,24000.0,,,24034.0,,541370,Professional & Technical Services,2016-01-01
2019,270396940,3,CONSIGLI BUILDING GROUP EMPLOYEE STOCK OWNERSHIP PLAN,Consigli Building Group,Milford,MA,1757,2,,1,0,949,955,217301012.0,935602.0,97624.0,,59803.0,50509712.0,217301000.0,236200,Construction,2017-01-01
2019,364488912,1,"ASHWORTH INTERNATIONAL, INC. EMPLOYEE STOCK OWNERSHIP PLAN","Ashworth International, Inc.",Fall River,MA,2721,2,,1,0,157,139,13393757.0,12741492.0,1691513.0,,31577.0,1759426.0,11601186.0,551112,Management of Companies,2016-01-01
2019,41110170,1,BOURNEUF CORPORATION EMPLOYEE STOCK OWNERSHIP PLAN,Bourneuf Corporation,Lynn,MA,19024402,2,,1,0,19,20,811135.0,0.0,0.0,0.0,5170.0,14583.0,,423700,Wholesale Trade,1997-09-01
2019,41123040,3,HARBORONE BANK EMPLOYEE STOCK OWNERSHIP PLAN,Harborone Bank,Brockton,MA,2301,2,,1,0,434,394,50393044.0,33407447.0,2932929.0,0.0,124079.0,8708706.0,50393044.0,522130,Finance & Insurance,2016-01-01
2019,41123740,3,BROCKWAY-SMITH COMPANY EMPLOYEE STOCK OWNERSHIP PLAN & TRUST,Brockway-Smith Company,Wilmington,MA,18871018,2,,1,0,92,66,8945246.0,528524.0,,,759850.0,424606.0,7984725.0,423300,Wholesale Trade,1976-01-01
2019,41203530,2,SPAULDING BRICK EMPLOYEE STOCK OWNERSHIP PLAN,Spaulding Brick,Wilmington,MA,1887,2,,1,0,31,24,11473930.0,0.0,675419.0,,1756491.0,1164017.0,,423300,Wholesale Trade,1997-01-01
2019,41309690,4,FIDUCIARY TRUST COMPANY EMPLOYEE STOCK OWNERSHIP PLAN,Fiduciary Trust Company,Boston,MA,2109,2,,1,0,142,0,0.0,0.0,0.0,,31214544.0,-30540262.0,0.0,523900,Finance & Insurance,1985-01-01
2019,41466100,3,BLUE HILLS BANK EMPLOYEE STOCK OWNERSHIP PLAN,Blue Hills Bank,Rockland,MA,2370,2,,1,0,261,28,3306763.0,12458.0,,,34098775.0,-25984749.0,3017313.0,522120,Finance & Insurance,2014-01-01
2019,41611080,2,MELROSE COOPERATIVE BANK EMPLOYEE STOCK OWNERSHIP PLAN,Melrose Cooperative Bank,Melrose,MA,2176,2,,1,0,26,26,5594135.0,1916441.0,62388.0,,,1588074.0,,522190,Finance & Insurance,2014-07-01
2019,41682990,1,"NYE LUBRICANTS, INC. EMPLOYEE STOCK OWNERSHIP PLAN","Nye Lubricants, Inc.",Fairhaven,MA,27190000,2,,1,0,103,71,16789818.0,1106.0,,,7349.0,3054262.0,16415111.0,325900,Manufacturing,2001-01-01
2019,41810570,2,SAVOGRAN COMPANY EMPLOYEE STOCK OWNERSHIP PLAN,Savogran Company,Norwood,MA,2062,2,,1,0,9,10,1770693.0,,,,548667.0,-876062.0,,325500,Manufacturing,1988-01-01
2019,41866480,2,THE L.S.STARRETT COMPANY EMPLOYEE STOCK OWNERSHIP PLAN,The L.S.Starrett Company,Athol,MA,13311915,2,,1,0,471,275,1504732.0,2000.0,,,268175.0,-1807058.0,1503012.0,332210,Manufacturing,1994-07-01
2019,42041237,3,"CHANNING BETE COMPANY, INC. EMPLOYEE STOCK OWNERSHIP PLAN","Channing Bete Company, Inc.",Greenfield,MA,1302,2,,1,0,130,3,8183000.0,0.0,,,2414049.0,-5241049.0,,323100,Manufacturing,1996-01-01
2019,42044378,2,"WILLIAMS STONE CO. , INC. EMPLOYEE STOCK OWNERSHIP PLAN","Williams Stone Co. , Inc.",East Otis,MA,1029,2,,1,0,65,42,16360674.0,579603.0,154473.0,,653087.0,3178850.0,,212310,"Mining, Oil & Gas",2005-01-01
2019,42086300,2,FRASER ENGINEERING COMPANY EMPLOYEE STOCK OWNERSHIP PLAN,Fraser Engineering Company,Newton,MA,24609142,2,,1,0,74,46,1121899.0,0.0,,,46661.0,302863.0,,238220,Construction,2003-01-01
2019,42170946,2,"PAUL K. GUILLOW, INC. EMPLOYEE STOCK OWNERSHIP PLAN AND TRUST","Paul K. Guillow, Inc.",Wakefield,MA,18800329,2,,1,0,56,31,652088.0,,55604.0,,56755.0,-29154.0,,321900,Manufacturing,1986-11-01
2019,42175284,3,"GREEN INTERNATIONAL AFFILIATES, INC. EMPLOYEE STOCK OWNERSHIP PLAN","Green International Affiliates, Inc.",Westford,MA,1886,2,,1,0,84,78,909450.0,0.0,318582.0,0.0,18582.0,309450.0,,541330,Professional & Technical Services,2017-04-01
2019,42188202,3,"WIREFAB, INC. EMPLOYEE STOCK OWNERSHIP PLAN","Wirefab, Inc.",Worcester,MA,1607,2,,1,0,38,40,3146961.0,7040.0,50000.0,,38845.0,150041.0,,332610,Manufacturing,1991-01-01
2019,42259905,4,COUNTRY CURTAINS EMPLOYEE STOCK OWNERSHIP PLAN,Country Curtains,Pittsfield,MA,1202,2,,1,0,250,2,715121.0,1339353.0,0.0,0.0,1591966.0,-1459802.0,295738.0,454110,Retail Trade,1995-07-01
2019,42264013,3,"D.N. LUKENS, INC. EMPLOYEE STOCK OWNERSHIP PLAN","D.N. Lukens, Inc.",Reading,MA,1867,2,,1,0,31,0,60000.0,0.0,0.0,0.0,935004.0,-999076.0,,424600,Wholesale Trade,1977-01-01
2019,42272126,4,"CAPE COD LUMBER CO., INC. EMPLOYEE STOCK OWNERSHIP PLAN","Cape Cod Lumber Co., Inc.",Abington,MA,2351,2,,1,0,98,86,15076573.0,2235500.0,685460.0,,315288.0,2884657.0,,423300,Wholesale Trade,2014-01-01
2019,42273500,2,"L. P. M. HOLDING COMPANY, INC, EMPLOYEE STOCK OWNERSHIP PLAN","L. P. M. Holding Company, Inc",Bolton,MA,1740,2,,1,0,332,221,1564649.0,0.0,330000.0,,37905.0,353044.0,,541990,Professional & Technical Services,2016-01-01
2019,42274728,3,FEINGOLD & FEINGOLD INSURANCE AGENCY INC. EMPLOYEE STOCK OWNERSHIP PLAN,Feingold & Feingold Insurance Agency Inc.,Worcester,MA,1608,2,,1,0,21,17,1033894.0,,42438.0,0.0,61235.0,-47028.0,,524210,Finance & Insurance,1988-01-01
2019,42279997,4,THE COMREX CORPORATION EMPLOYEE STOCK OWNERSHIP PLAN,The Comrex Corporation,Devens,MA,14345068,2,,1,0,23,20,7009585.0,2321430.0,310371.0,,71937.0,1342827.0,,334310,Manufacturing,1997-07-01
2019,42298684,1,"THE MMR GROUP, INC. EMPLOYEE STOCK OWNERSHIP PLAN","The Mmr Group, Inc.",Spencer,MA,1562,2,,1,0,59,0,3705053.0,0.0,0.0,,,1289313.0,,339900,Manufacturing,1975-07-01
2019,42301242,3,"GOODY, CLANCY & ASSOCIATES EMPLOYEE STOCK OWNERSHIP PLAN","Goody, Clancy & Associates",Boston,MA,2116,2,,1,0,91,51,6068000.0,0.0,313328.0,0.0,313328.0,2316000.0,,541310,Professional & Technical Services,1987-07-01
2019,42324804,2,TECH-ETCH EMPLOYEE STOCK OWNERSHIP PLAN,Tech-Etch,Plymouth,MA,23604803,2,,1,0,641,571,55065841.0,39280963.0,3653993.0,0.0,643059.0,16908265.0,54809962.0,332900,Manufacturing,1999-03-01
2019,42347643,2,ABT ASSOCIATES INC. EMPLOYEES STOCK OWNERSHIP PLAN,ABT ASSOCIATES INC.,Cambridge,MA,021381192,2,2I2O2Q3I,1,0,4194,2359,201121846.0,5123446.0,8997038.0,0.0,8996461.0,21505380.0,195998400.0,541600,Professional & Technical Services,1975-01-01
2019,42348065,2,JANIS RESEARCH EMPLOYEE STOCK OWNERSHIP PLAN AND TRUST,Janis Research,Woburn,MA,18013140,2,,1,0,94,67,9889696.0,,,,408775.0,2624161.0,,339900,Manufacturing,1999-01-01
2019,42372206,1,STREM CHEMICALS INC. 401K AND ESOP,Strem Chemicals Inc.,Newburyport,MA,19504019,2,,1,1,93,70,22909251.0,,271660.0,408535.0,1765011.0,2679177.0,,325100,Manufacturing,2001-01-01
2019,42389826,4,"NEW ENGLAND CONTROLS, INC. EMPLOYEE STOCK OWNERSHIP PLAN","New England Controls, Inc.",Mansfield,MA,2048,2,,1,0,173,169,35673265.0,17936.0,0.0,0.0,1024833.0,11647476.0,31176792.0,423990,Wholesale Trade,1986-01-01
2019,42399903,2,"THE BSC COMPANIES, INC. EMPLOYEE STOCK OWNERSHIP PLAN","The Bsc Companies, Inc.",Boston,MA,21271616,2,,1,0,47,32,464054.0,0.0,0.0,0.0,19758.0,55921.0,,541330,Professional & Technical Services,1979-01-01
2019,42401206,2,"NORTHERN TREE SERVICE, INC. EMPLOYEE STOCK OWNERSHIP PLAN","Northern Tree Service, Inc.",Palmer,MA,1069,2,,1,0,98,99,1903000.0,3000.0,1903000.0,0.0,0.0,1900000.0,,561730,Administrative & Waste Services,2019-01-01
2019,42444641,1,SALLOP INSURANCE EMPLOYEE STOCK OWNERSHIP PLAN,Sallop Insurance,Boston,MA,21144721,2,,1,0,17,14,5654862.0,,425000.0,,92866.0,1207267.0,,524210,Finance & Insurance,2002-01-01
2019,42445292,2,"FRED C. CHURCH, INC. EMPLOYEES' STOCK OWNERSHIP PLAN AND TRUST","FRED C. CHURCH,INC.",Lowell,MA,01851,2,2O2Q,1,0,163,153,28985790.0,,455000.0,,3000968.0,2679851.0,26610080.0,524210,Finance & Insurance,1975-01-01
2019,42453189,2,ARC/ARCHITECTURAL RESOURCES CAMBRIDGE EMPLOYEE STOCK OWNERSHIP PLAN,Arc/Architectural Resources Cambridge,Boston,MA,2116,2,,1,0,69,40,1299469.0,,128000.0,,115456.0,100653.0,,541310,Professional & Technical Services,1999-01-01
2019,42471226,2,"AERODYNE RESEARCH, INC. EMPLOYEE STOCK OWNERSHIP PLAN","Aerodyne Research, Inc.",Billerica,MA,18213934,2,,1,0,77,55,6992582.0,,31800.0,,1039496.0,1334002.0,,541700,Professional & Technical Services,1985-11-26
2019,42472856,2,JAMES MONROE CORP. ESOP,James Monroe Corp.,South Lancaster,MA,1561,2,,1,0,120,100,2523265.0,,265855.0,,198152.0,292552.0,,339900,Manufacturing,1999-11-01
2019,42482120,3,CONCORD LUMBER CORP. EMPLOYEE STOCK OWNERSHIP PLAN & TRUST,Concord Lumber Corp.,Littleton,MA,1460,2,,1,0,214,95,5443528.0,0.0,232000.0,,290685.0,864101.0,5436032.0,444190,Retail Trade,1996-04-01
2019,42501424,2,B&B ENGINEERING CORPORATION EMPLOYEE STOCK OWNERSHIP PLAN,B&B Engineering Corporation,Georgetown,MA,1833,2,,1,0,28,25,3600000.0,1161156.0,111350.0,,14786.0,1741118.0,,334200,Manufacturing,2014-01-01
2019,42514329,3,"CENTRAL COATING TECHNOLOGIES, INC. EMPLOYEE STOCK OWNERSHIP PLAN","Central Coating Technologies, Inc.",West Boylston,MA,1583,2,,1,0,62,49,5595147.0,0.0,586537.0,,1405758.0,-132853.0,,326100,Manufacturing,2004-01-01
2019,42517090,2,PHYSICAL SCIENCES INC. EMPLOYEE STOCK OWNERSHIP PLAN,Physical Sciences Inc.,Andover,MA,1810,2,,1,0,325,224,54947625.0,42356.0,4314627.0,,4252442.0,8068525.0,52523528.0,541700,Professional & Technical Services,1988-07-01
2019,42550058,2,INTERNATIONAL CARS EMPLOYEE STOCK OWNERSHIP PLAN,International Cars,Danvers,MA,1923,2,,1,0,346,215,3397132.0,109761.0,323897.0,,323897.0,-79778.0,3178561.0,441110,Retail Trade,2000-01-01
2019,42556035,2,LANDRY'S BICYCLES EMPLOYEE STOCK OWNERSHIP PLAN,Landry'S Bicycles,Natick,MA,1760,2,,1,0,95,66,1678529.0,2837.0,38498.0,,22387.0,450004.0,,451110,Retail Trade,2009-10-01
2019,42557451,3,DAVID CLARK COMPANY INCORPORATED EMPLOYEE STOCK OWNERSHIP PLAN,David Clark Company Incorporated,Worcester,MA,16150054,2,,1,0,240,215,177935000.0,29013270.0,1554994.0,,5989684.0,16435493.0,177935000.0,339900,Manufacturing,2007-01-01
2019,42597651,1,"INTERNATIONAL DATA GROUP, INC. EMPLOYEE STOCK OWNERSHIP PLAN","International Data Group, Inc.",Needham,MA,2494,2,,1,0,1160,647,5250867.0,70858.0,0.0,0.0,352127.0,-376714.0,,511190,Information & Technology,1976-01-01
2019,42624147,5,"ELECTRO-TERM, INC. EMPLOYEE STOCK OWNERSHIP PLAN","Electro-Term, Inc.",Springfield,MA,11181058,2,,1,0,68,31,1576413.0,36810.0,0.0,0.0,32389.0,-1643.0,,423600,Wholesale Trade,2008-01-01
2019,42631963,3,"NEW ENGLAND BIOLABS, INC. EMPLOYEE STOCK OWNERSHIP PLAN","New England Biolabs, Inc.",Ipswich,MA,1938,2,,1,0,371,374,651095724.0,0.0,7791409.0,0.0,21455831.0,334041933.0,345425977.0,325100,Manufacturing,1985-10-01
2019,42637381,2,"QUIRK WIRE CO., INC. EMPLOYEE STOCK OWNERSHIP PLAN","Quirk Wire Co., Inc.",West Brookfield,MA,1585,2,,1,0,53,31,12129170.0,0.0,627971.0,,851529.0,816755.0,,332610,Manufacturing,2003-01-01
2019,42699206,3,"PACKAGING CONSULTANTS, INC. EMPLOYEE STOCK OWNERSHIP PLAN & TRUST","Packaging Consultants, Inc.",New Bedford,MA,27451118,2,,1,0,11,9,319515.0,,,,20817.0,1507.0,,424990,Wholesale Trade,1990-02-01
2019,42718570,3,"SPECTRAL SCIENCES, INC. EMPLOYEE STOCK OWNERSHIP PLAN","Spectral Sciences, Inc.",Burlington,MA,18033304,2,,1,0,49,39,5291047.0,0.0,148839.0,,3069.0,2203337.0,,541700,Professional & Technical Services,1993-01-01
2019,42745179,3,"SYMMES MAINI & MCKEE ASSOCIATES, INC. EMPLOYEE STOCK OWNERSHIP PLAN","Symmes Maini & Mckee Associates, Inc.",Cambridge,MA,2138,2,,1,0,169,139,7067125.0,0.0,109907.0,,378791.0,1310806.0,7067025.0,541330,Professional & Technical Services,1988-01-01
2019,42745661,2,LESSARD TAYLOR COMMUNICATIONS INC EMPLOYEE STOCK OWNERSHIP PLAN,Lessard Taylor Communications Inc,Boston,MA,2210,2,,1,0,14,12,413125.0,,,,8648.0,-22561.0,,541990,Professional & Technical Services,1998-11-01
2019,42772059,2,"BARCLAY WATER TREATMENT CO., INC. EMPLOYEE STOCK OWNERSHIP PLAN","Barclay Water Treatment Co., Inc.",Newton,MA,2458,2,,1,0,261,151,45691699.0,4339776.0,2176246.0,0.0,536611.0,18578676.0,43168028.0,325900,Manufacturing,2009-10-01
2019,42774191,2,LAMPIN CORPORATION EMPLOYEE STOCK OWNERSHIP PLAN,Lampin Corporation,Uxbridge,MA,1569,2,,1,0,55,33,6394473.0,2064407.0,405492.0,0.0,267744.0,707838.0,,333510,Manufacturing,2001-01-01
2019,42777442,3,CAMBRIDGE BANCORP EMPLOYEE STOCK OWNERSHIP PLAN,Cambridge Bancorp,Cambridge,MA,21383842,2,,1,0,330,229,22778864.0,0.0,500000.0,0.0,1550668.0,-1434406.0,22278223.0,522110,Finance & Insurance,1986-01-01
2019,42803764,2,"CHARLES RIVER ANALYTICS, INC. EMPLOYEE STOCK OWNERSHIP PLAN","Charles River Analytics, Inc.",Cambridge,MA,2138,2,,1,0,207,159,29800000.0,11245000.0,1373541.0,,4765.0,3715000.0,29800000.0,541511,Professional & Technical Services,2012-10-01
2019,42804642,2,"REX CUT PRODUCTS, INC. EMPLOYEE STOCK OWNERSHIP PLAN","Rex Cut Products, Inc.",Fall River,MA,2722,2,,1,0,67,42,3145296.0,806903.0,420560.0,,99892.0,1062774.0,,339900,Manufacturing,2008-01-01
2019,42821431,2,"TIGHE & BOND, INC. EMPLOYEE STOCK OWNERSHIP PLAN","Tighe & Bond, Inc.",Westfield,MA,10855308,2,,1,0,361,360,18576688.0,0.0,2250000.0,0.0,158499.0,1572090.0,16230600.0,541330,Professional & Technical Services,1997-10-01
2019,42837729,3,"NELCO PRODUCTS, INC. EMPLOYEE STOCK OWNERSHIP PLAN","Nelco Products, Inc.",Pembroke,MA,23591937,2,,1,0,41,33,12354078.0,2441694.0,543514.0,0.0,186525.0,1487938.0,,423600,Wholesale Trade,2004-08-01
2019,42880295,2,"WEB INDUSTRIES, INC. EMPLOYEE STOCK OWNERSHIP PLAN","Web Industries, Inc.",Marlboro,MA,17524715,2,,1,0,703,446,111990493.0,3375774.0,5017870.0,0.0,12912049.0,-49293582.0,111326580.0,322200,Manufacturing,1984-10-01
2019,42887710,2,"PRELLWITZ / CHILINSKI ASSOCIATES, INC. EMPLOYEE STOCK OWNERSHIP PLAN","Prellwitz / Chilinski Associates, Inc.",Cambridge,MA,21391306,2,,1,0,86,61,6725891.0,1884976.0,271366.0,,89974.0,260255.0,,541310,Professional & Technical Services,2006-01-01
2019,42895731,2,"WORCESTER MANUFACTURING, INC. ESOP","Worcester Manufacturing, Inc.",Worcester,MA,1605,2,,1,0,49,49,5859000.0,2292139.0,207136.0,0.0,193245.0,760848.0,,339900,Manufacturing,2012-01-01
2019,42917465,2,GEMINI STOCK PROGRAM,GEMINI INDUSTRIES INC.,Burlington,MA,01803,2,2I2O2Q3I,1,0,123,81,121009.0,0.0,121009.0,,0.0,121009.0,,541330,Professional & Technical Services,2019-01-01
2019,42925204,2,HARPOON BREWERY EMPLOYEE STOCK OWNERSHIP PLAN,Harpoon Brewery,Boston,MA,22102330,2,,1,0,300,166,20975536.0,38440283.0,1316334.0,,3062.0,-3947974.0,20163198.0,312120,Manufacturing,2014-01-01
2019,42932946,2,"DARMANN ABRASIVE PRODUCTS, INC. EMPLOYEE STOCK OWNERSHIP PLAN","Darmann Abrasive Products, Inc.",Clinton,MA,15101914,2,,1,0,77,59,5089480.0,1047175.0,104620.0,,231206.0,-599825.0,,327900,Manufacturing,1998-10-01
2019,42941854,2,"MIDDLETON & COMPANY, INC. EMPLOYEE STOCK OWNERSHIP PLAN","Middleton & Company, Inc.",Boston,MA,2210,2,,1,0,24,13,5682440.0,439413.0,500000.0,,517313.0,399925.0,,812990,Other Services,2003-01-01
2019,42943867,2,"SWISSTURN/USA, INC. EMPLOYEE STOCK OWNERSHIP PLAN","Swissturn/Usa, Inc.",Oxford,MA,1540,2,,1,0,58,58,6622398.0,1700996.0,248187.0,,,1743223.0,,332700,Manufacturing,2015-01-01
2019,42993095,2,"ENVIRONMENTAL HEALTH & ENGINEERING, INC. EMPLOYEE STOCK OWNERSHIP PLAN","Environmental Health & Engineering, Inc.",Newton,MA,2459,2,,1,0,132,84,3112064.0,719803.0,217357.0,0.0,17588.0,1137643.0,3096000.0,541990,Professional & Technical Services,2010-01-01
2019,43005476,1,CAPE AIR/NANTUCKET AIRLINES KSOP RETIREMENT PLAN,CAPE AIR/NANTUCKET AIRLINES,Hyannis,MA,026011924,2,2E2F2G2I2J2K2O2S2T3I,1,1,1073,744,25032428.0,0.0,217598.0,1705052.0,2115332.0,2387993.0,4286002.0,481000,Transportation & Warehousing,1995-01-01
2019,43024663,3,ACENTECH INCORPORATED EMPLOYEE STOCK OWNERSHIP PLAN,Acentech Incorporated,Cambridge,MA,2138,2,,1,0,65,64,3769051.0,0.0,61966.0,,11356.0,591152.0,,541990,Professional & Technical Services,2015-10-01
2019,43027262,2,"SIGN DESIGN, INC. EMPLOYEE STOCK OWNERSHIP PLAN","Sign Design, Inc.",Brockton,MA,2403,2,,1,0,75,64,950000.0,0.0,950000.0,,,950000.0,,541800,Professional & Technical Services,2019-01-01
2019,43035339,2,"APPLIED MARKETING SCIENCE, INC. EMPLOYEE STOCK OWNERSHIP PLAN","Applied Marketing Science, Inc.",Waltham,MA,2451,2,,1,0,43,24,2695415.0,15.0,,,251704.0,-202480.0,,541110,Professional & Technical Services,2011-01-01
2019,43038026,2,WRIGHT ARCHITECTURAL MILLWORK CORPORATION EMPLOYEE STOCK OWNERSHIP PLAN AND TRUST,Wright Architectural Millwork Corporation,Northampton,MA,1060,2,,1,0,47,49,2842000.0,455121.0,24414.0,,0.0,2372260.0,,321900,Manufacturing,2018-01-01
2019,43053085,3,"SCIENTIFIC SYSTEMS COMPANY, INC. EMPLOYEE STOCK OWNERSHIP PLAN","Scientific Systems Company, Inc.",Woburn,MA,1801,2,,1,0,52,49,2422077.0,,,,,461470.0,,541600,Professional & Technical Services,2002-06-01
2019,43061714,2,"ISAACSON MILLER, INC. EMPLOYEE STOCK OWNERSHIP PLAN","Isaacson Miller, Inc.",Boston,MA,2210,2,,1,0,261,233,17199513.0,2013363.0,468514.0,,186663.0,3261987.0,16913914.0,561300,Administrative & Waste Services,2007-01-01
2019,43071690,2,"MERIDIAN ASSOCIATES, INC. EMPLOYEE STOCK OWNERSHIP PLAN","Meridian Associates, Inc.",Beverly,MA,1915,2,,1,0,45,28,451660.0,2590519.0,566824.0,,,-146968.0,,541330,Professional & Technical Services,2015-01-01
2019,43130236,2,"THE RICHMOND GROUP, INC. EMPLOYEE STOCK OWNERSHIP PLAN","The Richmond Group, Inc.",Hopkinton,MA,1748,2,,1,0,94,72,19396000.0,5307155.0,1087918.0,,,8186823.0,,236200,Construction,2017-01-01
2019,43130808,3,EAST BOSTON SAVINGS BANK EMPLOYEE STOCK OWNERSHIP PLAN,East Boston Savings Bank,Peabody,MA,1960,2,,1,0,662,472,70000964.0,18887798.0,649186.0,,439743.0,20501969.0,69045634.0,522120,Finance & Insurance,2008-01-01
2019,43152864,2,"COLONIAL SYSTEMS, INC. EMPLOYEE STOCK OWNERSHIP PLAN","Colonial Systems, Inc.",Littleton,MA,1460,2,,1,0,22,20,201499.0,,201499.0,,,201499.0,,238900,Construction,2019-01-01
2019,43169205,2,"TATA & HOWARD, INC. EMPLOYEE STOCK OWNERSHIP PLAN","Tata & Howard, Inc.",Marlborough,MA,1752,2,,1,0,85,50,3570001.0,286778.0,36832.0,,,694907.0,,541330,Professional & Technical Services,2014-01-01
2019,43175021,2,"BOSTON BRACE INTERNATIONAL, INC. EMPLOYEE STOCK OWNERSHIP PLAN","Boston Brace International, Inc.",Avon,MA,2322,2,,1,0,213,154,3722206.0,361967.0,313795.0,,57143.0,924383.0,2103888.0,339110,Manufacturing,2014-01-01
2019,43200597,3,BRAIT BUILDERS CORPORATION EMPLOYEE STOCK OWNERSHIP PLAN,Brait Builders Corporation,Marshfield,MA,2050,2,,1,0,14,15,5588310.0,2926960.0,100808.0,,,2661350.0,,236110,Construction,2019-01-01
2019,43221989,2,"RCM SERVICES, INC. EMPLOYEE STOCK OWNERSHIP PLAN","Rcm Services, Inc.",Allston,MA,2134,2,,1,0,76,49,6474400.0,3749274.0,497479.0,,,684167.0,,561720,Administrative & Waste Services,2015-01-01
2019,43223296,2,"OEM CONNECT, LTD EMPLOYEE STOCK OWNERSHIP PLAN","Oem Connect, Ltd",North Reading,MA,1864,2,,1,0,44,26,5767883.0,,486659.0,,499089.0,-742990.0,,322200,Manufacturing,2010-01-01
2019,43247749,3,DIAMOND ANTENNA AND MICROWAVE CORPORATION EMPLOYEE STOCK OWNERSHIP PLAN,Diamond Antenna And Microwave Corporation,Littleton,MA,1460,2,,1,0,90,63,11799732.0,0.0,482088.0,0.0,278092.0,203728.0,,335900,Manufacturing,2008-09-01
2019,43257145,3,"DONNELLY SERVICE GROUP, INC. EMPLOYEE STOCK OWNERSHIP PLAN","Donnelly Service Group, Inc.",Wakefield,MA,1880,2,,1,0,94,94,0.0,0.0,,,,0.0,,561720,Administrative & Waste Services,2019-01-01
2019,43258366,2,SPEC EMPLOYEE STOCK OWNERSHIP PLAN,Spec,Burlington,MA,18033404,2,,1,0,31,17,628062.0,137800.0,74516.0,0.0,15039.0,-177006.0,,541330,Professional & Technical Services,2010-01-01
2019,43297570,2,"EXPERT LASER SERVICES, INC. EMPLOYEE STOCK OWNERSHIP PLAN","Expert Laser Services, Inc.",Southbridge,MA,1550,2,,1,0,31,0,151987.0,,,,26793.0,-55437.0,,,,2005-01-01
2019,43347358,3,"NEVO TECHNOLOGIES, INC EMPLOYEE STOCK OWNERSHIP PLAN","Nevo Technologies, Inc",Cambridge,MA,2138,2,,1,0,23,11,7370000.0,5376105.0,435364.0,,312622.0,670699.0,,541511,Professional & Technical Services,2009-01-01
2019,43401502,2,"CARNEY, SANDOE & ASSOCIATES EMPLOYEE STOCK OWNERSHIP PLAN","Carney, Sandoe & Associates",Boston,MA,2110,2,,1,0,42,29,19441896.0,0.0,10000.0,,1631480.0,-41829.0,,561300,Administrative & Waste Services,2013-01-01
2019,43402944,3,"BROOKLINE BANCORP, INC EMPLOYEE STOCK OWNERSHIP PLAN","Brookline Bancorp, Inc",Boston,MA,2117,2,,1,0,832,635,13098682.0,751925.0,302657.0,,553792.0,2088725.0,12725588.0,522110,Finance & Insurance,1997-11-01
2019,43448069,2,"DMH ELECTRIC, INC. EMPLOYEE STOCK OWNERSHIP PLAN AND TRUST","Dmh Electric, Inc.",Sterling,MA,1564,2,,1,0,52,43,5410609.0,8021359.0,701832.0,,,3309962.0,,238210,Construction,2017-11-01
2019,43484613,2,TRI-WIRE EMPLOYEE STOCK OWNERSHIP PLAN,Tri-Wire,Tewksbury,MA,1876,2,,1,0,650,495,672459.0,15626143.0,1186738.0,,11805.0,278823.0,672400.0,517000,Information & Technology,2016-01-01
2019,43497377,3,THE PROVIDENT BANK EMPLOYEE STOCK OWNERSHIP PLAN,The Provident Bank,Amesbury,MA,1913,2,,1,0,120,138,18900584.0,10136349.0,1024009.0,,121843.0,3878035.0,,522120,Finance & Insurance,2015-01-01
2019,43521482,2,BLUE Q EMPLOYEE STOCK OWNERSHIP PLAN AND TRUST,Blue Q,Pittsfield,MA,1201,2,,1,0,44,47,2308856.0,,110651.0,0.0,0.0,1743856.0,,424300,Wholesale Trade,2018-01-01
2019,43531186,2,"WOODLAND PARTNERS, INC. EMPLOYEE STOCK OWNERSHIP PLAN","Woodland Partners, Inc.",Walpole,MA,2081,2,,1,0,24,18,12696668.0,6997684.0,614258.0,,31659.0,2298456.0,,424400,Wholesale Trade,2015-01-01
2019,43533865,2,"VALLEY GREEN, INC. EMPLOYEE STOCK OWNERSHIP PLAN","Valley Green, Inc.",Holyoke,MA,1040,2,,1,0,48,41,609216.0,233585.0,134092.0,,2319.0,167522.0,,444200,Retail Trade,2015-01-01
2019,43553283,2,NMR GROUP EMPLOYEE STOCK OWNERSHIP PLAN,Nmr Group,Somerville,MA,21442759,2,,1,0,42,33,2574397.0,1153213.0,268279.0,0.0,5112.0,552700.0,,541910,Professional & Technical Services,2016-01-01
2019,43577380,1,"DAYMARK ENERGY ADVISORS, INC. EMPLOYEE STOCK OWNERSHIP PLAN","Daymark Energy Advisors, Inc.",Worcester,MA,1608,2,,1,0,35,22,2506267.0,0.0,245000.0,,180539.0,114889.0,,541990,Professional & Technical Services,2001-08-29
2019,461710155,3,COASTWAY COMMUNITY BANK EMPLOYEE STOCK OWNERSHIP PLAN,Coastway Community Bank,Brockton,MA,2301,2,,1,0,125,0,0.0,0.0,0.0,0.0,7532833.0,-7460098.0,0.0,,,2014-01-01
2019,463044208,4,THE L.S. STARRETT COMPANY 2013 EMPLOYEE STOCK OWNERSHIP PLAN AND TRUST,The L.S. Starrett Company,Athol,MA,13311915,2,,1,0,480,436,177743.0,100.0,,,26314.0,-208976.0,177639.0,322100,Manufacturing,2013-02-05
2019,471008886,2,"FIRST AMENDED AND RESTATED CREATIVE FINANCIAL STAFFING, INC. EMPLOYEE STOCK OWNERSHIP PLAN","Creative Financial Staffing, Inc.",Boston,MA,2110,2,,1,0,441,272,79609135.0,960745.0,611966.0,,529304.0,20141940.0,79600000.0,561300,Administrative & Waste Services,2014-07-28
2019,521405842,3,"CENTRA TECHNOLOGY, INC. EMPLOYEE STOCK OWNERSHIP PLAN","Centra Technology, Inc.",Burlington,MA,1803,2,,1,0,437,302,8762075.0,31811.0,176975.0,,1193991.0,434921.0,8036416.0,541330,Professional & Technical Services,2005-01-01
2019,611570944,2,PILGRIM BANK EMPLOYEE STOCK OWNERSHIP PLAN,Pilgrim Bank,Easthampton,MA,1027,2,,1,0,34,0,0.0,0.0,0.0,0.0,2556285.0,-2494661.0,,522120,Finance & Insurance,2014-01-01
2019,651174540,2,SEAL-RYT CORP. EMPLOYEE STOCK OWNERSHIP PLAN AND TRUST,Seal-Ryt Corp.,Westfield,MA,1085,2,,1,0,26,20,659229.0,108061.0,112181.0,0.0,219.0,266249.0,,238290,Construction,2015-01-01
2019,731627673,3,"EMPLOYEE STOCK OWNERSHIP PLAN OF WESTFIELD FINANCIAL, INC.","Westfield Financial, Inc.",Westfield,MA,10852923,2,,1,0,356,270,17462565.0,5717409.0,1069018.0,0.0,569374.0,-365503.0,16268749.0,522120,Finance & Insurance,2002-01-01
2019,743073286,3,ENVISION BANK EMPLOYEE STOCK OWNERSHIP PLAN,Envision Bank,Stoughton,MA,2072,2,,1,0,164,162,8160206.0,4161451.0,347521.0,0.0,56939.0,1668942.0,8160177.0,522120,Finance & Insurance,2016-07-01
2019,813645861,2,SHAWMUT GROUP EMPLOYEE STOCK OWNERSHIP PLAN,Shawmut Group,Boston,MA,21182436,2,,1,0,1068,764,192961605.0,38375539.0,6537612.0,0.0,1857573.0,-18209216.0,189440523.0,236200,Construction,1997-12-01
2019,822323992,4,"THE CADMUS HOLDING COMPANY, INC. EMPLOYEE STOCK OWNERSHIP PLAN","The Cadmus Holding Company, Inc.",Waltham,MA,24518727,2,,1,0,702,371,32903530.0,3767523.0,937790.0,0.0,1020622.0,1556489.0,32903530.0,541600,Professional & Technical Services,2002-05-01
2019,824155907,1,USI EMPLOYEE STOCK OWNERSHIP PLAN,USI,Billerica,MA,1821,2,,1,0,18,17,2564500.0,2578800.0,188454.0,,0.0,2368790.0,,238220,Construction,2018-01-01
2020,10367721,2,"NEW ENGLAND NATURAL BAKERS, INC. EMPLOYEE STOCK OWNERSHIP PLAN","New England Natural Bakers, Inc.",Greenfield,MA,1301,2,,1,0,68,24,44066.0,2470511.0,,,,9000.0,,311800,Manufacturing,2012-01-01
2020,113672395,2,ARTEL VIDEO SYSTEMS CORPORATION EMPLOYEE STOCK OWNERSHIP PLAN,Artel Video Systems Corporation,Westford,MA,18863617,2,,1,0,47,23,32033.0,2879706.0,634981.0,0.0,1014.0,499598.0,,334310,Manufacturing,2014-01-01
2020,201998367,2,"WESTON & SAMPSON, INC. EMPLOYEE STOCK OWNERSHIP PLAN","Weston & Sampson, Inc.",Reading,MA,1867,2,,1,0,537,519,8832619.0,0.0,1000000.0,,103675.0,2233496.0,6200145.0,541330,Professional & Technical Services,2014-01-01
2020,203724403,2,VERTEX EMPLOYEE STOCK OWNERSHIP PLAN,Vertex,Weymouth,MA,2189,2,,1,0,436,355,58720000.0,19319900.0,1541754.0,,98751.0,25392930.0,58720000.0,541600,Professional & Technical Services,2013-01-01
2020,204270900,1,PARAGUS STRATEGIC IT EMPLOYEE STOCK OWNERSHIP PLAN,Paragus Strategic It,Hadley,MA,1035,2,,1,0,65,41,2482345.0,1470214.0,132187.0,,20244.0,763728.0,,541519,Professional & Technical Services,2015-01-01
2020,20452307,2,DYNAMIC AIR CORPORATION EMPLOYEE STOCK OWNERSHIP PLAN,Dynamic Air Corporation,Boston,MA,2115,2,,1,0,17,14,9176013.0,1038294.0,571299.0,,414040.0,2150326.0,,423700,Wholesale Trade,2010-01-01
2020,204734036,1,"STONETEK IMPORTS, INC. EMPLOYEE STOCK OWNERSHIP PLAN AND TRUST","Stonetek Imports, Inc.",New Bedford,MA,2745,2,,1,0,42,44,52000.0,8824537.0,550000.0,,,-8772537.0,,238300,Construction,2020-01-01
2020,208135911,2,"WINDOVER CONSTRUCTION, INC. EMPLOYEE STOCK OWNERSHIP PLAN","Windover Construction, Inc.",Beverly,MA,1915,2,,1,0,89,66,5720500.0,473059.0,32500.0,,,-1145668.0,,541990,Professional & Technical Services,2017-01-01
2020,263038320,2,"AVWATCH, INC. EMPLOYEE STOCK OWNERSHIP PLAN","Avwatch, Inc.",Plymouth,MA,2360,2,,1,0,16,12,250130.0,2375.0,164000.0,,2114.0,161993.0,,541370,Professional & Technical Services,2016-01-01
2020,270396940,3,CONSIGLI BUILDING GROUP EMPLOYEE STOCK OWNERSHIP PLAN,Consigli Building Group,Milford,MA,1757,2,,1,0,1109,1071,330625361.0,944374.0,325691.0,,287882.0,113315577.0,330603000.0,236200,Construction,2017-01-01
2020,364488912,1,"ASHWORTH INTERNATIONAL, INC. EMPLOYEE STOCK OWNERSHIP PLAN","Ashworth International, Inc.",Fall River,MA,2721,2,,1,0,184,124,14866571.0,11299069.0,1699901.0,,82818.0,2915237.0,13121547.0,551112,Management of Companies,2016-01-01
2020,41110170,1,BOURNEUF CORPORATION EMPLOYEE STOCK OWNERSHIP PLAN,Bourneuf Corporation,Lynn,MA,19024402,2,,1,0,21,20,973296.0,0.0,0.0,0.0,62797.0,162161.0,,423700,Wholesale Trade,1997-09-01
2020,41123040,3,HARBORONE BANK EMPLOYEE STOCK OWNERSHIP PLAN,Harborone Bank,Brockton,MA,2301,2,,1,0,455,353,49586099.0,32189848.0,2804452.0,0.0,194176.0,410654.0,49555911.0,522130,Finance & Insurance,2016-01-01
2020,41123740,3,BROCKWAY-SMITH COMPANY EMPLOYEE STOCK OWNERSHIP PLAN & TRUST,Brockway-Smith Company,Wilmington,MA,18871018,2,,1,0,76,63,9787977.0,338614.0,,,188584.0,1032641.0,9023802.0,423300,Wholesale Trade,1976-01-01
2020,41203530,2,SPAULDING BRICK EMPLOYEE STOCK OWNERSHIP PLAN,Spaulding Brick,Wilmington,MA,1887,2,,1,0,27,21,13607784.0,0.0,675858.0,,130074.0,2659712.0,,423300,Wholesale Trade,1997-01-01
2020,41466100,3,BLUE HILLS BANK EMPLOYEE STOCK OWNERSHIP PLAN,Blue Hills Bank,Rockland,MA,2370,2,,1,0,57,0,0.0,0.0,,,3088351.0,-3294305.0,0.0,522120,Finance & Insurance,2014-01-01
2020,41611080,2,MELROSE COOPERATIVE BANK EMPLOYEE STOCK OWNERSHIP PLAN,Melrose Cooperative Bank,Melrose,MA,2176,2,,1,0,31,0,0.0,0.0,,,3769543.0,-3677694.0,,522190,Finance & Insurance,2014-07-01
2020,41682990,1,"NYE LUBRICANTS, INC. EMPLOYEE STOCK OWNERSHIP PLAN","Nye Lubricants, Inc.",Fairhaven,MA,27190000,2,,1,0,101,0,6109259.0,4250.0,,,15794365.0,-10683703.0,0.0,325900,Manufacturing,2001-01-01
2020,41810570,2,SAVOGRAN COMPANY EMPLOYEE STOCK OWNERSHIP PLAN,Savogran Company,Norwood,MA,2062,2,,1,0,9,7,1251200.0,,,,584546.0,-519493.0,,325500,Manufacturing,1988-01-01
2020,41866480,2,THE L.S.STARRETT COMPANY EMPLOYEE STOCK OWNERSHIP PLAN,The L.S.Starrett Company,Athol,MA,13311915,2,,1,0,421,258,3753521.0,2000.0,,,200345.0,2248789.0,3751801.0,339900,Manufacturing,1994-07-01
2020,42041237,3,"CHANNING BETE COMPANY, INC. EMPLOYEE STOCK OWNERSHIP PLAN","Channing Bete Company, Inc.",Greenfield,MA,1302,2,,1,0,144,0,6950477.0,0.0,,,2343620.0,-1232523.0,,323100,Manufacturing,1996-01-01
2020,42044378,2,"WILLIAMS STONE CO. , INC. EMPLOYEE STOCK OWNERSHIP PLAN","Williams Stone Co. , Inc.",East Otis,MA,1029,2,,1,0,64,41,19893734.0,0.0,169823.0,,893711.0,4112663.0,,212310,"Mining, Oil & Gas",2005-01-01
2020,42086300,2,FRASER ENGINEERING COMPANY EMPLOYEE STOCK OWNERSHIP PLAN,Fraser Engineering Company,Newton,MA,24609142,2,,1,0,65,40,1643846.0,500.0,,,62603.0,521447.0,,238220,Construction,2003-01-01
2020,42170946,2,"PAUL K. GUILLOW, INC. EMPLOYEE STOCK OWNERSHIP PLAN AND TRUST","Paul K. Guillow, Inc.",Wakefield,MA,18800329,2,,1,0,57,30,616239.0,,46163.0,,48920.0,-35849.0,,321900,Manufacturing,1986-11-01
2020,42175284,3,"GREEN INTERNATIONAL AFFILIATES, INC. EMPLOYEE STOCK OWNERSHIP PLAN","Green International Affiliates, Inc.",Westford,MA,1886,2,,1,0,92,85,1403984.0,0.0,500000.0,0.0,20316.0,494534.0,,541330,Professional & Technical Services,2017-04-01
2020,42188202,3,"WIREFAB, INC. EMPLOYEE STOCK OWNERSHIP PLAN","Wirefab, Inc.",Worcester,MA,1607,2,,1,0,55,38,3153248.0,7040.0,50000.0,,0.0,6287.0,,332610,Manufacturing,1991-01-01
2020,42259905,4,COUNTRY CURTAINS EMPLOYEE STOCK OWNERSHIP PLAN,Country Curtains,Pittsfield,MA,1202,2,,1,0,250,0,0.0,0.0,0.0,0.0,698945.0,624232.0,0.0,454110,Retail Trade,1995-07-01
2020,42264013,3,"D.N. LUKENS, INC. EMPLOYEE STOCK OWNERSHIP PLAN","D.N. Lukens, Inc.",Reading,MA,1867,2,,1,0,31,0,60000.0,0.0,0.0,0.0,0.0,0.0,,424600,Wholesale Trade,1977-01-01
2020,42272126,4,"CAPE COD LUMBER CO., INC. EMPLOYEE STOCK OWNERSHIP PLAN","Cape Cod Lumber Co., Inc.",Abington,MA,2351,2,,1,0,97,87,19966894.0,1702932.0,1084460.0,,1017028.0,5422889.0,,423300,Wholesale Trade,2014-01-01
2020,42273500,2,"L. P. M. HOLDING COMPANY, INC, EMPLOYEE STOCK OWNERSHIP PLAN","L. P. M. Holding Company, Inc",Bolton,MA,1740,2,,1,0,365,120,1493985.0,0.0,0.0,,72778.0,-70664.0,,541990,Professional & Technical Services,2016-01-01
2020,42274728,3,FEINGOLD & FEINGOLD INSURANCE AGENCY INC. EMPLOYEE STOCK OWNERSHIP PLAN,Feingold & Feingold Insurance Agency Inc.,Worcester,MA,1608,2,,1,0,25,17,1312633.0,,45811.0,0.0,806.0,278739.0,,524210,Finance & Insurance,1988-01-01
2020,42279997,4,THE COMREX CORPORATION EMPLOYEE STOCK OWNERSHIP PLAN,The Comrex Corporation,Devens,MA,14345068,2,,1,0,20,22,8158002.0,2137930.0,352930.0,,352000.0,1331917.0,,334310,Manufacturing,1997-07-01
2020,42298684,1,"THE MMR GROUP, INC. EMPLOYEE STOCK OWNERSHIP PLAN","The Mmr Group, Inc.",Spencer,MA,1562,2,,1,0,59,0,0.0,0.0,,,4152976.0,-3705053.0,,339900,Manufacturing,1975-07-01
2020,42301242,3,"GOODY, CLANCY & ASSOCIATES EMPLOYEE STOCK OWNERSHIP PLAN","Goody, Clancy & Associates",Boston,MA,2116,2,,1,0,95,51,5242000.0,0.0,136316.0,0.0,136316.0,-826000.0,,541310,Professional & Technical Services,1987-07-01
2020,42323460,1,"ECONOCORP, INC. EMPLOYEE STOCK OWNERSHIP PLAN","Econocorp, Inc.",Randolph,MA,2368,2,,1,0,27,18,376684.0,,,,994.0,146439.0,,333200,Manufacturing,1991-07-01
2020,42324804,2,TECH-ETCH EMPLOYEE STOCK OWNERSHIP PLAN,Tech-Etch,Plymouth,MA,23604803,2,,1,0,883,738,54610880.0,37794707.0,4324430.0,0.0,1124972.0,1143782.0,54446094.0,332900,Manufacturing,1999-03-01
2020,42347643,2,ABT ASSOCIATES INC. EMPLOYEES STOCK OWNERSHIP PLAN,ABT ASSOCIATES INC.,Cambridge,MA,021381192,2,2I2O2Q3I,1,0,4518,2466,237015142.0,141063.0,10942574.0,0.0,10912627.0,40875679.0,236831400.0,541600,Professional & Technical Services,1975-01-01
2020,42348065,2,JANIS RESEARCH EMPLOYEE STOCK OWNERSHIP PLAN AND TRUST,Janis Research,Woburn,MA,18013140,2,,1,0,99,22,9756417.0,,,,387333.0,-133279.0,,339900,Manufacturing,1999-01-01
2020,42372206,1,STREM CHEMICALS INC. 401K AND ESOP,Strem Chemicals Inc.,Newburyport,MA,19504019,2,,1,1,95,71,50517326.0,,311972.0,430445.0,1317463.0,27608075.0,,325100,Manufacturing,2001-01-01
2020,42389826,4,"NEW ENGLAND CONTROLS, INC. EMPLOYEE STOCK OWNERSHIP PLAN","New England Controls, Inc.",Mansfield,MA,2048,2,,1,0,202,217,54896538.0,0.0,1956784.0,0.0,1534514.0,19241209.0,49832446.0,423990,Wholesale Trade,1986-01-01
2020,42399903,2,"THE BSC COMPANIES, INC. EMPLOYEE STOCK OWNERSHIP PLAN","The Bsc Companies, Inc.",Boston,MA,21271616,2,,1,0,33,1,2681.0,0.0,1804.0,0.0,503075.0,-461373.0,,541330,Professional & Technical Services,1979-01-01
2020,42444641,1,SALLOP INSURANCE EMPLOYEE STOCK OWNERSHIP PLAN,Sallop Insurance,Boston,MA,21144721,2,,1,0,17,16,6738448.0,,453578.0,,207691.0,1083586.0,,524210,Finance & Insurance,2002-01-01
2020,42445292,2,"FRED C. CHURCH, INC. EMPLOYEES' STOCK OWNERSHIP PLAN AND TRUST","FRED C. CHURCH,INC.",Lowell,MA,01851,2,2O2Q,1,0,168,150,37696822.0,,545000.0,,512815.0,8711032.0,35192709.0,524210,Finance & Insurance,1975-01-01
2020,42453189,2,ARC/ARCHITECTURAL RESOURCES CAMBRIDGE EMPLOYEE STOCK OWNERSHIP PLAN,Arc/Architectural Resources Cambridge,Boston,MA,2116,2,,1,0,67,0,0.0,,612.0,,1300013.0,-1299469.0,,541310,Professional & Technical Services,1999-01-01
2020,42471226,2,"AERODYNE RESEARCH, INC. EMPLOYEE STOCK OWNERSHIP PLAN","Aerodyne Research, Inc.",Billerica,MA,18213934,2,,1,0,70,55,7967099.0,,263159.0,,453207.0,974517.0,,541700,Professional & Technical Services,1985-11-26
2020,42472856,2,JAMES MONROE CORP. ESOP,James Monroe Corp.,So. Lancaster,MA,1561,2,,1,0,117,100,2478294.0,,263394.0,,28052.0,-44971.0,,339900,Manufacturing,1999-11-01
2020,42482120,3,CONCORD LUMBER CORP. EMPLOYEE STOCK OWNERSHIP PLAN & TRUST,Concord Lumber Corp.,Littleton,MA,1460,2,,1,0,203,104,6757365.0,0.0,275000.0,,1575890.0,1313837.0,6749990.0,444190,Retail Trade,1996-04-01
2020,42501424,2,B&B ENGINEERING CORPORATION EMPLOYEE STOCK OWNERSHIP PLAN,B&B Engineering Corporation,Georgetown,MA,1833,2,,1,0,26,21,4560000.0,1098265.0,102071.0,,5507.0,1022891.0,,334200,Manufacturing,2014-01-01
2020,42514329,3,"CENTRAL COATING TECHNOLOGIES, INC. EMPLOYEE STOCK OWNERSHIP PLAN","Central Coating Technologies, Inc.",West Boylston,MA,1583,2,,1,0,50,52,7239394.0,0.0,218704.0,,218704.0,1644247.0,,326100,Manufacturing,2004-01-01
2020,42517090,2,PHYSICAL SCIENCES INC. EMPLOYEE STOCK OWNERSHIP PLAN,Physical Sciences Inc.,Andover,MA,1810,2,,1,0,334,237,65039767.0,12540.0,4827311.0,,4096797.0,10121958.0,61923712.0,541700,Professional & Technical Services,1988-07-01
2020,42550058,2,INTERNATIONAL CARS EMPLOYEE STOCK OWNERSHIP PLAN,International Cars,Danvers,MA,1923,2,,1,0,352,224,3833692.0,14543.0,286716.0,,286715.0,531778.0,3712089.0,441110,Retail Trade,2000-01-01
2020,42556035,2,LANDRY'S BICYCLES EMPLOYEE STOCK OWNERSHIP PLAN,Landry'S Bicycles,Natick,MA,1760,2,,1,0,107,75,2926038.0,21059.0,103193.0,,21033.0,1229287.0,,451110,Retail Trade,2009-10-01
2020,42587894,2,NOTCH EMPLOYEE STOCK OWNERSHIP PLAN,Notch,Chicopee,MA,1013,2,,1,0,93,94,48000.0,2474880.0,202649.0,,,-2426880.0,,238900,Construction,2020-04-01
2020,42597651,1,"INTERNATIONAL DATA GROUP, INC. EMPLOYEE STOCK OWNERSHIP PLAN","International Data Group, Inc.",Needham,MA,2494,2,,1,0,1131,639,4920238.0,70858.0,,,243237.0,-330629.0,,511120,Information & Technology,1976-01-01
2020,42624147,5,"ELECTRO-TERM, INC. EMPLOYEE STOCK OWNERSHIP PLAN","Electro-Term, Inc.",Springfield,MA,11181058,2,,1,0,57,35,1082995.0,46640.0,0.0,0.0,46640.0,-503248.0,,423600,Wholesale Trade,2008-01-01
2020,42631963,3,"NEW ENGLAND BIOLABS, INC. NON-VOTING STOCK OWNERSHIP PLAN","NEW ENGLAND BIOLABS, INC.",Ipswich,MA,01938,2,2E2I2O3I,1,0,389,405,796540184.0,0.0,11162763.0,,11760964.0,490870437.0,345425977.0,325900,Manufacturing,1985-10-01
2020,42637381,2,"QUIRK WIRE CO., INC. EMPLOYEE STOCK OWNERSHIP PLAN","Quirk Wire Co., Inc.",West Brookfield,MA,1585,2,,1,0,59,28,10752941.0,0.0,604131.0,,1282202.0,-1376229.0,,332610,Manufacturing,2003-01-01
2020,42699206,3,"PACKAGING CONSULTANTS, INC. EMPLOYEE STOCK OWNERSHIP PLAN & TRUST","Packaging Consultants, Inc.",New Bedford,MA,2745,2,,1,0,10,10,267575.0,,,,55152.0,-51940.0,,424990,Wholesale Trade,1990-02-01
2020,42718570,3,"SPECTRAL SCIENCES, INC. EMPLOYEE STOCK OWNERSHIP PLAN","Spectral Sciences, Inc.",Burlington,MA,18033304,2,,1,0,54,41,5805365.0,,735437.0,,1173256.0,514318.0,,541700,Professional & Technical Services,1993-01-01
2020,42745179,3,"SYMMES MAINI & MCKEE ASSOCIATES, INC. EMPLOYEE STOCK OWNERSHIP PLAN","Symmes Maini & Mckee Associates, Inc.",Cambridge,MA,2138,2,,1,0,189,172,9275591.0,0.0,120000.0,,683172.0,2208466.0,9155491.0,541310,Professional & Technical Services,1988-01-01
2020,42745661,2,LESSARD TAYLOR COMMUNICATIONS INC EMPLOYEE STOCK OWNERSHIP PLAN,Lessard Taylor Communications Inc,Boston,MA,2210,2,,1,0,13,0,0.0,,,,413125.0,-413125.0,,541990,Professional & Technical Services,1998-11-01
2020,42772059,2,"BARCLAY WATER TREATMENT CO., INC. EMPLOYEE STOCK OWNERSHIP PLAN","Barclay Water Treatment Co., Inc.",Newton,MA,2458,2,,1,0,264,160,68637686.0,4063695.0,1552470.0,,1939561.0,23222068.0,65857877.0,325900,Manufacturing,2009-10-01
2020,42774191,2,LAMPIN CORPORATION EMPLOYEE STOCK OWNERSHIP PLAN,Lampin Corporation,Uxbridge,MA,1569,2,,1,0,51,29,5986393.0,1760071.0,405492.0,0.0,390724.0,-103744.0,,333510,Manufacturing,2001-01-01
2020,42777442,3,CAMBRIDGE BANCORP EMPLOYEE STOCK OWNERSHIP PLAN,Cambridge Bancorp,Cambridge,MA,21383842,2,,1,0,405,284,19993844.0,0.0,633750.0,0.0,1340061.0,-2785020.0,19828844.0,522110,Finance & Insurance,1986-01-01
2020,42803764,2,"CHARLES RIVER ANALYTICS, INC. EMPLOYEE STOCK OWNERSHIP PLAN","Charles River Analytics, Inc.",Cambridge,MA,2138,2,,1,0,241,168,36600000.0,10380000.0,1375992.0,,41918.0,7665000.0,36600000.0,541600,Professional & Technical Services,2012-10-01
2020,42804642,2,"REX CUT PRODUCTS, INC. EMPLOYEE STOCK OWNERSHIP PLAN","Rex Cut Products, Inc.",Fall River,MA,2722,2,,1,0,75,47,2423096.0,533003.0,431818.0,,122964.0,-448300.0,,339900,Manufacturing,2008-01-01
2020,42821431,2,"TIGHE & BOND, INC. EMPLOYEE STOCK OWNERSHIP PLAN","Tighe & Bond, Inc.",Westfield,MA,10855308,2,,1,0,394,389,19238345.0,0.0,600000.0,0.0,2001444.0,832446.0,18463950.0,541330,Professional & Technical Services,1997-10-01
2020,42837729,3,"NELCO PRODUCTS, INC. EMPLOYEE STOCK OWNERSHIP PLAN","Nelco Products, Inc.",Pembroke,MA,23591937,2,,1,0,44,36,14147352.0,2195056.0,356514.0,0.0,147533.0,2039912.0,,423600,Wholesale Trade,2004-08-01
2020,42880295,2,"WEB INDUSTRIES, INC. EMPLOYEE STOCK OWNERSHIP PLAN","Web Industries, Inc.",Marlboro,MA,17524715,2,,1,0,869,431,145782767.0,3375190.0,4967870.0,,10248089.0,33792858.0,145417500.0,322200,Manufacturing,1984-10-01
2020,42887710,2,"PRELLWITZ / CHILINSKI ASSOCIATES, INC. EMPLOYEE STOCK OWNERSHIP PLAN","Prellwitz / Chilinski Associates, Inc.",Cambridge,MA,21391306,2,,1,0,90,66,8539860.0,1750387.0,192405.0,,59921.0,1948558.0,,541310,Professional & Technical Services,2006-01-01
2020,42895731,2,"WORCESTER MANUFACTURING, INC. ESOP","Worcester Manufacturing, Inc.",Worcester,MA,1605,2,,1,0,53,45,5225000.0,1698927.0,202548.0,0.0,237528.0,-40788.0,,339900,Manufacturing,2012-01-01
2020,42917465,2,GEMINI STOCK PROGRAM,GEMINI INDUSTRIES INC.,Burlington,MA,01803,2,2I2O2Q3I,1,0,149,112,986702.0,0.0,830000.0,,0.0,865693.0,,541330,Professional & Technical Services,2019-01-01
2020,42925204,2,HARPOON BREWERY EMPLOYEE STOCK OWNERSHIP PLAN,Harpoon Brewery,Boston,MA,22102330,2,,1,0,311,134,15789615.0,35258834.0,3271409.0,,3658.0,-2004472.0,15663972.0,312120,Manufacturing,2014-01-01
2020,42932946,2,"DARMANN ABRASIVE PRODUCTS, INC. EMPLOYEE STOCK OWNERSHIP PLAN","Darmann Abrasive Products, Inc.",Clinton,MA,15101914,2,,1,0,80,51,5996717.0,964830.0,104620.0,,254588.0,989582.0,,327900,Manufacturing,1998-10-01
2020,42941854,2,"MIDDLETON & COMPANY, INC. EMPLOYEE STOCK OWNERSHIP PLAN","Middleton & Company, Inc.",Boston,MA,2210,2,,1,0,23,14,6738700.0,361955.0,450000.0,,302201.0,1133718.0,,812990,Other Services,2003-01-01
2020,42942412,2,WASHBURN-GARFIELD CORPORATION EMPLOYEE STOCK OWNERSHIP PLAN,Washburn-Garfield Corporation,Worcester,MA,1605,2,,1,0,22,16,2091622.0,367478.0,281232.0,,3192.0,320458.0,,423700,Wholesale Trade,2007-11-01
2020,42943867,2,"SWISSTURN/USA, INC. EMPLOYEE STOCK OWNERSHIP PLAN","Swissturn/Usa, Inc.",Oxford,MA,1540,2,,1,0,67,53,5904750.0,1508402.0,248187.0,,455.0,-525054.0,,332700,Manufacturing,2015-01-01
2020,42993095,2,"ENVIRONMENTAL HEALTH & ENGINEERING, INC. EMPLOYEE STOCK OWNERSHIP PLAN","Environmental Health & Engineering, Inc.",Newton,MA,2459,2,,1,0,126,78,5394217.0,572756.0,96650.0,0.0,60995.0,2429200.0,5018960.0,541990,Professional & Technical Services,2010-01-01
2020,43005476,1,CAPE AIR/NANTUCKET AIRLINES KSOP RETIREMENT PLAN,CAPE AIR/NANTUCKET AIRLINES,Hyannis,MA,026011924,2,2E2F2G2I2J2K2O2S2T3I,1,1,1039,687,28108943.0,0.0,385041.0,1677501.0,2471164.0,3076515.0,4476421.0,481000,Transportation & Warehousing,1995-01-01
2020,43024663,3,ACENTECH INCORPORATED EMPLOYEE STOCK OWNERSHIP PLAN,Acentech Incorporated,Cambridge,MA,2138,2,,1,0,79,68,4986023.0,0.0,300000.0,0.0,11758.0,1216972.0,,541990,Professional & Technical Services,2015-10-01
2020,43026692,2,BAXTER EMPLOYEE STOCK OWNERSHIP PLAN,Baxter,West Yarmouth,MA,2673,2,,1,0,12,11,877800.0,4730081.0,246936.0,,,-3852281.0,,237310,Construction,2020-07-01
2020,43027262,2,"SIGN DESIGN, INC. EMPLOYEE STOCK OWNERSHIP PLAN","Sign Design, Inc.",Brockton,MA,2403,2,,1,0,63,55,1450421.0,,500000.0,,,500421.0,,541800,Professional & Technical Services,2019-01-01
2020,43035339,2,"APPLIED MARKETING SCIENCE, INC EMPLOYEE STOCK OWNERSHIP PLAN","Applied Marketing Science, Inc",Waltham,MA,24511208,2,,1,0,32,0,3096675.0,15.0,,,,401260.0,,541110,Professional & Technical Services,2011-01-01
2020,43038026,2,WRIGHT ARCHITECTURAL MILLWORK CORPORATION EMPLOYEE STOCK OWNERSHIP PLAN AND TRUST,Wright Architectural Millwork Corporation,Northampton,MA,1060,2,,1,0,49,47,5090000.0,444552.0,29851.0,,5537.0,2258569.0,,321900,Manufacturing,2018-01-01
2020,43053085,3,"SCIENTIFIC SYSTEMS COMPANY, INC. EMPLOYEE STOCK OWNERSHIP PLAN","Scientific Systems Company, Inc.",Woburn,MA,1801,2,,1,0,94,74,2474581.0,45103.0,,,72511.0,7401.0,,541600,Professional & Technical Services,2002-06-01
2020,43061714,2,"ISAACSON MILLER, INC. EMPLOYEE STOCK OWNERSHIP PLAN","Isaacson Miller, Inc.",Boston,MA,2210,2,,1,0,339,195,17705974.0,1717085.0,988514.0,,683984.0,802739.0,17504346.0,561300,Administrative & Waste Services,2007-01-01
2020,43067724,3,EASTERN BANK EMPLOYEE STOCK OWNERSHIP PLAN,Eastern Bank,Boston,MA,2110,2,,1,0,1786,1671,243682034.0,149440083.0,1000000.0,0.0,0.0,94241951.0,243682034.0,522110,Finance & Insurance,2020-01-01
2020,43071690,2,"MERIDIAN ASSOCIATES, INC. EMPLOYEE STOCK OWNERSHIP PLAN","Meridian Associates, Inc.",Beverly,MA,1915,2,,1,0,44,26,833803.0,2462498.0,261908.0,,8217.0,510164.0,,541330,Professional & Technical Services,2015-01-01
2020,43130236,2,"THE RICHMOND GROUP, INC. EMPLOYEE STOCK OWNERSHIP PLAN","The Richmond Group, Inc.",Hopkinton,MA,1748,2,,1,0,89,69,34549160.0,5082081.0,752918.0,,373840.0,15378234.0,,236200,Construction,2017-01-01
2020,43130808,3,EAST BOSTON SAVINGS BANK EMPLOYEE STOCK OWNERSHIP PLAN,East Boston Savings Bank,Peabody,MA,1960,2,,1,0,697,463,51960502.0,18153666.0,596343.0,,450703.0,-17306330.0,50683862.0,522120,Finance & Insurance,2008-01-01
2020,43152864,2,"COLONIAL SYSTEMS, INC. EMPLOYEE STOCK OWNERSHIP PLAN","Colonial Systems, Inc.",Littleton,MA,1460,2,,1,0,20,21,7844900.0,6603640.0,425631.0,,,1039761.0,,238900,Construction,2019-01-01
2020,43169205,2,"TATA & HOWARD, INC. EMPLOYEE STOCK OWNERSHIP PLAN","Tata & Howard, Inc.",Marlborough,MA,1752,2,,1,0,97,48,4380081.0,258549.0,101800.0,,64868.0,838309.0,,541330,Professional & Technical Services,2014-01-01
2020,43175021,2,"BOSTON BRACE INTERNATIONAL, INC. EMPLOYEE STOCK OWNERSHIP PLAN","Boston Brace International, Inc.",Avon,MA,2322,2,,1,0,226,148,4376541.0,251288.0,308295.0,,124687.0,765014.0,2273787.0,339110,Manufacturing,2014-01-01
2020,43177356,2,"DIETZ & COMPANY ARCHITECTS, INC. EMPLOYEE STOCK OWNERSHIP PLAN","Dietz & Company Architects, Inc.",Springfield,MA,1103,2,,1,0,25,29,182000.0,1631166.0,68895.0,,,-1449166.0,,541310,Professional & Technical Services,2020-01-01
2020,43200597,3,BRAIT BUILDERS CORPORATION EMPLOYEE STOCK OWNERSHIP PLAN,Brait Builders Corporation,Marshfield,MA,2050,2,,1,0,16,17,14365484.0,2894350.0,102808.0,,1894.0,8809784.0,,236110,Construction,2019-01-01
2020,43221989,2,"RCM SERVICES, INC. EMPLOYEE STOCK OWNERSHIP PLAN","Rcm Services, Inc.",Allston,MA,2134,2,,1,0,76,49,6859200.0,3644061.0,347479.0,,,630479.0,,561720,Administrative & Waste Services,2015-01-01
2020,43223296,2,"OEM CONNECT, LTD EMPLOYEE STOCK OWNERSHIP PLAN","Oem Connect, Ltd",North Reading,MA,1864,2,,1,0,40,23,5651192.0,,400299.0,,578903.0,-116691.0,,322200,Manufacturing,2010-01-01
2020,43247749,3,DIAMOND ANTENNA AND MICROWAVE CORPORATION EMPLOYEE STOCK OWNERSHIP,Diamond Antenna And Microwave Corporation,Littleton,MA,1460,2,,1,0,100,59,12248700.0,0.0,330733.0,0.0,449330.0,451442.0,,335900,Manufacturing,2008-09-01
2020,43257145,3,"DONNELLY SERVICE GROUP, INC. EMPLOYEE STOCK OWNERSHIP PLAN","Donnelly Service Group, Inc.",Wakefield,MA,1880,2,,1,0,115,80,73810.0,0.0,73518.0,,,73810.0,,561720,Administrative & Waste Services,2019-01-01
2020,43258366,2,SPEC EMPLOYEE STOCK OWNERSHIP PLAN,Spec,Burlington,MA,1803,2,,1,0,32,21,1146017.0,1584.0,61671.0,,,654171.0,,541330,Professional & Technical Services,2010-01-01
2020,43347358,3,"NEVO TECHNOLOGIES, INC EMPLOYEE STOCK OWNERSHIP PLAN","Nevo Technologies, Inc",Cambridge,MA,2138,2,,1,0,21,11,6210000.0,4881324.0,395669.0,,126696.0,-665219.0,,541511,Professional & Technical Services,2009-01-01
2020,43358086,2,COURTSMART DIGITAL SYSTEMS EMPLOYEE STOCK OWNERSHIP PLAN,Courtsmart Digital Systems,North Chelmsford,MA,1863,2,,1,0,28,29,2133002.0,2033769.0,99310.0,,,99233.0,,519100,Information & Technology,2020-01-01
2020,43401502,2,"CARNEY, SANDOE & ASSOCIATES EMPLOYEE STOCK OWNERSHIP PLAN","Carney, Sandoe & Associates",Boston,MA,2110,2,,1,0,40,28,25306176.0,0.0,0.0,,149490.0,5864280.0,,561300,Administrative & Waste Services,2013-01-01
2020,43402944,3,"BROOKLINE BANCORP, INC EMPLOYEE STOCK OWNERSHIP PLAN","Brookline Bancorp, Inc",Boston,MA,2117,2,,1,0,877,662,9298717.0,501914.0,269448.0,,676983.0,-3549954.0,8932259.0,522110,Finance & Insurance,1997-11-01
2020,43408953,1,"HALLORAN CONSULTING GROUP, INC. EMPLOYEE STOCK OWNERSHIP PLAN","Halloran Consulting Group, Inc.",Boston,MA,2210,2,,1,0,89,77,4535208.0,6009581.0,293666.0,0.0,0.0,-1474373.0,,541600,Professional & Technical Services,2020-01-01
2020,43448069,2,"DMH ELECTRIC, INC. EMPLOYEE STOCK OWNERSHIP PLAN AND TRUST","Dmh Electric, Inc.",Sterling,MA,1564,2,,1,0,57,49,5445457.0,13578.0,767338.0,,43899.0,8042629.0,,238210,Construction,2017-11-01
2020,43484613,2,TRI-WIRE EMPLOYEE STOCK OWNERSHIP PLAN,Tri-Wire,Tewksbury,MA,1876,2,,1,0,623,405,98462.0,14804361.0,1180382.0,,5449.0,247785.0,98400.0,517000,Information & Technology,2016-01-01
2020,43490470,2,"NEW ENGLAND DISCOUNT RETAILERS, INC. EMPLOYEE STOCK OWNERSHIP PLAN","New England Discount Retailers, Inc.",Mashpee,MA,2649,2,,1,0,83,58,1858004.0,11313995.0,258000.0,,,-10005991.0,,453990,Retail Trade,2019-09-30
2020,43497377,3,THE PROVIDENT BANK EMPLOYEE STOCK OWNERSHIP PLAN,The Provident Bank,Amesbury,MA,1913,2,,1,0,151,152,18171695.0,9610114.0,894603.0,0.0,49768.0,-202654.0,18148440.0,522120,Finance & Insurance,2015-01-01
2020,43521482,2,BLUE Q EMPLOYEE STOCK OWNERSHIP PLAN AND TRUST,Blue Q,Pittsfield,MA,1201,2,,1,0,46,43,3726154.0,,100000.0,0.0,22594.0,1417298.0,,424300,Wholesale Trade,2018-01-01
2020,43531186,2,"WOODLAND PARTNERS, INC. EMPLOYEE STOCK OWNERSHIP PLAN","Woodland Partners, Inc.",Franklin,MA,2038,2,,1,0,27,20,15494719.0,6539072.0,585671.0,,118963.0,3256663.0,,424400,Wholesale Trade,2015-01-01
2020,43533865,2,"VALLEY GREEN, INC. EMPLOYEE STOCK OWNERSHIP PLAN","Valley Green, Inc.",Holyoke,MA,1040,2,,1,0,50,41,1039826.0,0.0,242060.0,,12323.0,664195.0,,444200,Retail Trade,2015-01-01
2020,43553283,2,NMR GROUP EMPLOYEE STOCK OWNERSHIP PLAN,Nmr Group,Somerville,MA,21442759,2,,1,0,40,29,3687183.0,954125.0,337243.0,0.0,0.0,1311874.0,,541910,Professional & Technical Services,2016-01-01
2020,43577380,1,"DAYMARK ENERGY ADVISORS, INC. EMPLOYEE STOCK OWNERSHIP PLAN","Daymark Energy Advisors, Inc.",Worcester,MA,1608,2,,1,0,37,30,2885410.0,,302841.0,,172324.0,379143.0,,541990,Professional & Technical Services,2001-08-29
2020,463044208,4,THE L.S. STARRETT COMPANY 2013 EMPLOYEE STOCK OWNERSHIP PLAN AND TRUST,The L.S. Starrett Company,Athol,MA,13311915,2,,1,0,439,389,437131.0,100.0,,,32148.0,259388.0,437026.0,322100,Manufacturing,2013-02-05
2020,471008886,2,"FIRST AMENDED AND RESTATED CREATIVE FINANCIAL STAFFING, INC. EMPLOYEE STOCK OWNERSHIP PLAN","Creative Financial Staffing, Inc.",Boston,MA,2109,2,,1,0,442,273,81394686.0,919933.0,209820.0,,133137.0,1826363.0,81390000.0,561300,Administrative & Waste Services,2014-07-28
2020,521405842,3,"CENTRA TECHNOLOGY, INC. EMPLOYEE STOCK OWNERSHIP PLAN","Centra Technology, Inc.",Burlington,MA,1803,2,,1,0,480,302,9925887.0,44.0,9235.0,,0.0,1195579.0,0.0,541330,Professional & Technical Services,2005-01-01
2020,61518492,1,ENFIELD ENTERPRISES INC. EMPLOYEE STOCK OWNERSHIP PLAN,Enfield Enterprises Inc.,Springfield,MA,1104,2,,1,0,43,40,900000.0,0.0,900000.0,0.0,0.0,900000.0,,238100,Construction,2020-01-01
2020,651174540,2,SEAL-RYT CORP. EMPLOYEE STOCK OWNERSHIP PLAN AND TRUST,Seal-Ryt Corp.,Westfield,MA,1085,2,,1,0,26,20,911534.0,0.0,129290.0,,15907.0,360366.0,,238290,Construction,2015-01-01
2020,731627673,3,"EMPLOYEE STOCK OWNERSHIP PLAN OF WESTFIELD FINANCIAL, INC.","Westfield Financial, Inc.",Westfield,MA,10852923,2,,1,0,369,279,12850787.0,5029877.0,1022358.0,0.0,192743.0,-3924246.0,11644899.0,522120,Finance & Insurance,2002-01-01
2020,743073286,3,ENVISION BANK EMPLOYEE STOCK OWNERSHIP PLAN,Envision Bank,Quincy,MA,2169,2,,1,0,186,164,10127554.0,4041647.0,324218.0,0.0,33624.0,2087152.0,10127525.0,522110,Finance & Insurance,2016-07-01
2020,770370729,2,"GLOBAL BEER NETWORK, INC. EMPLOYEE STOCK OWNERSHIP PLAN","Global Beer Network, Inc.",Middleton,MA,1949,2,,1,0,32,33,2127287.0,21450000.0,587856.0,,,-19322713.0,,445310,Retail Trade,2020-01-01
2020,813645861,2,SHAWMUT GROUP EMPLOYEE STOCK OWNERSHIP PLAN,Shawmut Group,Boston,MA,21182436,2,,1,0,1135,711,198518501.0,35624524.0,6306452.0,,3953993.0,16539958.0,193751481.0,236110,Construction,1997-12-01
2020,822323992,4,"THE CADMUS HOLDING COMPANY, INC. EMPLOYEE STOCK OWNERSHIP PLAN","The Cadmus Holding Company, Inc.",Waltham,MA,24518727,2,,1,0,744,341,38602590.0,3014017.0,904159.0,0.0,1212193.0,6452566.0,38602590.0,541600,Professional & Technical Services,2002-05-01
2020,824155907,1,USI EMPLOYEE STOCK OWNERSHIP PLAN,USI,Billerica,MA,1821,2,,1,0,19,18,2673500.0,2469257.0,188454.0,,,218543.0,,238220,Construction,2018-01-01
2020,844259761,3,DAVID CLARK COMPANY EMPLOYEE STOCK OWNERSHIP PLAN,David Clark Company,Worcester,MA,16150054,2,,1,0,246,218,168957500.0,35389988.0,1909954.0,,7115898.0,-15354218.0,168957500.0,339900,Manufacturing,2007-01-01
2020,851665706,2,"NORTHERN TREE HOLDCO, INC. EMPLOYEE STOCK OWNERSHIP PLAN","Northern Tree Holdco, Inc.",Palmer,MA,1069,2,,1,0,112,116,40047000.0,120399487.0,3264881.0,0.0,0.0,-82252487.0,,561730,Administrative & Waste Services,2019-01-01
2021,10367721,2,"NEW ENGLAND NATURAL BAKERS, INC. EMPLOYEE STOCK OWNERSHIP PLAN","New England Natural Bakers, Inc.",Greenfield,MA,1301,2,,1,0,65,23,14971.0,2474517.0,3460.0,,3561.0,-33101.0,,311800,Manufacturing,2012-01-01
2021,113672395,2,ARTEL VIDEO SYSTEMS CORPORATION EMPLOYEE STOCK OWNERSHIP PLAN,Artel Video Systems Corporation,Westford,MA,18863617,2,,1,0,47,22,23441.0,2384771.0,581051.0,0.0,592.0,486343.0,,334310,Manufacturing,2014-01-01
2021,201998367,2,"WESTON & SAMPSON, INC. EMPLOYEE STOCK OWNERSHIP PLAN","Weston & Sampson, Inc.",Reading,MA,1867,2,,1,0,603,528,11072961.0,0.0,1700000.0,,165263.0,2240342.0,7763010.0,541330,Professional & Technical Services,2014-01-01
2021,203724403,2,VERTEX EMPLOYEE STOCK OWNERSHIP PLAN,Vertex,Weymouth,MA,2189,2,,1,0,495,372,20360243.0,0.0,0.0,,54681022.0,-19039857.0,0.0,541600,Professional & Technical Services,2013-01-01
2021,204270900,1,PARAGUS STRATEGIC IT EMPLOYEE STOCK OWNERSHIP PLAN,Paragus Strategic It,Hadley,MA,1035,2,,1,0,70,42,2519142.0,1370811.0,36925.0,,18139.0,136200.0,,541519,Professional & Technical Services,2015-01-01
2021,204734036,1,"STONETEK IMPORTS, INC. EMPLOYEE STOCK OWNERSHIP PLAN AND TRUST","Stonetek Imports, Inc.",New Bedford,MA,2745,2,,1,0,35,29,739830.0,8776828.0,496600.0,,,735539.0,,238300,Construction,2020-01-01
2021,208135911,2,"WINDOVER CONSTRUCTION, INC. EMPLOYEE STOCK OWNERSHIP PLAN","Windover Construction, Inc.",Beverly,MA,1915,2,,1,0,92,61,7315000.0,419690.0,32500.0,,,1647869.0,,541990,Professional & Technical Services,2017-01-01
2021,263038320,2,"AVWATCH, INC. EMPLOYEE STOCK OWNERSHIP PLAN","Avwatch, Inc.",Plymouth,MA,2360,2,,1,0,15,12,241255.0,,,,,-6500.0,,541370,Professional & Technical Services,2016-01-01
2021,270396940,3,CONSIGLI BUILDING GROUP EMPLOYEE STOCK OWNERSHIP PLAN,Consigli Building Group,Milford,MA,1757,2,,1,0,1261,1216,402297508.0,920980.0,549591.0,,503171.0,71695541.0,402276000.0,236200,Construction,2017-01-01
2021,364488912,1,"ASHWORTH INTERNATIONAL, INC. EMPLOYEE STOCK OWNERSHIP PLAN","Ashworth International, Inc.",Fall River,MA,2721,2,,1,0,190,125,13003672.0,9815853.0,1810707.0,,110866.0,-379683.0,11201091.0,551112,Management of Companies,2016-01-01
2021,41110170,1,BOURNEUF CORPORATION EMPLOYEE STOCK OWNERSHIP PLAN,Bourneuf Corporation,Lynn,MA,19024402,2,,1,0,21,19,928142.0,,0.0,0.0,81674.0,-45154.0,,423700,Wholesale Trade,1997-09-01
2021,41123040,3,HARBORONE BANK EMPLOYEE STOCK OWNERSHIP PLAN,Harborone Bank,Brockton,MA,2301,2,,1,0,481,332,67565625.0,30739638.0,2496380.0,,292110.0,19429736.0,67409043.0,522130,Finance & Insurance,2016-01-01
2021,41123740,3,BROCKWAY-SMITH COMPANY EMPLOYEE STOCK OWNERSHIP PLAN & TRUST,Brockway-Smith Company,Andover,MA,18101492,2,,1,0,72,61,11032674.0,197878.0,,,193798.0,1385433.0,10396119.0,423300,Wholesale Trade,1976-01-01
2021,41203530,2,SPAULDING BRICK EMPLOYEE STOCK OWNERSHIP PLAN,Spaulding Brick,Wilmington,MA,1887,2,,1,0,29,21,13134389.0,0.0,567088.0,,688434.0,-143049.0,,423300,Wholesale Trade,1997-01-01
2021,41782600,3,EAST BOSTON SAVINGS BANK EMPLOYEE STOCK OWNERSHIP PLAN,East Boston Savings Bank,Rockland,MA,2370,2,,1,0,693,255,60274354.0,0.0,,,1119195.0,26467518.0,57708402.0,522120,Finance & Insurance,2008-01-01
2021,41810570,2,SAVOGRAN COMPANY EMPLOYEE STOCK OWNERSHIP PLAN,Savogran Company,Norwood,MA,20623417,2,,1,0,7,5,737102.0,,,,418694.0,-514098.0,,325500,Manufacturing,1988-01-01
2021,41866480,2,THE L.S. STARRETT COMPANY EMPLOYEE STOCK OWNERSHIP PLAN,The L.S. Starrett Company,Athol,MA,13311915,2,,1,0,391,216,2352136.0,2000.0,,,593597.0,-1401385.0,2350416.0,332210,Manufacturing,1994-07-01
2021,42044378,2,"WILLIAMS STONE CO. , INC. EMPLOYEE STOCK OWNERSHIP PLAN","Williams Stone Co. , Inc.",East Otis,MA,1029,2,,1,0,65,36,20251936.0,,159224.0,,1257537.0,358202.0,,212310,"Mining, Oil & Gas",2005-01-01
2021,42086300,2,FRASER ENGINEERING COMPANY EMPLOYEE STOCK OWNERSHIP PLAN,Fraser Engineering Company,Newton,MA,24609142,2,,1,0,62,36,2774514.0,0.0,,,120834.0,1131168.0,,238220,Construction,2003-01-01
2021,42137249,3,IMTRA CORPORATION EMPLOYEE STOCK OWNERSHIP PLAN,Imtra Corporation,New Bedford,MA,27451205,2,,1,0,66,71,1850870.0,25056900.0,,,,-23206030.0,,423910,Wholesale Trade,2021-01-01
2021,42170946,2,"PAUL K. GUILLOW, INC. EMPLOYEE STOCK OWNERSHIP PLAN AND TRUST","Paul K. Guillow, Inc.",Wakefield,MA,18800329,2,,1,0,47,26,819308.0,162539.0,36187.0,,37100.0,40530.0,,321900,Manufacturing,1986-11-01
2021,42175284,3,"GREEN INTERNATIONAL AFFILIATES, INC. EMPLOYEE STOCK OWNERSHIP PLAN","Green International Affiliates, Inc.",Tewksbury,MA,1876,2,,1,0,100,80,1946339.0,0.0,500000.0,0.0,48912.0,542355.0,,541330,Professional & Technical Services,2017-04-01
2021,42188202,3,"WIREFAB, INC. EMPLOYEE STOCK OWNERSHIP PLAN","Wirefab, Inc.",Worcester,MA,1607,2,,1,0,51,33,3768909.0,7040.0,50000.0,,322408.0,615661.0,,332610,Manufacturing,1991-01-01
2021,42264013,3,"D.N. LUKENS, INC. EMPLOYEE STOCK OWNERSHIP PLAN","D.N. Lukens, Inc.",Reading,MA,1867,2,,1,0,31,0,58126.0,0.0,0.0,0.0,0.0,-1874.0,,424600,Wholesale Trade,1977-01-01
2021,42272126,4,"CAPE COD LUMBER CO., INC. EMPLOYEE STOCK OWNERSHIP PLAN","Cape Cod Lumber Co., Inc.",Abington,MA,2351,2,,1,0,98,87,46414028.0,18710405.0,732357.0,,874664.0,9439661.0,,423300,Wholesale Trade,2014-01-01
2021,42273500,2,"L. P. M. HOLDING COMPANY, INC, EMPLOYEE STOCK OWNERSHIP PLAN","L. P. M. Holding Company, Inc",Bolton,MA,1740,2,,1,0,283,126,1417107.0,68940.0,0.0,,142311.0,-145818.0,,722300,Accommodation & Food Services,2016-01-01
2021,42274728,3,FEINGOLD & FEINGOLD INSURANCE AGENCY INC. EMPLOYEE STOCK OWNERSHIP PLAN,Feingold & Feingold Insurance Agency Inc.,Worcester,MA,1608,2,,1,0,25,15,1351289.0,,44636.0,0.0,90638.0,38656.0,,524210,Finance & Insurance,1988-01-01
2021,42279997,4,THE COMREX CORPORATION EMPLOYEE STOCK OWNERSHIP PLAN,The Comrex Corporation,Devens,MA,14345068,2,,1,0,22,21,6908970.0,1949367.0,461078.0,,213499.0,-1060469.0,,334310,Manufacturing,1997-07-01
2021,42300185,2,DALE MEDICAL PRODUCTS EMPLOYEE STOCK OWNERSHIP PLAN,Dale Medical Products,Franklin,MA,2038,2,,1,0,64,68,874950.0,0.0,874950.0,0.0,0.0,874950.0,,339110,Manufacturing,2021-01-01
2021,42301242,3,"GOODY, CLANCY & ASSOCIATES EMPLOYEE STOCK OWNERSHIP PLAN","Goody, Clancy & Associates",Boston,MA,2116,2,,1,0,96,51,6451040.0,0.0,135360.0,0.0,135360.0,1209040.0,,541310,Professional & Technical Services,1987-07-01
2021,42323460,1,"ECONOCORP, INC. EMPLOYEE STOCK OWNERSHIP PLAN","Econocorp, Inc.",Randolph,MA,2368,2,,1,0,25,18,347846.0,,,,,-28838.0,,333200,Manufacturing,1991-07-01
2021,42324804,2,TECH-ETCH EMPLOYEE STOCK OWNERSHIP PLAN,Tech-Etch,Plymouth,MA,23604803,2,,1,0,842,644,48037688.0,36239914.0,4757698.0,,1292790.0,-4700263.0,47906051.0,332900,Manufacturing,1999-03-01
2021,42347643,2,ABT ASSOCIATES INC. EMPLOYEES STOCK OWNERSHIP PLAN,ABT ASSOCIATES INC.,Cambridge,MA,021381192,2,2I2P2Q3H3I,1,0,4128,2425,307431359.0,14496809.0,3821484.0,,16365226.0,56060471.0,304069740.0,541600,Professional & Technical Services,1975-01-01
2021,42348065,2,JANIS RESEARCH EMPLOYEE STOCK OWNERSHIP PLAN AND TRUST,Janis Research,Woburn,MA,18011265,2,,1,0,90,17,4262146.0,,7240055.0,,7215260.0,-5494271.0,,339900,Manufacturing,1999-01-01
2021,42372206,1,STREM CHEMICALS INC. 401K AND ESOP,Strem Chemicals Inc.,Newburyport,MA,19504019,2,,1,1,95,0,4844142.0,,0.0,133328.0,56048795.0,-45673184.0,,325100,Manufacturing,2001-01-01
2021,42389826,4,"NEW ENGLAND CONTROLS, INC. EMPLOYEE STOCK OWNERSHIP PLAN","New England Controls, Inc.",Mansfield,MA,2048,2,,1,0,246,327,59902799.0,711521.0,2487217.0,,5126348.0,4294740.0,56864999.0,423990,Wholesale Trade,1986-01-01
2021,42399903,2,"THE BSC COMPANIES, INC. EMPLOYEE STOCK OWNERSHIP PLAN","The Bsc Companies, Inc.",Boston,MA,21271616,2,,1,0,1,0,0.0,0.0,0.0,0.0,133.0,-2681.0,,541330,Professional & Technical Services,1979-01-01
2021,42444641,1,SALLOP INSURANCE EMPLOYEE STOCK OWNERSHIP PLAN,Sallop Insurance,Boston,MA,21144721,2,,1,0,18,15,12014148.0,3331947.0,500063.0,,3315.0,1943753.0,,524210,Finance & Insurance,2002-01-01
2021,42445292,2,"FRED C. CHURCH, INC. EMPLOYEES' STOCK OWNERSHIP PLAN AND TRUST","FRED C. CHURCH,INC.",Lowell,MA,01851,2,2O2Q,1,0,154,129,76445418.0,,,,1786705.0,38748596.0,35192709.0,524210,Finance & Insurance,1975-01-01
2021,42471226,2,"AERODYNE RESEARCH, INC. EMPLOYEE STOCK OWNERSHIP PLAN","Aerodyne Research, Inc.",Billerica,MA,18213934,2,,1,0,68,52,9300181.0,,847041.0,,984153.0,1333082.0,,541700,Professional & Technical Services,1985-11-26
2021,42472856,2,JAMES MONROE CORP. ESOP,James Monroe Corp.,So. Lancaster,MA,1561,2,,1,0,116,98,3379371.0,,278396.0,,197476.0,901077.0,,339900,Manufacturing,1999-11-01
2021,42482120,3,CONCORD LUMBER CORP. EMPLOYEE STOCK OWNERSHIP PLAN & TRUST,Concord Lumber Corp.,Littleton,MA,1460,2,,1,0,151,101,8044370.0,2028800.0,304278.0,,304278.0,-741795.0,8036993.0,444190,Retail Trade,1996-04-01
2021,42501424,2,B&B ENGINEERING CORPORATION EMPLOYEE STOCK OWNERSHIP PLAN,B&B Engineering Corporation,Georgetown,MA,1833,2,,1,0,28,24,5737403.0,1033552.0,312098.0,,28200.0,1242116.0,,334200,Manufacturing,2014-01-01
2021,42514329,3,"CENTRAL COATING TECHNOLOGIES, INC. EMPLOYEE STOCK OWNERSHIP PLAN","Central Coating Technologies, Inc.",West Boylston,MA,1583,2,,1,0,57,55,8663955.0,0.0,143547.0,,143547.0,1424561.0,,326100,Manufacturing,2004-01-01
2021,42517090,2,PHYSICAL SCIENCES INC. EMPLOYEE STOCK OWNERSHIP PLAN,Physical Sciences Inc.,Andover,MA,1810,2,,1,0,343,232,74717206.0,0.0,5403899.0,,3938171.0,9689979.0,70148873.0,541700,Professional & Technical Services,1988-07-01
2021,42550058,2,INTERNATIONAL CARS EMPLOYEE STOCK OWNERSHIP PLAN,International Cars,Danvers,MA,1923,2,,1,0,348,243,15120985.0,4541822.0,2483374.0,,307006.0,6760014.0,14929711.0,441110,Retail Trade,2000-01-01
2021,42556035,2,LANDRY'S BICYCLES EMPLOYEE STOCK OWNERSHIP PLAN,Landry'S Bicycles,Natick,MA,1760,2,,1,0,116,74,4596059.0,2860754.0,180785.0,,113640.0,-1169674.0,,451110,Retail Trade,2009-10-01
2021,42587894,2,NOTCH EMPLOYEE STOCK OWNERSHIP PLAN,Notch,Chicopee,MA,1013,2,,1,0,92,95,2738000.0,2360701.0,149817.0,,,2804179.0,,238900,Construction,2020-04-01
2021,42597651,1,"INTERNATIONAL DATA GROUP, INC. EMPLOYEE STOCK OWNERSHIP PLAN","International Data Group, Inc.",Needham,MA,2494,2,,1,0,1131,615,3217004.0,76602.0,,,2548202.0,-1708978.0,,511120,Information & Technology,1976-01-01
2021,42624147,5,"ELECTRO-TERM, INC. EMPLOYEE STOCK OWNERSHIP PLAN","Electro-Term, Inc.",Springfield,MA,11181058,2,,1,0,67,28,1094221.0,0.0,75000.0,0.0,64640.0,57866.0,,423600,Wholesale Trade,2008-01-01
2021,42631963,3,"NEW ENGLAND BIOLABS, INC. NON-VOTING STOCK OWNERSHIP PLAN","NEW ENGLAND BIOLABS, INC.",Ipswich,MA,01938,2,2E2I2O3I,1,0,418,390,474564808.0,0.0,,,375119480.0,-411986695.0,,325900,Manufacturing,1985-10-01
2021,42631963,5,"NEW ENGLAND BIOLABS, INC. VOTING STOCK OWNERSHIP PLAN","NEW ENGLAND BIOLABS, INC.",Ipswich,MA,019382723,2,2I2O3I,1,0,389,405,891807419.0,0.0,,,10809195.0,546381442.0,891807419.0,325900,Manufacturing,2021-06-28
2021,42637381,2,"QUIRK WIRE CO., INC. EMPLOYEE STOCK OWNERSHIP PLAN","Quirk Wire Co., Inc.",West Brookfield,MA,1585,2,,1,0,58,27,9475505.0,0.0,575372.0,,952545.0,-1277436.0,,332610,Manufacturing,2003-01-01
2021,42699206,3,"PACKAGING CONSULTANTS, INC. EMPLOYEE STOCK OWNERSHIP PLAN & TRUST","Packaging Consultants, Inc.",New Bedford,MA,2745,2,,1,0,13,11,182409.0,,,,83068.0,-85166.0,,424990,Wholesale Trade,1990-02-01
2021,42718570,3,"SPECTRAL SCIENCES, INC. EMPLOYEE STOCK OWNERSHIP PLAN","Spectral Sciences, Inc.",Burlington,MA,18033304,2,,1,0,47,43,5641202.0,774463.0,302254.0,,933744.0,-938626.0,,541700,Professional & Technical Services,1993-01-01
2021,42745179,3,"SYMMES MAINI & MCKEE ASSOCIATES, INC. EMPLOYEE STOCK OWNERSHIP PLAN","Symmes Maini & Mckee Associates, Inc.",Cambridge,MA,2138,2,,1,0,209,179,12333271.0,0.0,500000.0,,372986.0,3057680.0,12086157.0,541310,Professional & Technical Services,1988-01-01
2021,42772059,2,"BARCLAY WATER TREATMENT CO., INC. EMPLOYEE STOCK OWNERSHIP PLAN","Barclay Water Treatment Co., Inc.",Newton,MA,2458,2,,1,0,272,169,74267305.0,3781401.0,2874611.0,,422547.0,5911913.0,69489877.0,325900,Manufacturing,2009-10-01
2021,42774191,2,LAMPIN CORPORATION EMPLOYEE STOCK OWNERSHIP PLAN,Lampin Corporation,Uxbridge,MA,1569,2,,1,0,53,27,6708346.0,1440822.0,405492.0,0.0,266996.0,1041202.0,,333510,Manufacturing,2001-01-01
2021,42777442,3,CAMBRIDGE BANCORP EMPLOYEE STOCK OWNERSHIP PLAN,Cambridge Bancorp,Cambridge,MA,21383842,2,,1,0,468,286,27453787.0,0.0,700000.0,,776398.0,7459943.0,27285787.0,522110,Finance & Insurance,1986-01-01
2021,42803764,2,"CHARLES RIVER ANALYTICS, INC. EMPLOYEE STOCK OWNERSHIP PLAN","Charles River Analytics, Inc.",Cambridge,MA,2138,2,,1,0,262,157,29400000.0,9515000.0,1388187.0,,91379.0,-6335000.0,29400000.0,541600,Professional & Technical Services,2012-10-01
2021,42804642,2,"REX CUT PRODUCTS, INC. EMPLOYEE STOCK OWNERSHIP PLAN","Rex Cut Products, Inc.",Fall River,MA,2722,2,,1,0,75,45,3410066.0,259669.0,477678.0,,78057.0,1260304.0,,339900,Manufacturing,2008-01-01
2021,42821431,2,"TIGHE & BOND, INC. EMPLOYEE STOCK OWNERSHIP PLAN","Tighe & Bond, Inc.",Westfield,MA,10855308,2,,1,0,419,391,23254451.0,0.0,2500000.0,,657347.0,4098168.0,20719350.0,541330,Professional & Technical Services,1997-10-01
2021,42837729,3,"NELCO PRODUCTS, INC. EMPLOYEE STOCK OWNERSHIP PLAN","Nelco Products, Inc.",Pembroke,MA,23591937,2,,1,0,44,36,16902971.0,1937319.0,357714.0,0.0,96971.0,3013356.0,,423600,Wholesale Trade,2004-08-01
2021,42880295,2,"WEB INDUSTRIES, INC. EMPLOYEE STOCK OWNERSHIP PLAN","Web Industries, Inc.",Marlborough,MA,1752,2,,1,0,779,449,168127621.0,10526490.0,6400000.0,,10654489.0,15193554.0,164865510.0,322200,Manufacturing,1984-10-01
2021,42887710,2,"PRELLWITZ / CHILINSKI ASSOCIATES, INC. EMPLOYEE STOCK OWNERSHIP PLAN","Prellwitz / Chilinski Associates, Inc.",Cambridge,MA,21391306,2,,1,0,92,65,7632595.0,1615797.0,188129.0,,103765.0,-772675.0,,541310,Professional & Technical Services,2006-01-01
2021,42895731,2,"WORCESTER MANUFACTURING, INC. ESOP","Worcester Manufacturing, Inc.",Worcester,MA,1605,2,,1,0,57,45,5697000.0,1685403.0,202548.0,0.0,403845.0,485524.0,,339900,Manufacturing,2012-01-01
2021,42917465,2,GEMINI STOCK PROGRAM,GEMINI INDUSTRIES INC.,Burlington,MA,01803,2,2I2O2Q3I,1,0,207,135,1589916.0,0.0,218000.0,,5436.0,603214.0,,541330,Professional & Technical Services,2019-01-01
2021,42925204,2,HARPOON BREWERY EMPLOYEE STOCK OWNERSHIP PLAN,Harpoon Brewery,Boston,MA,22102330,2,,1,0,309,117,15706312.0,32377385.0,3247695.0,,10676.0,2798146.0,15580644.0,312120,Manufacturing,2014-01-01
2021,42932946,2,"DARMANN ABRASIVE PRODUCTS, INC. EMPLOYEE STOCK OWNERSHIP PLAN","Darmann Abrasive Products, Inc.",Clinton,MA,15101914,2,,1,0,74,42,7639517.0,891742.0,104620.0,,256420.0,1715888.0,,327900,Manufacturing,1998-10-01
2021,42941854,2,"MIDDLETON & COMPANY, INC. EMPLOYEE STOCK OWNERSHIP PLAN","Middleton & Company, Inc.",Boston,MA,2210,2,,1,0,22,14,7118465.0,288728.0,475000.0,,305883.0,452992.0,,812990,Other Services,2003-01-01
2021,42942412,2,WASHBURN-GARFIELD CORPORATION EMPLOYEE STOCK OWNERSHIP PLAN,Washburn-Garfield Corporation,Worcester,MA,1605,2,,1,0,22,15,2274375.0,199781.0,246232.0,,23996.0,350450.0,,423700,Wholesale Trade,2007-11-01
2021,42943867,2,"SWISSTURN/USA, INC. EMPLOYEE STOCK OWNERSHIP PLAN","Swissturn/Usa, Inc.",Oxford,MA,1540,2,,1,0,73,51,8967186.0,9639605.0,248187.0,,31852.0,-5068767.0,,332700,Manufacturing,2015-01-01
2021,42993095,2,"ENVIRONMENTAL HEALTH & ENGINEERING, INC. EMPLOYEE STOCK OWNERSHIP PLAN","Environmental Health & Engineering, Inc.",Newton,MA,2459,2,,1,0,140,85,9451181.0,2870946.0,261389.0,,107670.0,1758774.0,8999440.0,541990,Professional & Technical Services,2010-01-01
2021,43005476,1,CAPE AIR/NANTUCKET AIRLINES KSOP RETIREMENT PLAN,CAPE AIR/NANTUCKET AIRLINES,Hyannis,MA,026011924,2,2E2F2G2I2J2K2O2S2T3I,1,1,1038,686,33856953.0,0.0,547685.0,1782891.0,2192132.0,5748010.0,3011613.0,481000,Transportation & Warehousing,1995-01-01
2021,43024663,3,ACENTECH INCORPORATED EMPLOYEE STOCK OWNERSHIP PLAN,Acentech Incorporated,Cambridge,MA,2138,2,,1,0,83,63,5471851.0,0.0,300000.0,0.0,89208.0,485828.0,,541990,Professional & Technical Services,2015-10-01
2021,43026692,2,BAXTER EMPLOYEE STOCK OWNERSHIP PLAN,Baxter,West Yarmouth,MA,2673,2,,1,0,14,13,917700.0,4392682.0,367664.0,,,377299.0,,237310,Construction,2020-07-01
2021,43027262,2,"SIGN DESIGN, INC. EMPLOYEE STOCK OWNERSHIP PLAN","Sign Design, Inc.",Brockton,MA,2403,2,,1,0,62,48,1071223.0,4896361.0,255661.0,,,-5275559.0,,541800,Professional & Technical Services,2019-01-01
2021,43038026,2,WRIGHT ARCHITECTURAL MILLWORK CORPORATION EMPLOYEE STOCK OWNERSHIP PLAN AND TRUST,Wright Architectural Millwork Corporation,Northampton,MA,1060,2,,1,0,50,45,5258000.0,433663.0,26076.0,,1761.0,178889.0,,321900,Manufacturing,2018-01-01
2021,43053085,3,"SCIENTIFIC SYSTEMS COMPANY, INC. EMPLOYEE STOCK OWNERSHIP PLAN","Scientific Systems Company, Inc.",Woburn,MA,1801,2,,1,0,110,81,2460361.0,82185.0,,,82185.0,-51302.0,,541600,Professional & Technical Services,2002-06-01
2021,43061714,2,"ISAACSON MILLER, INC. EMPLOYEE STOCK OWNERSHIP PLAN","Isaacson Miller, Inc.",Boston,MA,2210,2,,1,0,295,224,21928160.0,1406335.0,693514.0,,304905.0,4532936.0,21726420.0,561300,Administrative & Waste Services,2007-01-01
2021,43067724,3,EASTERN BANK EMPLOYEE STOCK OWNERSHIP PLAN,Eastern Bank,Boston,MA,2110,2,,1,0,1704,1637,302463959.0,146371155.0,4597795.0,,98217.0,61850853.0,301273765.0,522120,Finance & Insurance,2020-01-01
2021,43071690,2,"MERIDIAN ASSOCIATES, INC. EMPLOYEE STOCK OWNERSHIP PLAN","Meridian Associates, Inc.",Beverly,MA,1915,2,,1,0,32,23,1545999.0,2319621.0,506371.0,,4801.0,855073.0,,541330,Professional & Technical Services,2015-01-01
2021,43130236,2,"THE RICHMOND GROUP, INC. EMPLOYEE STOCK OWNERSHIP PLAN","The Richmond Group, Inc.",Hopkinton,MA,1748,2,,1,0,81,75,52782810.0,4849675.0,1587918.0,,542350.0,18466056.0,,236200,Construction,2017-01-01
2021,43152864,2,"COLONIAL SYSTEMS, INC. EMPLOYEE STOCK OWNERSHIP PLAN","Colonial Systems, Inc.",Littleton,MA,1460,2,,1,0,26,20,9702000.0,4892686.0,708590.0,,,3568054.0,,238900,Construction,2019-01-01
2021,43169205,2,"TATA & HOWARD, INC. EMPLOYEE STOCK OWNERSHIP PLAN","Tata & Howard, Inc.",Marlborough,MA,1752,2,,1,0,81,42,4380061.0,229473.0,64003.0,,27171.0,29056.0,,541330,Professional & Technical Services,2014-01-01
2021,43175021,2,"BOSTON BRACE INTERNATIONAL, INC. EMPLOYEE STOCK OWNERSHIP PLAN","Boston Brace International, Inc.",Avon,MA,2322,2,,1,0,260,163,5017685.0,156668.0,341243.0,,170754.0,735764.0,2496084.0,339110,Manufacturing,2014-01-01
2021,43177356,2,"DIETZ & COMPANY ARCHITECTS, INC. EMPLOYEE STOCK OWNERSHIP PLAN","Dietz & Company Architects, Inc.",Springfield,MA,1103,2,,1,0,29,26,458000.0,1583640.0,68895.0,0.0,0.0,323526.0,,541310,Professional & Technical Services,2020-01-01
2021,43200597,3,BRAIT BUILDERS CORPORATION EMPLOYEE STOCK OWNERSHIP PLAN,Brait Builders Corporation,Marshfield,MA,2050,2,,1,0,18,19,22967422.0,2860981.0,100808.0,,,8635307.0,,236110,Construction,2019-01-01
2021,43221989,2,"RCM SERVICES, INC. EMPLOYEE STOCK OWNERSHIP PLAN","Rcm Services, Inc.",Allston,MA,2134,2,,1,0,80,45,6962400.0,3391692.0,350361.0,,2882.0,355569.0,,561720,Administrative & Waste Services,2015-01-01
2021,43223296,2,"OEM CONNECT, LTD EMPLOYEE STOCK OWNERSHIP PLAN","Oem Connect, Ltd",Billerica,MA,1821,2,,1,0,40,20,5088541.0,,415256.0,,439214.0,-562651.0,,322200,Manufacturing,2010-01-01
2021,43247749,3,DIAMOND ANTENNA AND MICROWAVE CORPORATION EMPLOYEE STOCK OWNERSHIP,Diamond Antenna And Microwave Corporation,Littleton,MA,1460,2,,1,0,92,60,15272204.0,1100013.0,1314596.0,0.0,1456678.0,1925064.0,,335900,Manufacturing,2008-09-01
2021,43257145,3,"DONNELLY SERVICE GROUP, INC. EMPLOYEE STOCK OWNERSHIP PLAN","Donnelly Service Group, Inc.",Wakefield,MA,1880,2,,1,0,123,84,161179.0,0.0,87369.0,,0.0,87369.0,,561720,Administrative & Waste Services,2019-01-01
2021,43258366,2,SPEC EMPLOYEE STOCK OWNERSHIP PLAN,Spec,Burlington,MA,1803,2,,1,0,35,22,1942951.0,15076.0,345920.0,,147639.0,783442.0,,541330,Professional & Technical Services,2010-01-01
2021,43347358,3,"NEVO TECHNOLOGIES, INC EMPLOYEE STOCK OWNERSHIP PLAN","Nevo Technologies, Inc",Cambridge,MA,2138,2,,1,0,22,9,6270000.0,4361230.0,371561.0,,94993.0,580094.0,,541511,Professional & Technical Services,2009-01-01
2021,43358086,2,COURTSMART DIGITAL SYSTEMS EMPLOYEE STOCK OWNERSHIP PLAN,Courtsmart Digital Systems,North Chelmsford,MA,1863,2,,1,0,29,22,7363008.0,1962103.0,99308.0,,,5301672.0,,519100,Information & Technology,2020-01-01
2021,43401502,2,"CARNEY, SANDOE & ASSOCIATES EMPLOYEE STOCK OWNERSHIP PLAN","Carney, Sandoe & Associates",Boston,MA,2110,2,,1,0,43,29,26122384.0,0.0,10000.0,,2150545.0,816208.0,,561300,Administrative & Waste Services,2013-01-01
2021,43402944,3,"BROOKLINE BANCORP, INC EMPLOYEE STOCK OWNERSHIP PLAN","Brookline Bancorp, Inc",Boston,MA,2117,2,,1,0,873,658,11031403.0,251914.0,261903.0,,1600079.0,1982686.0,10685044.0,522120,Finance & Insurance,1997-11-01
2021,43408953,1,"HALLORAN CONSULTING GROUP, INC. EMPLOYEE STOCK OWNERSHIP PLAN","Halloran Consulting Group, Inc.",Boston,MA,2210,2,,1,0,106,91,8561110.0,6554091.0,331923.0,0.0,0.0,3481392.0,,541600,Professional & Technical Services,2020-01-01
2021,43448069,2,"DMH ELECTRIC, INC. EMPLOYEE STOCK OWNERSHIP PLAN AND TRUST","Dmh Electric, Inc.",Sterling,MA,1564,2,,1,0,52,51,1625023.0,7946.0,,,4345503.0,-3814802.0,,238210,Construction,2017-11-01
2021,43484613,2,TRI-WIRE EMPLOYEE STOCK OWNERSHIP PLAN,Tri-Wire,Tewksbury,MA,1876,2,,1,0,546,0,62.0,14793341.0,112693.0,,0.0,-87380.0,0.0,517000,Information & Technology,2016-01-01
2021,43490470,2,"NEW ENGLAND DISCOUNT RETAILERS, INC. EMPLOYEE STOCK OWNERSHIP PLAN","New England Discount Retailers, Inc.",Holliston,MA,1746,2,,1,0,66,45,2152000.0,10867162.0,374937.0,,8904.0,-389874.0,,453990,Retail Trade,2019-09-30
2021,43497377,3,THE PROVIDENT BANK EMPLOYEE STOCK OWNERSHIP PLAN,The Provident Bank,Amesbury,MA,1913,2,,1,0,183,178,28111256.0,9004300.0,743096.0,,91504.0,10545375.0,28111082.0,522120,Finance & Insurance,2015-01-01
2021,43521482,2,BLUE Q EMPLOYEE STOCK OWNERSHIP PLAN AND TRUST,Blue Q,Pittsfield,MA,1201,2,,1,0,51,39,5924564.0,,565000.0,0.0,0.0,2198410.0,,424300,Wholesale Trade,2018-01-01
2021,43531186,2,"WOODLAND PARTNERS, INC. EMPLOYEE STOCK OWNERSHIP PLAN","Woodland Partners, Inc.",Franklin,MA,2038,2,,1,0,29,19,16210172.0,4370357.0,598943.0,,173245.0,2884168.0,,424400,Wholesale Trade,2015-01-01
2021,43533865,2,"VALLEY GREEN, INC. EMPLOYEE STOCK OWNERSHIP PLAN","Valley Green, Inc.",Holyoke,MA,1040,2,,1,0,52,42,2416484.0,0.0,,,42959.0,1376658.0,,444200,Retail Trade,2015-01-01
2021,43553283,2,NMR GROUP EMPLOYEE STOCK OWNERSHIP PLAN,Nmr Group,Somerville,MA,21442759,2,,1,0,45,30,3338083.0,1273588.0,247958.0,0.0,368.0,-668563.0,,541910,Professional & Technical Services,2016-01-01
2021,43577380,1,"DAYMARK ENERGY ADVISORS, INC. EMPLOYEE STOCK OWNERSHIP PLAN","Daymark Energy Advisors, Inc.",Worcester,MA,1608,2,,1,0,45,33,3054310.0,,330000.0,,293148.0,168900.0,,541990,Professional & Technical Services,2001-08-29
2021,463044208,4,THE L.S. STARRETT COMPANY 2013 EMPLOYEE STOCK OWNERSHIP PLAN AND TRUST,The L.S. Starrett Company,Athol,MA,13311915,2,,1,0,393,332,283214.0,100.0,,,53313.0,-153917.0,283109.0,322100,Manufacturing,2013-02-05
2021,471008886,2,"FIRST AMENDED AND RESTATED CREATIVE FINANCIAL STAFFING, INC. EMPLOYEE STOCK OWNERSHIP PLAN","Creative Financial Staffing, Inc.",Boston,MA,2109,2,,1,0,534,273,161460274.0,873884.0,2526720.0,,2203477.0,80111637.0,150610000.0,561300,Administrative & Waste Services,2014-07-28
2021,521405842,3,"CENTRA TECHNOLOGY, INC. EMPLOYEE STOCK OWNERSHIP PLAN","Centra Technology, Inc.",Burlington,MA,1803,2,,1,0,480,0,9934992.0,44.0,9235.0,,0.0,9105.0,,541990,Professional & Technical Services,2005-01-01
2021,61518492,1,ENFIELD ENTERPRISES INC. EMPLOYEE STOCK OWNERSHIP PLAN,Enfield Enterprises Inc.,Springfield,MA,1104,2,,1,0,40,42,4553655.0,53968650.0,1747042.0,0.0,0.0,-50314995.0,,238100,Construction,2020-01-01
2021,651174540,2,SEAL-RYT CORP. EMPLOYEE STOCK OWNERSHIP PLAN AND TRUST,Seal-Ryt Corp.,Westfield,MA,1085,2,,1,0,27,19,715183.0,,17075.0,,20420.0,-196351.0,,238290,Construction,2015-01-01
2021,731627673,3,"EMPLOYEE STOCK OWNERSHIP PLAN OF WESTFIELD FINANCIAL, INC.","Westfield Financial, Inc.",Westfield,MA,10852923,2,,1,0,392,267,15662545.0,4356440.0,964355.0,,543397.0,3485195.0,14488865.0,522120,Finance & Insurance,2002-01-01
2021,743073286,3,ENVISION BANK EMPLOYEE STOCK OWNERSHIP PLAN,Envision Bank,Quincy,MA,2169,2,,1,0,207,171,10909671.0,3895020.0,288999.0,0.0,153029.0,928744.0,10841880.0,522120,Finance & Insurance,2016-07-01
2021,770370729,2,"GLOBAL BEER NETWORK, INC. EMPLOYEE STOCK OWNERSHIP PLAN","Global Beer Network, Inc.",Middleton,MA,1949,2,,1,0,33,23,2430000.0,20292328.0,416067.0,,,1460385.0,,445310,Retail Trade,2020-01-01
2021,813268325,7,THE GILLETTE COMPANY EMPLOYEE STOCK OWNERSHIP PLAN,The Gillette Company,Boston,MA,2127,2,,1,0,1411,193,435531488.0,0.0,,,25603130.0,49176926.0,431570987.0,332900,Manufacturing,1990-01-17
2021,813645861,2,SHAWMUT GROUP EMPLOYEE STOCK OWNERSHIP PLAN,Shawmut Group,Boston,MA,21182436,2,,1,0,1135,650,210570684.0,32862290.0,6023204.0,,4185497.0,14825918.0,205233850.0,236110,Construction,1997-12-01
2021,822323992,4,"THE CADMUS HOLDING COMPANY, INC. EMPLOYEE STOCK OWNERSHIP PLAN","The Cadmus Holding Company, Inc.",Waltham,MA,2451,2,,1,0,735,319,14507795.0,0.0,3063472.0,,32014399.0,-21080778.0,,541600,Professional & Technical Services,2002-05-01
2021,824155907,1,USI EMPLOYEE STOCK OWNERSHIP PLAN,USI,Billerica,MA,1821,2,,1,0,21,19,4041011.0,2356363.0,335931.0,,2931.0,1480405.0,,238220,Construction,2018-01-01
2021,844259761,3,DAVID CLARK EMPLOYEE STOCK OWNERSHIP PLAN,David Clark,Worcester,MA,16150054,2,,1,0,261,207,179322000.0,42452976.0,2258741.0,,7883724.0,3301512.0,179322000.0,339900,Manufacturing,2007-01-01
2021,851665706,2,"NORTHERN TREE HOLDCO, INC. EMPLOYEE STOCK OWNERSHIP PLAN","Northern Tree Holdco, Inc.",Palmer,MA,1069,2,,1,0,143,135,40100665.0,116754281.0,2757011.0,,3778.0,3698871.0,40100000.0,561730,Administrative & Waste Services,2019-01-01
2021,880825163,3,"FORGE GROUP, INC. ESOP","Forge Group, Inc.",Worcester,MA,1605,2,,1,0,22,20,0.0,0.0,,,,0.0,,524290,Finance & Insurance,2021-01-01
2022,10367721,2,"NEW ENGLAND NATURAL BAKERS, INC. EMPLOYEE STOCK OWNERSHIP PLAN","New England Natural Bakers, Inc.",Greenfield,MA,1301,2,,1,0,61,17,10040.0,1040.0,6299.0,,,2468546.0,,311800,Manufacturing,2012-01-01
2022,113672395,2,ARTEL VIDEO SYSTEMS CORPORATION EMPLOYEE STOCK OWNERSHIP PLAN,Artel Video Systems Corporation,Westford,MA,18863617,2,,1,0,45,22,22932.0,1919686.0,495134.0,0.0,524.0,464576.0,,334310,Manufacturing,2014-01-01
2022,201998367,2,"WESTON & SAMPSON, INC. EMPLOYEE STOCK OWNERSHIP PLAN","Weston & Sampson, Inc.",Reading,MA,1867,2,,1,0,644,552,15300755.0,0.0,4800000.0,,323230.0,4227794.0,8101050.0,541330,Professional & Technical Services,2014-01-01
2022,203724403,2,VERTEX EMPLOYEE STOCK OWNERSHIP PLAN,Vertex,Weymouth,MA,2189,2,,1,0,517,0,0.0,0.0,0.0,,20409214.0,-20360243.0,0.0,562000,Administrative & Waste Services,2013-01-01
2022,204270900,1,PARAGUS STRATEGIC IT EMPLOYEE STOCK OWNERSHIP PLAN,Paragus Strategic It,Hadley,MA,1035,2,,1,0,80,49,3300320.0,1295601.0,145000.0,,18532.0,856388.0,,541519,Professional & Technical Services,2015-01-01
2022,20452307,2,DYNAMIC AIR CORPORATION EMPLOYEE STOCK OWNERSHIP PLAN,Dynamic Air Corporation,Boston,MA,21153153,2,,1,0,14,0,7817624.0,0.0,760189.0,,3415344.0,-219644.0,,238220,Construction,2010-01-01
2022,204734036,1,"STONETEK IMPORTS, INC. EMPLOYEE STOCK OWNERSHIP PLAN AND TRUST","Stonetek Imports, Inc.",New Bedford,MA,2745,2,,1,0,29,29,1411800.0,8315096.0,241670.0,,,1133702.0,,238300,Construction,2020-01-01
2022,208135911,2,"WINDOVER CONSTRUCTION, INC. EMPLOYEE STOCK OWNERSHIP PLAN AND TRUST","Windover Construction, Inc.",Beverly,MA,1915,2,,1,0,101,61,10469000.0,398269.0,32500.0,,,3175421.0,,541990,Professional & Technical Services,2017-01-01
2022,260743647,2,BTSE EMPLOYEE STOCK OWNERSHIP PLAN,Btse,Medford,MA,2155,2,,1,0,52,49,99359.0,,99359.0,,,99359.0,,541320,Professional & Technical Services,2022-01-01
2022,263038320,2,"AVWATCH, INC. EMPLOYEE STOCK OWNERSHIP PLAN","Avwatch, Inc.",Plymouth,MA,2360,2,,1,0,15,0,0.0,,0.0,,241255.0,-241255.0,,541370,Professional & Technical Services,2016-01-01
2022,270396940,3,CONSIGLI BUILDING GROUP EMPLOYEE STOCK OWNERSHIP PLAN,Consigli Building Group,Milford,MA,1757,2,,1,0,1476,1341,495023943.0,904139.0,639314.0,,601716.0,92743276.0,495005000.0,236200,Construction,2017-01-01
2022,364488912,1,"ASHWORTH INTERNATIONAL, INC. EMPLOYEE STOCK OWNERSHIP PLAN","Ashworth International, Inc.",Fall River,MA,2721,2,,1,0,191,127,13203759.0,8291091.0,1681727.0,,135450.0,1724849.0,11441148.0,551112,Management of Companies,2016-01-01
2022,41110170,1,BOURNEUF CORPORATION EMPLOYEE STOCK OWNERSHIP PLAN,Bourneuf Corporation,Lynn,MA,19024402,2,,1,0,20,15,1257411.0,0.0,0.0,0.0,2136.0,329269.0,,423700,Wholesale Trade,1997-09-01
2022,41123040,3,HARBORONE BANK EMPLOYEE STOCK OWNERSHIP PLAN,Harborone Bank,Brockton,MA,2301,2,,1,0,502,331,63112369.0,29242297.0,1551334.0,,428141.0,-2955915.0,62722048.0,522130,Finance & Insurance,2016-01-01
2022,41123740,3,BROCKWAY-SMITH COMPANY EMPLOYEE STOCK OWNERSHIP PLAN & TRUST,Brockway-Smith Company,Andover,MA,18101492,2,,1,0,68,57,13005370.0,57141.0,,,138645.0,2113433.0,12418854.0,423300,Wholesale Trade,1976-01-01
2022,41203530,2,SPAULDING BRICK EMPLOYEE STOCK OWNERSHIP PLAN,Spaulding Brick,Wilmington,MA,1887,2,,1,0,32,22,13823093.0,0.0,686244.0,,688240.0,983724.0,,423300,Wholesale Trade,1997-01-01
2022,41294820,1,EVERETT CO-OPERATIVE BANK EMPLOYEE STOCK OWNERSHIP PLAN,Everett Co-Operative Bank,Everett,MA,2149,2,,1,0,0,44,11781021.0,6928495.0,561677.0,,,4852526.0,,522120,Finance & Insurance,2022-01-01
2022,41782600,3,EAST BOSTON SAVINGS BANK EMPLOYEE STOCK OWNERSHIP PLAN,East Boston Savings Bank,Rockland,MA,2370,2,,1,0,656,0,0.0,0.0,,,63261470.0,-60274354.0,0.0,522110,Finance & Insurance,2008-01-01
2022,41810570,2,SAVOGRAN COMPANY EMPLOYEE STOCK OWNERSHIP PLAN,Savogran Company,Norwood,MA,20623417,2,,1,0,5,5,716928.0,,,,,-20174.0,,325500,Manufacturing,1988-01-01
2022,41866480,2,THE L.S. STARRETT COMPANY EMPLOYEE STOCK OWNERSHIP PLAN,The L.S. Starrett Company,Athol,MA,13311915,2,,1,0,336,199,3052816.0,2000.0,,,417385.0,700680.0,3051771.0,332210,Manufacturing,1994-07-01
2022,41866480,4,THE L.S. STARRETT COMPANY 2013 EMPLOYEE STOCK OWNERSHIP PLAN AND TRUST,The L.S. Starrett Company,Athol,MA,13311915,2,,1,0,333,300,382832.0,100.0,,,35889.0,99618.0,382729.0,332210,Manufacturing,2013-02-05
2022,41983105,4,COLONIAL FEDERAL SAVINGS BANK EMPLOYEE STOCK OWNERSHIP PLAN,Colonial Federal Savings Bank,Quincy,MA,21702889,2,,1,0,26,24,2068192.0,2486057.0,150777.0,,,-417865.0,,522120,Finance & Insurance,2022-01-01
2022,42044378,2,"WILLIAMS STONE CO. , INC. EMPLOYEE STOCK OWNERSHIP PLAN","Williams Stone Co. , Inc.",East Otis,MA,1029,2,,1,0,68,42,16677112.0,,294857.0,,6986768.0,-3574824.0,,212310,"Mining, Oil & Gas",2005-01-01
2022,42086300,2,FRASER ENGINEERING COMPANY EMPLOYEE STOCK OWNERSHIP PLAN,Fraser Engineering Company,Newton,MA,24609142,2,,1,0,60,35,2898435.0,0.0,,,239347.0,123921.0,,238220,Construction,2003-01-01
2022,42137249,3,IMTRA CORPORATION EMPLOYEE STOCK OWNERSHIP PLAN,Imtra Corporation,New Bedford,MA,27451205,2,,1,0,73,72,4433401.0,24632995.0,770862.0,,,3006436.0,,423910,Wholesale Trade,2021-01-01
2022,42170946,2,"PAUL K. GUILLOW, INC. EMPLOYEE STOCK OWNERSHIP PLAN AND TRUST","Paul K. Guillow, Inc.",Wakefield,MA,18800329,2,,1,0,42,23,842790.0,162371.0,,,570.0,23650.0,,321900,Manufacturing,1986-11-01
2022,42175284,3,"GREEN INTERNATIONAL AFFILIATES, INC. EMPLOYEE STOCK OWNERSHIP PLAN","Green International Affiliates, Inc.",Tewksbury,MA,1876,2,,1,0,99,82,3013301.0,0.0,600000.0,0.0,112412.0,1066962.0,,541330,Professional & Technical Services,2017-04-01
2022,42188202,3,"WIREFAB, INC. EMPLOYEE STOCK OWNERSHIP PLAN","Wirefab, Inc.",Worcester,MA,1607,2,,1,0,53,35,4029193.0,7040.0,60000.0,,,260284.0,,332610,Manufacturing,1991-01-01
2022,42264013,3,"D.N. LUKENS, INC. EMPLOYEE STOCK OWNERSHIP PLAN","D.N. Lukens, Inc.",Reading,MA,1867,2,,1,0,31,0,0.0,0.0,,,58854.0,-58126.0,,424600,Wholesale Trade,1977-01-01
2022,42272126,4,"CAPE COD LUMBER CO., INC. EMPLOYEE STOCK OWNERSHIP PLAN","Cape Cod Lumber Co., Inc.",Abington,MA,2351,2,,1,0,98,87,64794084.0,18109146.0,1122266.0,0.0,745137.0,18981315.0,,423300,Wholesale Trade,2014-01-01
2022,42273500,2,"L. P. M. HOLDING COMPANY, INC, EMPLOYEE STOCK OWNERSHIP PLAN","L. P. M. Holding Company, Inc",Bolton,MA,1740,2,,1,0,229,0,0.0,0.0,,,1348167.0,-1348167.0,,541990,Professional & Technical Services,2016-01-01
2022,42274728,3,FEINGOLD & FEINGOLD INSURANCE AGENCY INC. EMPLOYEE STOCK OWNERSHIP PLAN,Feingold & Feingold Insurance Agency Inc.,Worcester,MA,1608,2,,1,0,24,14,1325024.0,,43761.0,0.0,10917.0,-26265.0,,524210,Finance & Insurance,1988-01-01
2022,42279997,4,THE COMREX CORPORATION EMPLOYEE STOCK OWNERSHIP PLAN,The Comrex Corporation,Devens,MA,14345068,2,,1,0,22,21,5874983.0,1755599.0,464628.0,,106559.0,-840219.0,,334310,Manufacturing,1997-07-01
2022,42300185,2,DALE MEDICAL PRODUCTS EMPLOYEE STOCK OWNERSHIP PLAN,Dale Medical Products,Franklin,MA,2038,2,,1,0,70,55,532422.0,0.0,1126850.0,0.0,1806.0,-342528.0,,339110,Manufacturing,2021-01-01
2022,42301242,3,"GOODY, CLANCY & ASSOCIATES EMPLOYEE STOCK OWNERSHIP PLAN","Goody, Clancy & Associates",Boston,MA,2116,2,,1,0,107,47,5270000.0,0.0,629243.0,0.0,629243.0,-1181040.0,,541310,Professional & Technical Services,1987-07-01
2022,42323460,1,"ECONOCORP, INC. EMPLOYEE STOCK OWNERSHIP PLAN","Econocorp, Inc.",Randdolph,MA,2368,2,,1,0,25,0,0.0,,,,403884.0,-347846.0,,333200,Manufacturing,1991-07-01
2022,42324804,2,TECH-ETCH EMPLOYEE STOCK OWNERSHIP PLAN,Tech-Etch,Plymouth,MA,23604803,2,,1,0,890,674,41959447.0,34618264.0,4525497.0,,1325695.0,-4389373.0,41873508.0,332900,Manufacturing,1999-03-01
2022,42347643,2,ABT ASSOCIATES INC. EMPLOYEES STOCK OWNERSHIP PLAN,ABT ASSOCIATES INC.,Cambridge,MA,021381192,2,2I2P2Q3H3I,1,0,3964,2349,312177588.0,24166362.0,6964366.0,,19252277.0,-4923324.0,311691900.0,541600,Professional & Technical Services,1975-01-01
2022,42348065,2,JANIS RESEARCH EMPLOYEE STOCK OWNERSHIP PLAN AND TRUST,Janis Research,Woburn,MA,18011265,2,,1,0,90,0,1710596.0,,4600000.0,,4462715.0,-2551550.0,,339900,Manufacturing,1999-01-01
2022,42372206,1,STREM CHEMICALS INC. 401K AND ESOP,Strem Chemicals Inc.,Newburyport,MA,19504019,2,,1,1,84,0,5734577.0,,,,31791.0,890435.0,,325100,Manufacturing,2001-01-01
2022,42389826,4,"NEW ENGLAND CONTROLS, INC. EMPLOYEE STOCK OWNERSHIP PLAN","New England Controls, Inc.",Mansfield,MA,2048,2,,1,0,373,433,78952036.0,2218.0,4398345.0,,5730743.0,19758540.0,77948556.0,334500,Manufacturing,1986-01-01
2022,42444641,1,SALLOP INSURANCE EMPLOYEE STOCK OWNERSHIP PLAN,Sallop Insurance,Boston,MA,21144721,2,,1,0,18,14,14557364.0,2998752.0,489516.0,,217502.0,2876411.0,,524210,Finance & Insurance,2002-01-01
2022,42445292,2,"FRED C. CHURCH, INC. EMPLOYEES' STOCK OWNERSHIP PLAN AND TRUST","FRED C. CHURCH,INC.",Lowell,MA,01851,2,2O2Q,1,0,152,0,3736774.0,,,,73486037.0,-72708644.0,,524210,Finance & Insurance,1975-01-01
2022,42471226,2,"AERODYNE RESEARCH, INC. EMPLOYEE STOCK OWNERSHIP PLAN","Aerodyne Research, Inc.",Billerica,MA,18213934,2,,1,0,69,57,9415939.0,,264974.0,,1001587.0,115758.0,,541700,Professional & Technical Services,1985-11-26
2022,42472856,2,JAMES MONROE CORP. ESOP,James Monroe Corp.,So. Lancaster,MA,1561,2,,1,0,124,121,4387337.0,0.0,356310.0,,106817.0,1007966.0,4031027.0,339900,Manufacturing,1999-11-01
2022,42482120,3,CONCORD LUMBER CORP. EMPLOYEE STOCK OWNERSHIP PLAN & TRUST,Concord Lumber Corp.,Littleton,MA,1460,2,,1,0,156,95,8422672.0,1946459.0,125757.0,,309763.0,460643.0,8414965.0,444190,Retail Trade,1996-04-01
2022,42501424,2,B&B ENGINEERING CORPORATION EMPLOYEE STOCK OWNERSHIP PLAN,B&B Engineering Corporation,Georgetown,MA,18332024,2,,1,0,26,0,5732865.0,0.0,260000.0,,23238.0,1029014.0,,334200,Manufacturing,2014-01-01
2022,42514329,3,"CENTRAL COATING TECHNOLOGIES, INC. EMPLOYEE STOCK OWNERSHIP PLAN","Central Coating Technologies, Inc.",West Boylston,MA,1583,2,,1,0,64,56,7448600.0,0.0,773870.0,,1031289.0,-1215355.0,,326100,Manufacturing,2004-01-01
2022,42517090,2,PHYSICAL SCIENCES INC. EMPLOYEE STOCK OWNERSHIP PLAN,Physical Sciences Inc.,Andover,MA,1810,2,,1,0,352,227,89702696.0,18607.0,5781162.0,,4182357.0,14966883.0,83426633.0,541330,Professional & Technical Services,1988-07-01
2022,42550058,2,INTERNATIONAL CARS EMPLOYEE STOCK OWNERSHIP PLAN,International Cars,Danvers,MA,1923,2,,1,0,364,269,21709609.0,4389351.0,724387.0,,378237.0,6741095.0,21517315.0,441110,Retail Trade,2000-01-01
2022,42556035,2,LANDRY'S BICYCLES EMPLOYEE STOCK OWNERSHIP PLAN,Landry'S Bicycles,Natick,MA,1760,2,,1,0,87,76,3480455.0,2734323.0,230405.0,,148879.0,-989173.0,,451110,Retail Trade,2009-10-01
2022,42587894,2,NOTCH EMPLOYEE STOCK OWNERSHIP PLAN,Notch,Chicopee,MA,1013,2,,1,0,101,89,7510000.0,2244878.0,159061.0,,9219.0,4887823.0,,238900,Construction,2020-04-01
2022,42597651,1,"INTERNATIONAL DATA GROUP, INC. EMPLOYEE STOCK OWNERSHIP PLAN","International Data Group, Inc.",Needham,MA,2494,2,,1,0,965,559,3279252.0,70858.0,,,282733.0,67992.0,,511120,Information & Technology,1976-01-01
2022,42624147,5,"ELECTRO-TERM, INC. EMPLOYEE STOCK OWNERSHIP PLAN","Electro-Term, Inc.",Springfield,MA,11181058,2,,1,0,70,31,3252217.0,0.0,52000.0,0.0,52049.0,2157996.0,,423600,Wholesale Trade,2008-01-01
2022,42631963,3,"NEW ENGLAND BIOLABS, INC. NON-VOTING STOCK OWNERSHIP PLAN","NEW ENGLAND BIOLABS, INC.",Ipswich,MA,01938,2,2E2I2O3I,1,0,401,375,126305843.0,0.0,738788.0,,261088370.0,-348258965.0,,325900,Manufacturing,1985-10-01
2022,42631963,5,"NEW ENGLAND BIOLABS, INC. VOTING STOCK OWNERSHIP PLAN","NEW ENGLAND BIOLABS, INC.",Ipswich,MA,01938,2,2I2P3I,1,0,391,377,272105333.0,331696443.0,21235439.0,,183487610.0,-373633999.0,,325900,Manufacturing,2021-06-28
2022,42637381,2,"QUIRK WIRE CO., INC. EMPLOYEE STOCK OWNERSHIP PLAN","Quirk Wire Co., Inc.",West Brookfield,MA,1585,2,,1,0,65,33,10448584.0,0.0,615085.0,,679608.0,973079.0,,332610,Manufacturing,2003-01-01
2022,42699206,3,"PACKAGING CONSULTANTS, INC. EMPLOYEE STOCK OWNERSHIP PLAN & TRUST","Packaging Consultants, Inc.",New Bedford,MA,2745,2,,1,0,12,10,155019.0,,,,,-27390.0,,424990,Wholesale Trade,1990-02-01
2022,42718570,3,"SPECTRAL SCIENCES, INC. EMPLOYEE STOCK OWNERSHIP PLAN","Spectral Sciences, Inc.",Burlington,MA,18033304,2,,1,0,47,38,4172874.0,1863497.0,444543.0,,1450625.0,-2557362.0,,541700,Professional & Technical Services,1993-01-01
2022,42741165,3,"SPS NEW ENGLAND, INC. EMPLOYEE STOCK OWNERSHIP PLAN","Sps New England, Inc.",Salisbury,MA,1952,2,,1,0,184,167,9960000.0,56000000.0,4000000.0,,0.0,-46040000.0,9960000.0,237210,Construction,2022-01-01
2022,42745179,3,"SYMMES MAINI & MCKEE ASSOCIATES, INC. EMPLOYEE STOCK OWNERSHIP PLAN","Symmes Maini & Mckee Associates, Inc.",Cambridge,MA,2138,2,,1,0,224,186,13295949.0,0.0,600000.0,,588275.0,962678.0,12448835.0,541310,Professional & Technical Services,1988-01-01
2022,42772059,2,"BARCLAY WATER TREATMENT CO., INC. EMPLOYEE STOCK OWNERSHIP PLAN","Barclay Water Treatment Co., Inc.",Newton,MA,2458,2,,1,0,297,192,85110269.0,3492756.0,2016619.0,,1051353.0,11131609.0,78818005.0,325900,Manufacturing,2009-10-01
2022,42774191,2,LAMPIN CORPORATION EMPLOYEE STOCK OWNERSHIP PLAN,Lampin Corporation,Uxbridge,MA,1569,2,,1,0,52,28,5919751.0,1105931.0,405492.0,0.0,427151.0,-453704.0,,333510,Manufacturing,2001-01-01
2022,42777442,3,CAMBRIDGE BANCORP EMPLOYEE STOCK OWNERSHIP PLAN,Cambridge Bancorp,Cambridge,MA,21383842,2,,1,0,500,332,22711538.0,0.0,800027.0,,3265849.0,-4742249.0,22507808.0,522110,Finance & Insurance,1986-01-01
2022,42803764,2,"CHARLES RIVER ANALYTICS, INC. EMPLOYEE STOCK OWNERSHIP PLAN","Charles River Analytics, Inc.",Cambridge,MA,2138,2,,1,0,278,127,32200000.0,8650000.0,1477232.0,,216408.0,3665000.0,32200000.0,541511,Professional & Technical Services,2012-10-01
2022,42804642,2,"REX CUT PRODUCTS, INC. EMPLOYEE STOCK OWNERSHIP PLAN","Rex Cut Products, Inc.",Fall River,MA,2722,2,,1,0,77,42,2635761.0,0.0,385516.0,,214627.0,-514636.0,,339900,Manufacturing,2008-01-01
2022,42821431,2,"TIGHE & BOND, INC. EMPLOYEE STOCK OWNERSHIP PLAN","Tighe & Bond, Inc.",Westfield,MA,10855308,2,,1,0,447,423,24408105.0,0.0,1450000.0,,2593744.0,1275954.0,23138550.0,541330,Professional & Technical Services,1997-10-01
2022,42831820,2,BURKART EMPLOYEE STOCK OWNERSHIP 401(K) PLAN,Burkart,Shirley,MA,1464,2,,1,1,16,14,1970960.0,458.0,1095.0,0.0,0.0,235727.0,,339900,Manufacturing,2022-01-01
2022,42837729,3,"NELCO PRODUCTS, INC. EMPLOYEE STOCK OWNERSHIP PLAN","Nelco Products, Inc.",Pembroke,MA,23591937,2,,1,0,47,35,19603712.0,1667985.0,356674.0,0.0,492794.0,2970075.0,,423600,Wholesale Trade,2004-08-01
2022,42880295,2,"WEB INDUSTRIES, INC. EMPLOYEE STOCK OWNERSHIP PLAN","Web Industries, Inc.",Marlborough,MA,1752,2,,1,0,789,388,92384603.0,19454037.0,6525000.0,,17729860.0,-84670565.0,91398060.0,322200,Manufacturing,1984-10-01
2022,42887710,2,"PRELLWITZ / CHILINSKI ASSOCIATES, INC. EMPLOYEE STOCK OWNERSHIP PLAN","Prellwitz / Chilinski Associates, Inc.",Cambridge,MA,21391306,2,,1,0,90,70,7636202.0,1676223.0,419010.0,,105661.0,-56819.0,,541310,Professional & Technical Services,2006-01-01
2022,42895731,2,"WORCESTER MANUFACTURING, INC. ESOP","Worcester Manufacturing, Inc.",Worcester,MA,1605,2,,1,0,50,44,6420000.0,1987849.0,108945.0,0.0,399938.0,420554.0,,339900,Manufacturing,2012-01-01
2022,42917465,2,GEMINI STOCK PROGRAM,GEMINI INDUSTRIES INC.,Burlington,MA,01803,2,2I2O2Q3I,1,0,215,136,1720102.0,0.0,438200.0,,56006.0,130186.0,350000.0,541330,Professional & Technical Services,2019-01-01
2022,42925204,2,HARPOON BREWERY EMPLOYEE STOCK OWNERSHIP PLAN,Harpoon Brewery,Boston,MA,22102330,2,,1,0,321,110,10475346.0,29495937.0,3124495.0,,19307.0,-2349518.0,10164918.0,312120,Manufacturing,2014-01-01
2022,42932946,2,"DARMANN ABRASIVE PRODUCTS, INC. EMPLOYEE STOCK OWNERSHIP PLAN","Darmann Abrasive Products, Inc.",Clinton,MA,15101914,2,,1,0,75,42,5770896.0,805508.0,104620.0,,490081.0,-1782387.0,,327900,Manufacturing,1998-10-01
2022,42941854,2,"MIDDLETON & COMPANY, INC. EMPLOYEE STOCK OWNERSHIP PLAN","Middleton & Company, Inc.",Boston,MA,2210,2,,1,0,22,12,4918462.0,156604.0,200000.0,,217169.0,-2067879.0,,812990,Other Services,2003-01-01
2022,42942412,2,WASHBURN-GARFIELD CORPORATION EMPLOYEE STOCK OWNERSHIP PLAN,Washburn-Garfield Corporation,Millbury,MA,1527,2,,1,0,19,0,4267094.0,3096340.0,196232.0,,3096340.0,-903840.0,,423700,Wholesale Trade,2007-11-01
2022,42943867,2,"SWISSTURN/USA, INC. EMPLOYEE STOCK OWNERSHIP PLAN","Swissturn/Usa, Inc.",Oxford,MA,1540,2,,1,0,75,52,7619393.0,9451529.0,553085.0,,38579.0,-1159717.0,,332700,Manufacturing,2015-01-01
2022,42993095,2,"ENVIRONMENTAL HEALTH & ENGINEERING, INC. EMPLOYEE STOCK OWNERSHIP PLAN","Environmental Health & Engineering, Inc.",Newton,MA,2459,2,,1,0,139,81,9907009.0,2647894.0,411459.0,,274077.0,678880.0,9599500.0,541990,Professional & Technical Services,2010-01-01
2022,43005476,1,CAPE AIR/NANTUCKET AIRLINES KSOP RETIREMENT PLAN,CAPE AIR/NANTUCKET AIRLINES,Hyannis,MA,026011924,2,2E2F2G2I2J2K2O2S2T3I,1,1,1133,631,28044043.0,0.0,566950.0,1810442.0,2082507.0,-5812910.0,1747363.0,481000,Transportation & Warehousing,1995-01-01
2022,43024663,3,ACENTECH INCORPORATED EMPLOYEE STOCK OWNERSHIP PLAN,Acentech Incorporated,Cambridge,MA,2138,2,,1,0,81,65,5725963.0,0.0,200000.0,0.0,121243.0,254112.0,,541990,Professional & Technical Services,2015-10-01
2022,43026692,2,BAXTER EMPLOYEE STOCK OWNERSHIP PLAN,Baxter,West Yarmouth,MA,2673,2,,1,0,13,12,1643500.0,4092876.0,370967.0,,,1025606.0,,237310,Construction,2020-07-01
2022,43027262,2,"SIGN DESIGN, INC. EMPLOYEE STOCK OWNERSHIP PLAN","Sign Design, Inc.",Brockton,MA,2301,2,,1,0,65,54,1681175.0,4733241.0,255661.0,,,773072.0,,541800,Professional & Technical Services,2019-01-01
2022,43038026,2,WRIGHT ARCHITECTURAL MILLWORK CORPORATION EMPLOYEE STOCK OWNERSHIP PLAN AND TRUST,Wright Architectural Millwork Corporation,Northampton,MA,1060,2,,1,0,61,45,4296000.0,422445.0,51624.0,,27309.0,-950782.0,,321900,Manufacturing,2018-01-01
2022,43053085,3,"SCIENTIFIC SYSTEMS COMPANY, INC. EMPLOYEE STOCK OWNERSHIP PLAN","Scientific Systems Company, Inc.",Woburn,MA,1801,2,,1,0,114,91,2284326.0,9832.0,,,118328.0,-103682.0,,541600,Professional & Technical Services,2002-06-01
2022,43061714,2,"ISAACSON MILLER, INC. EMPLOYEE STOCK OWNERSHIP PLAN","Isaacson Miller, Inc.",Boston,MA,2210,2,,1,0,339,254,25008238.0,1083624.0,1085852.0,,774266.0,3402789.0,24877421.0,561300,Administrative & Waste Services,2007-01-01
2022,43067724,3,EASTERN BANK EMPLOYEE STOCK OWNERSHIP PLAN,Eastern Bank,Boston,MA,2110,2,,1,0,1729,1760,258836117.0,143202560.0,2353605.0,,540088.0,-40459247.0,257386280.0,522120,Finance & Insurance,2020-01-01
2022,43071690,2,"MERIDIAN ASSOCIATES, INC. EMPLOYEE STOCK OWNERSHIP PLAN","Meridian Associates, Inc.",Beverly,MA,1915,2,,1,0,35,19,1201378.0,1819107.0,459944.0,,45609.0,155893.0,,541330,Professional & Technical Services,2015-01-01
2022,43104386,2,"FEINMANN, INC. EMPLOYEE STOCK OWNERSHIP PLAN","Feinmann, Inc.",Lexington,MA,2421,2,,1,0,30,23,557180.0,2416784.0,655040.0,,,-1859604.0,,236110,Construction,2022-01-01
2022,43130236,2,"THE RICHMOND GROUP, INC. EMPLOYEE STOCK OWNERSHIP PLAN","The Richmond Group, Inc.",Hopkinton,MA,1748,2,,1,0,104,87,59746998.0,4610158.0,1587918.0,0.0,1643812.0,7203705.0,,236200,Construction,2017-01-01
2022,43152864,2,"COLONIAL SYSTEMS, INC. EMPLOYEE STOCK OWNERSHIP PLAN","Colonial Systems, Inc.",Littleton,MA,1460,2,,1,0,28,21,11157300.0,2888050.0,697493.0,,,3459936.0,,238900,Construction,2019-01-01
2022,43169205,2,"TATA & HOWARD, INC. EMPLOYEE STOCK OWNERSHIP PLAN","Tata & Howard, Inc.",Marlborough,MA,1752,2,,1,0,93,44,4470091.0,199525.0,93277.0,,56395.0,119978.0,,541330,Professional & Technical Services,2014-01-01
2022,43175021,2,"BOSTON BRACE INTERNATIONAL, INC. EMPLOYEE STOCK OWNERSHIP PLAN","Boston Brace International, Inc.",Avon,MA,2322,2,,1,0,290,157,4758438.0,61236.0,355579.0,,258540.0,-163815.0,2402402.0,339110,Manufacturing,2014-01-01
2022,43177356,2,"DIETZ & COMPANY ARCHITECTS, INC. EMPLOYEE STOCK OWNERSHIP PLAN","Dietz & Company Architects, Inc.",Springfield,MA,1103,2,,1,0,28,22,828000.0,1535491.0,69585.0,0.0,690.0,418149.0,,541310,Professional & Technical Services,2020-01-01
2022,43200597,3,BRAIT BUILDERS CORPORATION EMPLOYEE STOCK OWNERSHIP PLAN,Brait Builders Corporation,Marshfield,MA,2050,2,,1,0,22,20,24660608.0,2824065.0,142304.0,,38727.0,1730102.0,,236110,Construction,2019-01-01
2022,43221989,2,"RCM SERVICES, INC. EMPLOYEE STOCK OWNERSHIP PLAN","Rcm Services, Inc.",Allston,MA,2134,2,,1,0,86,49,6186400.0,3132736.0,347479.0,0.0,0.0,-517044.0,,561720,Administrative & Waste Services,2015-01-01
2022,43223296,2,"OEM CONNECT, LTD. EMPLOYEE STOCK OWNERSHIP PLAN","Oem Connect, Ltd.",Billerica,MA,1821,2,,1,0,39,22,5056988.0,,355811.0,,249790.0,-31553.0,,322200,Manufacturing,2010-01-01
2022,43247749,3,DIAMOND ANTENNA AND MICROWAVE CORPORATION EMPLOYEE STOCK OWNERSHIP,Diamond Antenna And Microwave Corporation,Littleton,MA,1460,2,,1,0,92,60,20989079.0,42570.0,328254.0,0.0,398709.0,6774318.0,,335900,Manufacturing,2008-09-01
2022,43257145,3,"DONNELLY SERVICE GROUP, INC. EMPLOYEE STOCK OWNERSHIP PLAN","Donnelly Service Group, Inc.",Wakefield,MA,1880,2,,1,0,162,91,254953.0,0.0,98353.0,,4522.0,93774.0,,561720,Administrative & Waste Services,2019-01-01
2022,43258366,2,SPEC EMPLOYEE STOCK OWNERSHIP PLAN,Spec,Burlington,MA,1803,2,,1,0,28,28,3027967.0,54.0,90000.0,,197645.0,1100038.0,,541330,Professional & Technical Services,2010-01-01
2022,43347358,3,"NEVO TECHNOLOGIES, INC EMPLOYEE STOCK OWNERSHIP PLAN","Nevo Technologies, Inc",Cambridge,MA,2138,2,,1,0,21,10,5810000.0,3814526.0,435893.0,,197395.0,86704.0,,541511,Professional & Technical Services,2009-01-01
2022,43358086,2,COURTSMART DIGITAL SYSTEMS EMPLOYEE STOCK OWNERSHIP PLAN,Courtsmart Digital Systems,North Chelmsford,MA,1863,2,,1,0,30,22,6636022.0,1908501.0,110683.0,,11376.0,-673384.0,,519100,Information & Technology,2020-01-01
2022,43401502,2,"CARNEY, SANDOE & ASSOCIATES EMPLOYEE STOCK OWNERSHIP PLAN","Carney, Sandoe & Associates",Boston,MA,2110,2,,1,0,39,29,26521944.0,0.0,10000.0,,568759.0,399560.0,,561300,Administrative & Waste Services,2013-01-01
2022,43402944,3,"BROOKLINE BANCORP, INC EMPLOYEE STOCK OWNERSHIP PLAN","Brookline Bancorp, Inc",Boston,MA,2117,2,,1,0,899,656,9386771.0,0.0,252476.0,,621933.0,-1392718.0,9011951.0,522110,Finance & Insurance,1997-11-01
2022,43448069,2,"DMH ELECTRIC, INC. EMPLOYEE STOCK OWNERSHIP PLAN AND TRUST","Dmh Electric, Inc.",Sterling,MA,1564,2,,1,0,56,36,2331245.0,4382.0,,,,709786.0,,238210,Construction,2017-11-01
2022,43484613,2,TRI-WIRE EMPLOYEE STOCK OWNERSHIP PLAN,Tri-Wire,Tewksbury,MA,1876,2,,1,0,539,0,62.0,14793341.0,0.0,,0.0,0.0,0.0,517000,Information & Technology,2016-01-01
2022,43490470,2,"NEW ENGLAND DISCOUNT RETAILERS, INC. EMPLOYEE STOCK OWNERSHIP PLAN","New England Discount Retailers, Inc.",Holliston,MA,1746,2,,1,0,60,50,4492800.0,10735859.0,370467.0,,4434.0,2472103.0,,453990,Retail Trade,2019-09-30
2022,43495686,1,"GILLETTE RESTAURANT EQUIPMENT, INC. EMPLOYEE STOCK OWNERSHIP PLAN","Gillette Restaurant Equipment, Inc.",North Brookfield,MA,1535,2,,1,0,11,13,181392.0,1835860.0,105392.0,,,-1654468.0,,423400,Wholesale Trade,2022-01-01
2022,43497377,3,BANKPROV EMPLOYEE STOCK OWNERSHIP PLAN,Bankprov,Amesbury,MA,1913,2,,1,0,229,202,10946556.0,8378796.0,784158.0,,166956.0,-16539196.0,10946384.0,522120,Finance & Insurance,2015-01-01
2022,43521482,2,BLUE Q EMPLOYEE STOCK OWNERSHIP PLAN AND TRUST,Blue Q,Pittsfield,MA,1201,2,,1,0,53,39,7268043.0,,565000.0,0.0,0.0,1250218.0,,424300,Wholesale Trade,2018-01-01
2022,43531186,2,"WOODLAND PARTNERS, INC. EMPLOYEE STOCK OWNERSHIP PLAN","Woodland Partners, Inc.",Franklin,MA,2038,2,,1,0,29,17,19820121.0,3304636.0,595000.0,,368903.0,4675670.0,,424400,Wholesale Trade,2015-01-01
2022,43533865,2,"VALLEY GREEN, INC. EMPLOYEE STOCK OWNERSHIP PLAN","Valley Green, Inc.",Holyoke,MA,1040,2,,1,0,46,42,1690628.0,0.0,,,725895.0,-725856.0,,444200,Retail Trade,2015-01-01
2022,43553283,2,NMR GROUP EMPLOYEE STOCK OWNERSHIP PLAN,Nmr Group,Somerville,MA,21442759,2,,1,0,47,31,2514504.0,1134575.0,195336.0,0.0,58030.0,-684566.0,,541910,Professional & Technical Services,2016-01-01
2022,43577380,1,"DAYMARK ENERGY ADVISORS, INC. EMPLOYEE STOCK OWNERSHIP PLAN","Daymark Energy Advisors, Inc.",Worcester,MA,1608,2,,1,0,50,32,1513284.0,,330000.0,,204846.0,-1541026.0,,541990,Professional & Technical Services,2001-08-29
2022,43579044,2,ERLAND CONSTRUCTION EMPLOYEE STOCK OWNERSHIP PLAN,Erland Construction,Burlington,MA,18034415,2,,1,0,117,103,8370329.0,9885344.0,859000.0,,0.0,-1515015.0,7065960.0,236200,Construction,2022-01-01
2022,471008886,2,"FIRST AMENDED AND RESTATED CREATIVE FINANCIAL STAFFING, INC. EMPLOYEE STOCK OWNERSHIP PLAN","Creative Financial Staffing, Inc.",Boston,MA,2109,2,,1,0,644,500,210438566.0,849892.0,2304550.0,,7543562.0,49002284.0,200850000.0,561300,Administrative & Waste Services,2014-07-28
2022,473752261,2,"CHMWARNICK, INC. EMPLOYEE STOCK OWNERSHIP PLAN","Chmwarnick, Inc.",Beverly,MA,1915,2,,1,0,41,31,4310687.0,5200010.0,,,,-889323.0,,525990,Finance & Insurance,2022-01-01
2022,521405842,3,"CENTRA TECHNOLOGY, INC. EMPLOYEE STOCK OWNERSHIP PLAN","Centra Technology, Inc.",Burlington,MA,1803,2,,1,0,480,0,9928428.0,44.0,9235.0,,11498.0,-6564.0,,541330,Professional & Technical Services,2005-01-01
2022,61518492,1,ENFIELD ENTERPRISES INC. EMPLOYEE STOCK OWNERSHIP PLAN,Enfield Enterprises Inc.,Springfield,MA,1104,2,,1,0,51,41,915272.0,53511238.0,1529225.0,0.0,1617.0,-3180971.0,,238100,Construction,2020-01-01
2022,651174540,2,SEAL-RYT CORP. EMPLOYEE STOCK OWNERSHIP PLAN AND TRUST,Seal-Ryt Corp.,Westfield,MA,1085,2,,1,0,26,21,584254.0,,5401.0,,22231.0,-130929.0,,238290,Construction,2015-01-01
2022,731627673,3,"EMPLOYEE STOCK OWNERSHIP PLAN OF WESTFIELD FINANCIAL, INC.","Westfield Financial, Inc.",Westfield,MA,10852923,2,,1,0,409,257,16148035.0,3696618.0,897419.0,,897723.0,1145312.0,14987837.0,522120,Finance & Insurance,2002-01-01
2022,743073286,3,ENVISION BANK EMPLOYEE STOCK OWNERSHIP PLAN,Envision Bank,Easthampton,MA,1027,2,,1,0,216,0,8944473.0,0.0,13244.0,0.0,340344.0,1929822.0,0.0,522120,Finance & Insurance,2016-07-01
2022,770370729,2,"GLOBAL BEER NETWORK, INC. EMPLOYEE STOCK OWNERSHIP PLAN","Global Beer Network, Inc.",Middleton,MA,1949,2,,1,0,32,24,2960000.0,19555899.0,445627.0,,,1266429.0,,445310,Retail Trade,2020-01-01
2022,813268325,7,THE GILLETTE COMPANY EMPLOYEE STOCK OWNERSHIP PLAN,The Gillette Company,Boston,MA,2127,2,,1,0,1340,174,380839397.0,0.0,,,29615482.0,-54310264.0,377787398.0,332900,Manufacturing,1990-01-17
2022,813645861,2,SHAWMUT GROUP EMPLOYEE STOCK OWNERSHIP PLAN,Shawmut Group,Boston,MA,21182436,2,,1,0,1124,689,234269486.0,30088607.0,5256254.0,,6169137.0,27433536.0,228706307.0,236110,Construction,1997-12-01
2022,822323992,4,"THE CADMUS HOLDING COMPANY, INC. EMPLOYEE STOCK OWNERSHIP PLAN","The Cadmus Holding Company, Inc.",Waltham,MA,2451,2,,1,0,772,261,14888361.0,0.0,,,0.0,380566.0,,541600,Professional & Technical Services,2002-05-01
2022,824155907,1,USI EMPLOYEE STOCK OWNERSHIP PLAN,USI,Billerica,MA,1821,2,,1,0,21,19,4924511.0,2240014.0,188454.0,,,999849.0,,238220,Construction,2018-01-01
2022,844259761,3,DAVID CLARK EMPLOYEE STOCK OWNERSHIP PLAN,David Clark,Worcester,MA,16150054,2,,1,0,251,208,191786000.0,51541484.0,2682305.0,,10001188.0,4059689.0,191786000.0,339900,Manufacturing,2007-01-01
2022,851665706,2,"NORTHERN TREE HOLDCO, INC. EMPLOYEE STOCK OWNERSHIP PLAN","Northern Tree Holdco, Inc.",Palmer,MA,1069,2,,1,0,162,148,26300665.0,115533264.0,2757363.0,,1915.0,-12578983.0,26300000.0,561730,Administrative & Waste Services,2019-01-01
2022,880825163,3,"FORGE GROUP, INC. ESOP","Forge Group, Inc.",Worcester,MA,1605,2,,1,0,20,20,2072317.0,1838663.0,226969.0,,0.0,233654.0,,524290,Finance & Insurance,2021-01-01
2023,10367721,2,"NEW ENGLAND NATURAL BAKERS, INC. EMPLOYEE STOCK OWNERSHIP PLAN","New England Natural Bakers, Inc.",Greenfield,MA,1301,2,,1,0,56,0,0.0,0.0,,,8300.0,-9000.0,,311800,Manufacturing,2012-01-01
2023,113672395,2,ARTEL VIDEO SYSTEMS CORPORATION EMPLOYEE STOCK OWNERSHIP PLAN,Artel Video Systems Corporation,Westford,MA,18863617,2,,1,0,43,15,28000.0,1615004.0,328870.0,0.0,0.0,309750.0,,334310,Manufacturing,2014-01-01
2023,201998367,2,"WESTON & SAMPSON, INC. EMPLOYEE STOCK OWNERSHIP PLAN","Weston & Sampson, Inc.",Reading,MA,1867,2,,1,0,674,646,28975529.0,6229141.0,10150337.0,,442821.0,7445633.0,17185510.0,541330,Professional & Technical Services,2014-01-01
2023,204270900,3,PARAGUS EMPLOYEE STOCK OWNERSHIP 401K PLAN,Paragus,Hadley,MA,1035,2,,1,1,93,55,3437113.0,1229651.0,29747.0,,95204.0,202743.0,,541519,Professional & Technical Services,2015-01-01
2023,204734036,1,"STONETEK IMPORTS, INC. EMPLOYEE STOCK OWNERSHIP PLAN AND TRUST","Stonetek Imports, Inc.",New Bedford,MA,2745,2,,1,0,33,29,3721900.0,6333603.0,244423.0,,2753.0,4291593.0,,238300,Construction,2020-01-01
2023,208135911,2,"WINDOVER CONSTRUCTION, INC. EMPLOYEE STOCK OWNERSHIP PLAN AND TRUST","Windover Construction, Inc.",Beverly,MA,1915,2,,1,0,100,71,11783000.0,376284.0,66555.0,,34055.0,1335985.0,,541990,Professional & Technical Services,2017-01-01
2023,208818800,2,RAYCON CONSTRUCTION EMPLOYEE STOCK OWNERSHIP PLAN,Raycon Construction,Rehoboth,MA,2769,2,,1,0,93,79,2232000.0,20858302.0,1135929.0,,,-19776302.0,,238100,Construction,2022-01-01
2023,260743647,2,BTSE EMPLOYEE STOCK OWNERSHIP PLAN,Btse,Medford,MA,2155,2,,1,0,54,47,253099.0,,120000.0,,,153740.0,,541320,Professional & Technical Services,2022-01-01
2023,270396940,3,CONSIGLI BUILDING GROUP EMPLOYEE STOCK OWNERSHIP PLAN,Consigli Building Group,Milford,MA,1757,2,,1,0,1730,1524,611879597.0,886624.0,877428.0,0.0,839607.0,116873169.0,611863000.0,236200,Construction,2017-01-01
2023,364488912,1,"ASHWORTH INTERNATIONAL, INC. EMPLOYEE STOCK OWNERSHIP PLAN","Ashworth International, Inc.",Fall River,MA,2721,2,,1,0,203,125,13653470.0,6723483.0,1752697.0,,144198.0,2017319.0,11882037.0,551112,Management of Companies,2016-01-01
2023,41110170,1,BOURNEUF CORPORATION EMPLOYEE STOCK OWNERSHIP PLAN,Bourneuf Corporation,Lynn,MA,19024402,2,,1,0,16,14,1160840.0,0.0,0.0,0.0,0.0,-96571.0,,423700,Wholesale Trade,1997-09-01
2023,41123040,3,HARBORONE BANK EMPLOYEE STOCK OWNERSHIP PLAN,Harborone Bank,Brockton,MA,2301,2,,1,0,554,355,53638327.0,28119200.0,2281022.0,,1029684.0,-8350945.0,53638327.0,522130,Finance & Insurance,2016-01-01
2023,41203530,2,SPAULDING BRICK EMPLOYEE STOCK OWNERSHIP PLAN,Spaulding Brick,Wilmington,MA,1887,2,,1,0,43,32,17571396.0,0.0,857787.0,,957130.0,4138263.0,,423300,Wholesale Trade,1997-01-01
2023,41294820,1,EVERETT CO-OPERATIVE BANK EMPLOYEE STOCK OWNERSHIP PLAN,Everett Co-Operative Bank,Everett,MA,2149,2,,1,0,48,50,9202084.0,6695921.0,561877.0,,16304.0,-2346363.0,,522120,Finance & Insurance,2022-01-01
2023,41810570,2,SAVOGRAN COMPANY EMPLOYEE STOCK OWNERSHIP PLAN,Savogran Company,Norwood,MA,2062,2,,1,0,5,5,687629.0,,,,,-29299.0,,325500,Manufacturing,1988-01-01
2023,41866480,2,THE L.S. STARRETT COMPANY EMPLOYEE STOCK OWNERSHIP PLAN,The L.S. Starrett Company,Athol,MA,13311915,2,,1,0,301,165,3926787.0,0.0,,,608739.0,875971.0,3051771.0,339900,Manufacturing,1994-07-01
2023,41866480,4,THE L.S. STARRETT COMPANY 2013 EMPLOYEE STOCK OWNERSHIP PLAN AND TRUST,The L.S. Starrett Company,Athol,MA,13311915,2,,1,0,301,272,528066.0,0.0,,,49047.0,145334.0,382729.0,339900,Manufacturing,2013-02-05
2023,41983105,4,COLONIAL FEDERAL SAVINGS BANK EMPLOYEE STOCK OWNERSHIP PLAN,Colonial Federal Savings Bank,Quincy,MA,21702889,2,,1,0,24,26,1649339.0,2416078.0,150777.0,,,-348874.0,,522120,Finance & Insurance,2022-01-01
2023,42044378,2,"WILLIAMS STONE CO., INC. EMPLOYEE STOCK OWNERSHIP PLAN","Williams Stone Co., Inc.",East Otis,MA,1029,2,,1,0,45,40,20090667.0,29584.0,180719.0,,279454.0,3356445.0,,212310,"Mining, Oil & Gas",2005-01-01
2023,42086300,2,FRASER ENGINEERING COMPANY EMPLOYEE STOCK OWNERSHIP PLAN,Fraser Engineering Company,Newton,MA,2460,2,,1,0,80,51,3092749.0,0.0,0.0,0.0,214705.0,194315.0,,238220,Construction,2003-01-01
2023,42137249,3,IMTRA CORPORATION EMPLOYEE STOCK OWNERSHIP PLAN,Imtra Corporation,New Bedford,MA,27451205,2,,1,0,78,74,6586624.0,24201036.0,899986.0,,,2585182.0,,423910,Wholesale Trade,2021-01-01
2023,42170946,2,"PAUL K. GUILLOW, INC. EMPLOYEE STOCK OWNERSHIP PLAN AND TRUST","Paul K. Guillow, Inc.",Wakefield,MA,18800329,2,,1,0,42,20,822722.0,163324.0,,,42328.0,-21021.0,,321900,Manufacturing,1986-11-01
2023,42175284,3,"GREEN INTERNATIONAL AFFILIATES, INC. EMPLOYEE STOCK OWNERSHIP PLAN","Green International Affiliates, Inc.",Tewksbury,MA,1876,2,,1,0,100,90,3897106.0,0.0,600000.0,0.0,168439.0,883805.0,,541330,Professional & Technical Services,2017-04-01
2023,42188202,3,"WIREFAB, INC. EMPLOYEE STOCK OWNERSHIP PLAN","Wirefab, Inc.",Worcester,MA,1607,2,,1,0,60,34,3275602.0,679365.0,60000.0,,1353959.0,-1425916.0,,332610,Manufacturing,1991-01-01
2023,42272126,4,"CAPE COD LUMBER CO., INC. EMPLOYEE STOCK OWNERSHIP PLAN","Cape Cod Lumber Co., Inc.",Abington,MA,2351,2,,1,0,101,89,71432942.0,17280248.0,1122266.0,0.0,2350108.0,7467756.0,,423300,Wholesale Trade,2014-01-01
2023,42274728,3,FEINGOLD & FEINGOLD INSURANCE AGENCY INC. EMPLOYEE STOCK OWNERSHIP PLAN,Feingold & Feingold Insurance Agency Inc.,Worcester,MA,1608,2,,1,0,23,14,1447609.0,,46566.0,0.0,69493.0,122585.0,,524210,Finance & Insurance,1988-01-01
2023,42279997,4,THE COMREX CORPORATION EMPLOYEE STOCK OWNERSHIP PLAN,The Comrex Corporation,Devens,MA,14345068,2,,1,0,21,20,4194704.0,1556483.0,466962.0,,460881.0,-1481163.0,,334310,Manufacturing,1997-07-01
2023,42300185,2,DALE MEDICAL PRODUCTS EMPLOYEE STOCK OWNERSHIP PLAN,Dale Medical Products,Franklin,MA,2038,2,,1,0,68,53,16110989.0,15340302.0,731921.0,0.0,21268.0,238265.0,,339110,Manufacturing,2021-01-01
2023,42301242,3,"GOODY, CLANCY & ASSOCIATES EMPLOYEE STOCK OWNERSHIP PLAN","Goody, Clancy & Associates",Boston,MA,2116,2,,1,0,97,50,5484000.0,0.0,825001.0,0.0,825001.0,214000.0,,541310,Professional & Technical Services,1987-07-01
2023,42324804,2,TECH-ETCH EMPLOYEE STOCK OWNERSHIP PLAN,Tech-Etch,Plymouth,MA,23604803,2,,1,0,957,712,44452874.0,32926884.0,4263864.0,,959214.0,4348171.0,44401431.0,332900,Manufacturing,1999-03-01
2023,42348065,2,JANIS RESEARCH EMPLOYEE STOCK OWNERSHIP PLAN AND TRUST,Janis Research,Woburn,MA,18011265,2,,1,0,90,0,1672661.0,,,,,-37935.0,,339900,Manufacturing,1999-01-01
2023,42372206,1,STREM CHEMICALS INC. 401K AND ESOP,Strem Chemicals Inc.,Newburyport,MA,19504019,2,,1,1,84,0,0.0,,,,5734577.0,-5734577.0,,325100,Manufacturing,2001-01-01
2023,42389826,4,"NEW ENGLAND CONTROLS, INC. EMPLOYEE STOCK OWNERSHIP PLAN","New England Controls, Inc.",Mansfield,MA,2048,2,,1,0,490,435,82484880.0,2218.0,1876865.0,,1881017.0,3532844.0,81472908.0,423990,Wholesale Trade,1986-01-01
2023,42444641,1,SALLOP INSURANCE EMPLOYEE STOCK OWNERSHIP PLAN,Sallop Insurance,Boston,MA,21144721,2,,1,0,17,14,16614253.0,1473716.0,450000.0,,383876.0,3581925.0,,524210,Finance & Insurance,2002-01-01
2023,42445292,2,"FRED C. CHURCH, INC. EMPLOYEES' STOCK OWNERSHIP PLAN AND TRUST","FRED C. CHURCH,INC.",Lowell,MA,01851,2,2O2Q,1,0,152,0,3736774.0,,,,6234527.0,-3736774.0,,524210,Finance & Insurance,1975-01-01
2023,42471226,2,"AERODYNE RESEARCH, INC. EMPLOYEE STOCK OWNERSHIP PLAN","Aerodyne Research, Inc.",Billerica,MA,18213934,2,,1,0,64,61,9415084.0,,270850.0,,880043.0,-855.0,,541700,Professional & Technical Services,1985-11-26
2023,42472856,2,JAMES MONROE CORP. ESOP,James Monroe Corp.,So. Lancaster,MA,1561,2,,1,0,135,137,4373287.0,0.0,401256.0,,408146.0,-14050.0,3972031.0,339900,Manufacturing,1999-11-01
2023,42482120,3,CONCORD LUMBER CORP. EMPLOYEE STOCK OWNERSHIP PLAN & TRUST,Concord Lumber Corp.,Littleton,MA,1460,2,,1,0,171,106,7045988.0,1862356.0,388268.0,,388268.0,-1292581.0,7037981.0,444190,Retail Trade,1996-04-01
2023,42501424,2,B&B ENGINEERING CORPORATION EMPLOYEE STOCK OWNERSHIP PLAN,B&B Engineering Corporation,Georgetown,MA,18332024,2,,1,0,27,0,2324400.0,0.0,,,4002343.0,-3408465.0,,334200,Manufacturing,2014-01-01
2023,42514329,3,"CENTRAL COATING TECHNOLOGIES, INC. EMPLOYEE STOCK OWNERSHIP PLAN","Central Coating Technologies, Inc.",West Boylston,MA,1583,2,,1,0,61,55,9148000.0,0.0,860571.0,,337861.0,1699400.0,,326100,Manufacturing,2004-01-01
2023,42517090,2,PHYSICAL SCIENCES INC. EMPLOYEE STOCK OWNERSHIP PLAN,Physical Sciences Inc.,Andover,MA,1810,2,,1,0,364,258,97776881.0,0.0,6212667.0,,5305980.0,8092792.0,90359269.0,541700,Professional & Technical Services,1988-07-01
2023,42550058,2,INTERNATIONAL CARS EMPLOYEE STOCK OWNERSHIP PLAN,International Cars,Danvers,MA,1923,2,,1,0,417,281,30061221.0,4274984.0,963305.0,,522646.0,8465979.0,29870366.0,441110,Retail Trade,2000-01-01
2023,42556035,2,LANDRY'S BICYCLES EMPLOYEE STOCK OWNERSHIP PLAN,Landry'S Bicycles,Natick,MA,1760,2,,1,0,115,70,3078130.0,2605490.0,302416.0,0.0,121985.0,-273492.0,,451110,Retail Trade,2009-10-01
2023,42587894,2,NOTCH EMPLOYEE STOCK OWNERSHIP PLAN,Notch,Chicopee,MA,1013,2,,1,0,101,89,11210000.0,2127387.0,161957.0,,12115.0,3817491.0,,238900,Construction,2020-04-01
2023,42597651,1,"INTERNATIONAL DATA GROUP, INC. EMPLOYEE STOCK OWNERSHIP PLAN","International Data Group, Inc.",Needham,MA,2494,2,,1,0,992,543,3170700.0,70858.0,,,305755.0,-108552.0,,511120,Information & Technology,1976-01-01
2023,42624147,5,"ELECTRO-TERM, INC. EMPLOYEE STOCK OWNERSHIP PLAN","Electro-Term, Inc.",Springfield,MA,11181058,2,,1,0,70,39,3155623.0,0.0,374570.0,0.0,692570.0,-96594.0,,423600,Wholesale Trade,2008-01-01
2023,42631963,3,"NEW ENGLAND BIOLABS, INC. NON-VOTING STOCK OWNERSHIP PLAN","NEW ENGLAND BIOLABS, INC.",Ipswich,MA,01938,2,2E2I2O3I,1,0,435,431,199512942.0,0.0,28758.0,,1067933.0,40539502.0,,325900,Manufacturing,1985-10-01
2023,42631963,5,"NEW ENGLAND BIOLABS, INC. VOTING STOCK OWNERSHIP PLAN","NEW ENGLAND BIOLABS, INC.",Ipswich,MA,01938,2,2I2P3I,1,0,378,431,100313456.0,0.0,,,212125.0,192572163.0,,325900,Manufacturing,2021-06-28
2023,42637381,2,"QUIRK WIRE CO., INC. EMPLOYEE STOCK OWNERSHIP PLAN","Quirk Wire Co., Inc.",West Brookfield,MA,1585,2,,1,0,67,32,11302076.0,0.0,525588.0,,1161836.0,853492.0,,332610,Manufacturing,2003-01-01
2023,42682840,2,859 US EMPLOYEE STOCK OWNERSHIP PLAN,"Sullivan Investment Co., Inc.",Norwell,MA,2061,2,,1,0,1276,1276,10442747.0,61963155.0,3381563.0,,0.0,-51520408.0,10442747.0,423100,Wholesale Trade,2023-02-01
2023,42699206,3,"PACKAGING CONSULTANTS, INC. EMPLOYEE STOCK OWNERSHIP PLAN & TRUST","Packaging Consultants, Inc.",New Bedford,MA,2745,2,,1,0,12,11,170979.0,,,,,15960.0,,424990,Wholesale Trade,1990-02-01
2023,42718570,3,"SPECTRAL SCIENCES, INC. EMPLOYEE STOCK OWNERSHIP PLAN","Spectral Sciences, Inc.",Burlington,MA,18033304,2,,1,0,46,38,5114384.0,1695641.0,292576.0,,92557.0,1109366.0,,541700,Professional & Technical Services,1993-01-01
2023,42741165,3,"SPS NEW ENGLAND, INC. EMPLOYEE STOCK OWNERSHIP PLAN","Sps New England, Inc.",Salisbury,MA,1952,2,,1,0,182,170,18552000.0,55290198.0,4333473.0,,0.0,9301802.0,18552000.0,237310,Construction,2022-01-01
2023,42745179,3,"SYMMES MAINI & MCKEE ASSOCIATES, INC. EMPLOYEE STOCK OWNERSHIP PLAN","Symmes Maini & Mckee Associates, Inc.",Cambridge,MA,2138,2,,1,0,234,185,14514898.0,0.0,600000.0,,504904.0,1218949.0,13572688.0,541310,Professional & Technical Services,1988-01-01
2023,42760904,3,"PROCESS COOLING SYSTEMS, INC. EMPLOYEE STOCK OWNERSHIP PLAN","Process Cooling Systems, Inc.",Leominster,MA,1453,2,,1,0,61,67,1335035.0,0.0,1335035.0,,,1335035.0,,333410,Manufacturing,2023-01-01
2023,42772059,2,"BARCLAY WATER TREATMENT CO., INC. EMPLOYEE STOCK OWNERSHIP PLAN","Barclay Water Treatment Co., Inc.",Newton,MA,2458,2,,1,0,324,210,121024167.0,3197616.0,1475727.0,,4117649.0,36209038.0,117411733.0,325900,Manufacturing,2009-10-01
2023,42774191,2,LAMPIN CORPORATION EMPLOYEE STOCK OWNERSHIP PLAN,Lampin Corporation,Uxbridge,MA,1569,2,,1,0,65,34,5425966.0,754629.0,405492.0,0.0,578667.0,-142483.0,,333510,Manufacturing,2001-01-01
2023,42777442,3,CAMBRIDGE BANCORP EMPLOYEE STOCK OWNERSHIP PLAN,Cambridge Bancorp,Cambridge,MA,21383842,2,,1,0,551,328,17770939.0,0.0,850000.0,,2628242.0,-4940599.0,17770939.0,522110,Finance & Insurance,1986-01-01
2023,42803764,2,"CHARLES RIVER ANALYTICS, INC. EMPLOYEE STOCK OWNERSHIP PLAN","Charles River Analytics, Inc.",Cambridge,MA,2138,2,,1,0,298,130,28500000.0,7785000.0,1616964.0,,392124.0,-2835000.0,28500000.0,541600,Professional & Technical Services,2012-10-01
2023,42804642,2,"REX CUT PRODUCTS, INC. EMPLOYEE STOCK OWNERSHIP PLAN","Rex Cut Products, Inc.",Fall River,MA,2722,2,,1,0,74,41,4110185.0,,381078.0,,369991.0,1474424.0,,339900,Manufacturing,2008-01-01
2023,42821431,2,"TIGHE & BOND, INC. EMPLOYEE STOCK OWNERSHIP PLAN","Tighe & Bond, Inc.",Westfield,MA,10855308,2,,1,0,477,468,29608589.0,0.0,1700000.0,,1020993.0,5317382.0,27774900.0,541330,Professional & Technical Services,1997-10-01
2023,42831820,2,BURKART EMPLOYEE STOCK OWNERSHIP 401(K) PLAN,Burkart,Shirley,MA,1464,2,,1,1,19,16,2956144.0,448.0,7802.0,53944.0,12407.0,985194.0,,339900,Manufacturing,2022-01-01
2023,42837729,3,"NELCO PRODUCTS, INC. EMPLOYEE STOCK OWNERSHIP PLAN","Nelco Products, Inc.",Pembroke,MA,23591937,2,,1,0,44,35,23601599.0,1386530.0,356514.0,0.0,449383.0,4279342.0,,423600,Wholesale Trade,2004-08-01
2023,42880295,2,"WEB INDUSTRIES, INC. EMPLOYEE STOCK OWNERSHIP PLAN","Web Industries, Inc.",Marlborough,MA,1752,2,,1,0,783,350,92360032.0,1804.0,6769540.0,,7877643.0,19427662.0,91372770.0,322200,Manufacturing,1984-10-01
2023,42887710,2,"PRELLWITZ / CHILINSKI ASSOCIATES, INC. EMPLOYEE STOCK OWNERSHIP PLAN","Prellwitz / Chilinski Associates, Inc.",Cambridge,MA,21391306,2,,1,0,96,60,5660836.0,1346892.0,179892.0,,142008.0,-1646035.0,,541310,Professional & Technical Services,2006-01-01
2023,42895731,2,"WORCESTER MANUFACTURING, INC. ESOP","Worcester Manufacturing, Inc.",Worcester,MA,1605,2,,1,0,52,41,5852000.0,2199577.0,191268.0,0.0,578868.0,-779728.0,,339900,Manufacturing,2012-01-01
2023,42917465,2,GEMINI STOCK PROGRAM,GEMINI INDUSTRIES INC.,Burlington,MA,01803,2,2I2O2Q3I,1,0,239,149,2457173.0,0.0,365000.0,,59897.0,737071.0,465000.0,541330,Professional & Technical Services,2019-01-01
2023,42925204,2,HARPOON BREWERY EMPLOYEE STOCK OWNERSHIP PLAN,Harpoon Brewery,Boston,MA,22102330,2,,1,0,352,118,10523653.0,26614488.0,3324026.0,,15763.0,2929756.0,10026053.0,312120,Manufacturing,2014-01-01
2023,42932946,2,"DARMANN ABRASIVE PRODUCTS, INC. EMPLOYEE STOCK OWNERSHIP PLAN","Darmann Abrasive Products, Inc.",Clinton,MA,15101914,2,,1,0,77,48,5625463.0,826101.0,104620.0,,366397.0,-166026.0,,327900,Manufacturing,1998-10-01
2023,42941854,2,"MIDDLETON & COMPANY, INC. EMPLOYEE STOCK OWNERSHIP PLAN","Middleton & Company, Inc.",Boston,MA,2210,2,,1,0,23,12,5097172.0,141682.0,400000.0,,116341.0,193632.0,,812990,Other Services,2003-01-01
2023,42942412,2,WASHBURN-GARFIELD CORPORATION EMPLOYEE STOCK OWNERSHIP PLAN,Washburn-Garfield Corporation,Millbury,MA,1527,2,,1,0,19,0,1228110.0,1170755.0,0.0,0.0,1170755.0,-1113399.0,,423700,Wholesale Trade,2007-11-01
2023,42943867,2,"SWISSTURN/USA, INC. EMPLOYEE STOCK OWNERSHIP PLAN","Swissturn/Usa, Inc.",Oxford,MA,1540,2,,1,0,82,51,4705019.0,9092072.0,562413.0,,66699.0,-2554917.0,,332700,Manufacturing,2015-01-01
2023,42993095,2,"ENVIRONMENTAL HEALTH & ENGINEERING, INC. EMPLOYEE STOCK OWNERSHIP PLAN","Environmental Health & Engineering, Inc.",Newton,MA,2459,2,,1,0,140,88,10522459.0,2417254.0,495159.0,,208345.0,846090.0,10199560.0,541990,Professional & Technical Services,2010-01-01
2023,43005476,1,CAPE AIR/NANTUCKET AIRLINES KSOP RETIREMENT PLAN,CAPE AIR/NANTUCKET AIRLINES,Hyannis,MA,026011924,2,2E2F2G2I2J2K2O2S2T3I,1,1,894,508,32588499.0,0.0,534606.0,1741307.0,2640493.0,4544456.0,2171625.0,481000,Transportation & Warehousing,1995-01-01
2023,43024663,3,ACENTECH INCORPORATED EMPLOYEE STOCK EMPLOYEE STOCK OWNERSHIP PLAN,Acentech Incorporated Employee Stock,Cambridge,MA,2138,2,,1,0,92,74,5678132.0,0.0,100000.0,0.0,86680.0,-47831.0,,541990,Professional & Technical Services,2015-10-01
2023,43026692,2,BAXTER EMPLOYEE STOCK OWNERSHIP PLAN,Baxter,West Yarmouth,MA,2673,2,,1,0,13,12,1852553.0,3867958.0,292306.0,,1083.0,433971.0,,237310,Construction,2020-07-01
2023,43027262,2,"SIGN DESIGN, INC. EMPLOYEE STOCK OWNERSHIP PLAN","Sign Design, Inc.",Brockton,MA,2301,2,,1,0,70,54,4211100.0,4567038.0,270292.0,,21123.0,2696128.0,,541800,Professional & Technical Services,2019-01-01
2023,43038026,2,WRIGHT ARCHITECTURAL MILLWORK CORPORATION EMPLOYEE STOCK OWNERSHIP PLAN AND TRUST,Wright Architectural Millwork Corporation,Northampton,MA,1060,2,,1,0,65,49,5312000.0,410889.0,25160.0,,846.0,1027556.0,,321900,Manufacturing,2018-01-01
2023,43053085,3,"SCIENTIFIC SYSTEMS COMPANY, INC. EMPLOYEE STOCK OWNERSHIP PLAN","Scientific Systems Company, Inc.",Burlington,MA,1803,2,,1,0,118,93,2019666.0,9797.0,,,569.0,-264625.0,,541600,Professional & Technical Services,2002-06-01
2023,43061714,2,"ISAACSON MILLER, INC. EMPLOYEE STOCK OWNERSHIP PLAN","Isaacson Miller, Inc.",Boston,MA,2210,2,,1,0,373,266,30611648.0,741222.0,1020513.0,,659585.0,5945812.0,30501159.0,561300,Administrative & Waste Services,2007-01-01
2023,43067724,3,EASTERN BANK EMPLOYEE STOCK OWNERSHIP PLAN,Eastern Bank,Boston,MA,2110,2,,1,0,1904,1516,213345202.0,141550365.0,6558423.0,,480263.0,-43838720.0,211809088.0,522120,Finance & Insurance,2020-01-01
2023,43071690,2,"MERIDIAN ASSOCIATES, INC. EMPLOYEE STOCK OWNERSHIP PLAN","Meridian Associates, Inc.",Beverly,MA,1915,2,,1,0,30,16,705675.0,1647276.0,289453.0,,144197.0,-323872.0,,541330,Professional & Technical Services,2015-01-01
2023,43104386,2,"FEINMANN, INC. EMPLOYEE STOCK OWNERSHIP PLAN","Feinmann, Inc.",Lexington,MA,2421,2,,1,0,32,28,1687190.0,2332083.0,189383.0,,,1214711.0,,236110,Construction,2022-01-01
2023,43130168,2,"AHA CONSULTING ENGINEERS , INC EMPLOYEE STOCK OWNERSHIP PLAN","Aha Consulting Engineers , Inc",Burlington,MA,1803,2,,1,0,136,108,2153466.0,0.0,,,0.0,1513466.0,2153466.0,541330,Professional & Technical Services,2022-01-01
2023,43130236,2,"THE RICHMOND GROUP, INC. EMPLOYEE STOCK OWNERSHIP PLAN","The Richmond Group, Inc.",Hopkinton,MA,1748,2,,1,0,115,99,70169000.0,4363311.0,887918.0,,571998.0,10668849.0,,236200,Construction,2017-01-01
2023,43152864,2,"COLONIAL SYSTEMS, INC. EMPLOYEE STOCK OWNERSHIP PLAN","Colonial Systems, Inc.",Littleton,MA,1460,2,,1,0,29,22,19869137.0,8978621.0,580360.0,,,2621266.0,,238900,Construction,2019-01-01
2023,43169205,2,"TATA & HOWARD, INC. EMPLOYEE STOCK OWNERSHIP PLAN","Tata & Howard, Inc.",Marlborough,MA,1752,2,,1,0,94,42,5040071.0,168680.0,113898.0,,77066.0,600825.0,,541330,Professional & Technical Services,2014-01-01
2023,43175021,2,"BOSTON BRACE INTERNATIONAL, INC. EMPLOYEE STOCK OWNERSHIP PLAN","Boston Brace International, Inc.",Stoughton,MA,2072,2,,1,0,304,160,6818444.0,0.0,351174.0,,238066.0,2121242.0,4169668.0,339110,Manufacturing,2014-01-01
2023,43177356,2,"DIETZ & COMPANY ARCHITECTS, INC. EMPLOYEE STOCK OWNERSHIP PLAN","Dietz & Company Architects, Inc.",Springfield,MA,1103,2,,1,0,31,18,1268000.0,1486711.0,75365.0,,6470.0,488780.0,,541310,Professional & Technical Services,2020-01-01
2023,43200597,3,BRAIT BUILDERS CORPORATION EMPLOYEE STOCK OWNERSHIP PLAN,Brait Builders Corporation,Marshfield,MA,2050,2,,1,0,20,20,35013734.0,2788877.0,10535877.0,,147563.0,10388314.0,,236110,Construction,2019-01-01
2023,43221989,2,"RCM SERVICES, INC. EMPLOYEE STOCK OWNERSHIP PLAN","Rcm Services, Inc.",Allston,MA,2134,2,,1,0,91,52,5784800.0,2867021.0,347479.0,,,-135885.0,,561720,Administrative & Waste Services,2015-01-01
2023,43223296,2,"OEM CONNECT, LTD. EMPLOYEE STOCK OWNERSHIP PLAN","Oem Connect, Ltd.",Billerica,MA,1821,2,,1,0,43,21,3861058.0,,345554.0,,1300964.0,-1195930.0,,322200,Manufacturing,2010-01-01
2023,43247749,3,DIAMOND ANTENNA AND MICROWAVE CORPORATION EMPLOYEE STOCK OWNERSHIP,Diamond Antenna And Microwave Corporation,Littleton,MA,1460,2,,1,0,91,61,22613490.0,42570.0,1823697.0,0.0,732398.0,2786445.0,,335900,Manufacturing,2008-09-01
2023,43257145,3,"DONNELLY SERVICE GROUP, INC. EMPLOYEE STOCK OWNERSHIP PLAN","Donnelly Service Group, Inc.",Wakefield,MA,1880,2,,1,0,165,99,388045.0,0.0,96419.0,,15855.0,133092.0,,561720,Administrative & Waste Services,2019-01-01
2023,43258366,2,SPEC EMPLOYEE STOCK OWNERSHIP PLAN,Spec,Tewksbury,MA,1876,2,,1,0,34,37,3501216.0,54.0,124264.0,,162906.0,473249.0,,541330,Professional & Technical Services,2010-01-01
2023,43298009,2,"NORTHERN CONSTRUCTION HOLDING, INC. EMPLOYEE STOCK OWNERSHIP PLAN","Northern Construction Holding, Inc.",Palmer,MA,1069,2,,1,0,47,40,9270170.0,20087377.0,746984.0,0.0,14.0,8572689.0,,238900,Construction,2022-01-01
2023,43347358,3,"NEVO TECHNOLOGIES, INC EMPLOYEE STOCK OWNERSHIP PLAN","Nevo Technologies, Inc",Cambridge,MA,2138,2,,1,0,23,14,5810000.0,3239852.0,486971.0,,187134.0,574674.0,,541511,Professional & Technical Services,2009-01-01
2023,43358086,2,COURTSMART DIGITAL SYSTEMS EMPLOYEE STOCK OWNERSHIP PLAN,Courtsmart Digital Systems,North Chelmsford,MA,1863,2,,1,0,26,22,15624641.0,1822528.0,99308.0,,,9074592.0,,519100,Information & Technology,2020-01-01
2023,43401502,2,"CARNEY, SANDOE & ASSOCIATES EMPLOYEE STOCK OWNERSHIP PLAN","Carney, Sandoe & Associates",Boston,MA,2110,2,,1,0,46,32,23028057.0,0.0,10000.0,,3199501.0,-3493887.0,,561300,Administrative & Waste Services,2013-01-01
2023,43402944,3,"BROOKLINE BANCORP, INC EMPLOYEE STOCK OWNERSHIP PLAN","Brookline Bancorp, Inc",Boston,MA,2117,2,,1,0,951,767,7002993.0,99902.0,0.0,,621258.0,-2483680.0,6605656.0,522120,Finance & Insurance,1997-11-01
2023,43408953,2,"HALLORAN CONSULTING GROUP, INC. EMPLOYEE STOCK OWNERSHIP PLAN","Halloran Consulting Group, Inc.",Boston,MA,2210,2,,1,0,149,100,12730482.0,6115130.0,4700861.0,,70208.0,4611611.0,7007400.0,541600,Professional & Technical Services,2020-01-01
2023,43448069,2,"DMH ELECTRIC, INC. EMPLOYEE STOCK OWNERSHIP PLAN AND TRUST","Dmh Electric, Inc.",Sterling,MA,1564,2,,1,0,52,0,0.0,0.0,,,2326863.0,-2326863.0,,238210,Construction,2017-11-01
2023,43484613,2,TRI-WIRE EMPLOYEE STOCK OWNERSHIP PLAN,Tri-Wire,Tewksbury,MA,1876,2,,1,0,539,0,62.0,14793341.0,0.0,0.0,0.0,0.0,0.0,517000,Information & Technology,2016-01-01
2023,43495686,1,"GILLETTE RESTAURANT EQUIPMENT, INC. EMPLOYEE STOCK OWNERSHIP PLAN","Gillette Restaurant Equipment, Inc.",North Brookfield,MA,1535,2,,1,0,12,11,171025.0,1659791.0,105502.0,,,165702.0,,423400,Wholesale Trade,2022-01-01
2023,43497377,3,BANKPROV EMPLOYEE STOCK OWNERSHIP PLAN,Bankprov,Amesbury,MA,1913,2,,1,0,275,191,14680772.0,7788006.0,1009114.0,,378136.0,4325006.0,14679767.0,522120,Finance & Insurance,2015-01-01
2023,43521482,2,BLUE Q EMPLOYEE STOCK OWNERSHIP PLAN AND TRUST,Blue Q,Pittsfield,MA,1201,2,,1,0,61,43,8547735.0,,565000.0,0.0,0.0,1279692.0,,424300,Wholesale Trade,2018-01-01
2023,43531186,2,"WOODLAND PARTNERS, INC. EMPLOYEE STOCK OWNERSHIP PLAN","Woodland Partners, Inc.",Franklin,MA,2038,2,,1,0,31,16,25914057.0,1848117.0,583450.0,,530333.0,7550455.0,,424400,Wholesale Trade,2015-01-01
2023,43533865,2,"VALLEY GREEN, INC. EMPLOYEE STOCK OWNERSHIP PLAN","Valley Green, Inc.",Holyoke,MA,1040,2,,1,0,46,0,0.0,0.0,,,1690628.0,-1690628.0,,444200,Retail Trade,2015-01-01
2023,43553283,2,NMR GROUP EMPLOYEE STOCK OWNERSHIP PLAN,Nmr Group,Somerville,MA,21442759,2,,1,0,56,36,3414214.0,957931.0,307496.0,0.0,52333.0,1076354.0,,541910,Professional & Technical Services,2016-01-01
2023,43577380,1,"DAYMARK ENERGY ADVISORS, INC. EMPLOYEE STOCK OWNERSHIP PLAN","Daymark Energy Advisors, Inc.",Worcester,MA,1608,2,,1,0,54,32,1778773.0,,100000.0,,112283.0,407661.0,,541990,Professional & Technical Services,2001-08-29
2023,43579044,2,ERLAND CONSTRUCTION EMPLOYEE STOCK OWNERSHIP PLAN,Erland Construction,Burlington,MA,18034415,2,,1,0,117,79,4906354.0,8898619.0,852362.0,,0.0,-2477250.0,3902640.0,236200,Construction,2022-01-01
2023,471008886,2,"FIRST AMENDED AND RESTATED CREATIVE FINANCIAL STAFFING, INC. EMPLOYEE STOCK OWNERSHIP PLAN","Creative Financial Staffing, Inc.",Boston,MA,2110,2,,1,0,723,548,244511447.0,823313.0,2660575.0,,4848272.0,34099460.0,232700000.0,561300,Administrative & Waste Services,2014-07-28
2023,473752261,2,"CHMWARNICK, INC. EMPLOYEE STOCK OWNERSHIP PLAN","Chmwarnick, Inc.",Beverly,MA,1915,2,,1,0,31,32,2129375.0,5018835.0,354575.0,,,-2000137.0,,525990,Finance & Insurance,2022-01-01
2023,475615911,2,"THEORY WELLNESS, INC. EMPLOYEE STOCK OWNERSHIP PLAN","Theory Wellness, Inc.",Stoneham,MA,2180,2,,1,0,260,229,16390275.0,77573343.0,5413844.0,,0.0,-61183068.0,10976431.0,339900,Manufacturing,2023-01-01
2023,521405842,3,"CENTRA TECHNOLOGY, INC. EMPLOYEE STOCK OWNERSHIP PLAN","Centra Technology, Inc.",Burlington,MA,1803,2,,1,0,480,0,0.0,0.0,0.0,,10278346.0,-9928384.0,,541330,Professional & Technical Services,2005-01-01
2023,550796211,2,THE SEVERN GROUP EMPLOYEE STOCK OWNERSHIP PLAN,The Severn Group,Upper Marlboro,MA,207747410,2,,1,0,46,52,21057300.0,25107462.0,1426054.0,,,-4050162.0,,238220,Construction,2023-10-01
2023,651174540,2,SEAL-RYT CORP. EMPLOYEE STOCK OWNERSHIP PLAN AND TRUST,Seal-Ryt Corp.,Westfield,MA,1085,2,,1,0,30,18,672446.0,,25520.0,,25240.0,88192.0,,238290,Construction,2015-01-01
2023,731627673,3,"EMPLOYEE STOCK OWNERSHIP PLAN OF WESTFIELD FINANCIAL, INC.","Westfield Financial, Inc.",Westfield,MA,10852923,2,,1,0,420,271,15092556.0,3049802.0,830021.0,,595823.0,-402790.0,13885182.0,522120,Finance & Insurance,2002-01-01
2023,743073286,3,ENVISION BANK EMPLOYEE STOCK OWNERSHIP PLAN,Envision Bank,Easthampton,MA,1027,2,,1,0,188,0,2381746.0,0.0,5470.0,0.0,6950582.0,-6562727.0,0.0,522120,Finance & Insurance,2016-07-01
2023,770370729,2,"GLOBAL BEER NETWORK, INC. EMPLOYEE STOCK OWNERSHIP PLAN","Global Beer Network, Inc.",Middleton,MA,1949,2,,1,0,36,26,3310000.0,17020193.0,492127.0,,590.0,2885706.0,,445310,Retail Trade,2020-01-01
2023,813268325,7,THE GILLETTE COMPANY EMPLOYEE STOCK OWNERSHIP PLAN,The Gillette Company,Boston,MA,2127,2,,1,0,1279,141,349164775.0,0.0,,,29547342.0,-32022908.0,344824739.0,332900,Manufacturing,1990-01-17
2023,813645861,2,SHAWMUT GROUP EMPLOYEE STOCK OWNERSHIP PLAN,Shawmut Group,Boston,MA,21182436,2,,1,0,1196,754,274195602.0,27303237.0,4924405.0,,9412732.0,41176520.0,266146807.0,236110,Construction,1997-12-01
2023,822323992,4,"THE CADMUS HOLDING COMPANY, INC. EMPLOYEE STOCK OWNERSHIP PLAN","The Cadmus Holding Company, Inc.",Waltham,MA,2451,2,,1,0,763,0,0.0,0.0,,,15252524.0,-14888361.0,,541600,Professional & Technical Services,2002-05-01
2023,824155907,1,USI EMPLOYEE STOCK OWNERSHIP PLAN,USI,Billerica,MA,1821,2,,1,0,42,21,7303389.0,2125559.0,188454.0,0.0,13041.0,2493333.0,,238220,Construction,2018-01-01
2023,832236376,2,THE VAULT EMPLOYEE STOCK OWNERSHIP PLAN,The Vault,Somerset,MA,2726,2,,1,0,31,25,2178000.0,9663706.0,386766.0,,,-7485706.0,,453990,Retail Trade,2023-01-01
2023,843556185,2,NEEDHAM BANK EMPLOYEE STOCK OWNERSHIP PLAN,Needham Bank,Needham,MA,2492,2,,1,0,284,283,13446450.0,13770000.0,,,0.0,-323550.0,13446450.0,522120,Finance & Insurance,2023-01-01
2023,844259761,3,DAVID CLARK EMPLOYEE STOCK OWNERSHIP PLAN,David Clark,Worcester,MA,16150054,2,,1,0,249,230,209266000.0,57427807.0,3391824.0,,7134520.0,12643751.0,209266000.0,339900,Manufacturing,2007-01-01
2023,851665706,2,"NORTHERN TREE HOLDCO, INC. EMPLOYEE STOCK OWNERSHIP PLAN","Northern Tree Holdco, Inc.",Palmer,MA,1069,2,,1,0,194,152,28200665.0,114129548.0,2812955.0,,57507.0,3303716.0,28200000.0,561730,Administrative & Waste Services,2019-01-01
2023,880825163,3,"FORGE GROUP, INC. ESOP","Forge Group, Inc.",Worcester,MA,1605,2,,1,0,20,14,2187986.0,1651238.0,226772.0,,,303094.0,,524290,Finance & Insurance,2021-01-01
2023,920450207,1,RICK ROY CONSTRUCTION EMPLOYEE STOCK OWNERSHIP 401(K) PLAN,Rick Roy Construction,Harwich,MA,2645,2,,1,1,17,22,1472798.0,,36347.0,88887.0,,1472798.0,,236110,Construction,2023-01-01
2023,934368162,2,ABT ASSOCIATES INC. EMPLOYEES STOCK OWNERSHIP PLAN,ABT GLOBAL INC.,Cambridge,MA,021381192,2,2I2P2Q3I,1,0,3697,2437,191580424.0,23583298.0,7692856.0,,147125163.0,-120014100.0,187413798.0,541600,Professional & Technical Services,1975-01-01
2024,113672395,2,ARTEL VIDEO SYSTEMS CORPORATION EMPLOYEE STOCK OWNERSHIP PLAN,Artel Video Systems Corporation,Westford,MA,018863617,2,2I2P2Q3H3I,1,0,43,0,0.0,0.0,0.0,,0.0,1587004.0,,334310,Manufacturing,2014-01-01
2024,201998367,2,"WESTON & SAMPSON, INC. EMPLOYEE STOCK OWNERSHIP PLAN","Weston & Sampson, Inc.",Reading,MA,01867,2,2I2O2Q3I,1,0,815,727,52845386.0,0.0,3604000.0,,757774.0,30098998.0,44472920.0,541330,Professional & Technical Services,2014-01-01
2024,204270900,3,PARAGUS EMPLOYEE STOCK OWNERSHIP 401K PLAN,Paragus,Hadley,MA,01035,2,3I2P2E2Q2H2J2K2S,1,1,85,51,893543.0,6264269.0,335310.0,,,-7576956.0,,541519,Professional & Technical Services,2015-01-01
2024,204734036,1,"STONETEK IMPORTS, INC. EMPLOYEE STOCK OWNERSHIP PLAN AND TRUST","Stonetek Imports, Inc.",New Bedford,MA,02745,2,2I2P2Q3I,1,0,35,32,3389100.0,6232387.0,187274.0,,3087.0,-231584.0,,238300,Construction,2020-01-01
2024,208135911,2,"WINDOVER CONSTRUCTION, INC. EMPLOYEE STOCK OWNERSHIP PLAN AND TRUST","Windover Construction, Inc.",Beverly,MA,01915,2,2I2P2Q3I,1,0,113,75,12477000.0,353718.0,87839.0,,55164.0,716566.0,,541990,Professional & Technical Services,2017-01-01
2024,208818800,2,RAYCON CONSTRUCTION EMPLOYEE STOCK OWNERSHIP PLAN,Raycon Construction,Rehoboth,MA,02769,2,2I2P2Q3I,1,0,127,129,1536000.0,20560877.0,1135929.0,,,-398575.0,,238100,Construction,2022-01-01
2024,260743647,2,BTSE EMPLOYEE STOCK OWNERSHIP PLAN,Btse,Medford,MA,02155,2,2I2O2Q3I,1,0,57,43,561263.0,,250000.0,,,308164.0,,541320,Professional & Technical Services,2022-01-01
2024,270396940,3,CONSIGLI BUILDING GROUP EMPLOYEE STOCK OWNERSHIP PLAN,Consigli Building Group,Milford,MA,01757,2,2I2P2Q3I,1,0,1959,1634,729347060.0,871696.0,1557098.0,,1517642.0,117482391.0,729330000.0,236200,Construction,2017-01-01
2024,332432954,2,GREEN TECH ENTERPRISES EMPLOYEE STOCK OWNERSHIP PLAN,Green Tech Enterprises Inc.,Stoughton,MA,02072,2,2E2I2P2Q3I,1,0,25,37,6468002.0,4006488.0,188002.0,,,2461514.0,,453990,Retail Trade,2024-01-01
2024,332601261,2,"ASC MANAGEMENT HOLDINGS, INC EMPLOYEE STOCK OWNERSHIP 401(K) PLAN","Asc Management Holdings, Inc",Boston,MA,02215,2,2P2J2K2H3I2Q,1,1,15,13,1000.0,1000.0,0.0,,,0.0,,611000,Education,2024-01-01
2024,364488912,1,"ASHWORTH INTERNATIONAL, INC. EMPLOYEE STOCK OWNERSHIP PLAN","Ashworth International, Inc.",Fall River,MA,02721,2,2P3I,1,0,209,113,15110348.0,5111883.0,1895707.0,,295242.0,3068478.0,13258050.0,551112,Management of Companies,2016-01-01
2024,41110170,1,BOURNEUF CORPORATION EMPLOYEE STOCK OWNERSHIP PLAN,Bourneuf Corporation,Lynn,MA,019024402,2,2I2P3I,1,0,16,14,1064068.0,0.0,0.0,0.0,127937.0,-96772.0,,423700,Wholesale Trade,1997-09-01
2024,41123040,3,HARBORONE BANK EMPLOYEE STOCK OWNERSHIP PLAN,Harborone Bank,Brockton,MA,02301,2,2H2P3H3I,1,0,492,359,52189959.0,26994593.0,2498391.0,,1201630.0,-323761.0,52189959.0,522130,Finance & Insurance,2016-01-01
2024,41123740,3,BROCKWAY-SMITH COMPANY PROFIT SHARING PLAN & TRUST,Brockway-Smith Company,Andover,MA,,2,2I2O,1,0,66,57,,,,,,,,,,
2024,41203530,2,SPAULDING BRICK EMPLOYEE STOCK OWNERSHIP PLAN,Spaulding Brick,Wilmington,MA,01887,2,2Q2O3I,1,0,45,30,19761324.0,0.0,949605.0,,1810749.0,2521933.0,,423300,Wholesale Trade,1997-01-01
2024,41294820,1,EVERETT CO-OPERATIVE BANK EMPLOYEE STOCK OWNERSHIP PLAN,Everett Co-Operative Bank,Everett,MA,02149,2,2P,1,0,62,59,10849057.0,6452301.0,561677.0,,19465.0,1890593.0,,522120,Finance & Insurance,2022-01-01
2024,41810570,2,SAVOGRAN COMPANY EMPLOYEE STOCK OWNERSHIP PLAN,Savogran Company,Norwood,MA,02062,2,2H2P,1,0,5,3,0.0,,,,504065.0,-504065.0,,325500,Manufacturing,1988-01-01
2024,41866480,2,THE L.S. STARRETT COMPANY EMPLOYEE STOCK OWNERSHIP PLAN,The L.S. Starrett Company,Athol,MA,013311915,2,2O,1,0,265,0,1031368.0,0.0,68218.0,,3009038.0,-2861136.0,,339900,Manufacturing,1994-07-01
2024,41866480,4,THE L.S. STARRETT COMPANY 2013 EMPLOYEE STOCK OWNERSHIP PLAN AND TRUST,The L.S. Starrett Company,Athol,MA,013311915,2,2O,1,0,300,0,142314.0,0.0,4532.0,,401488.0,-385752.0,,322100,Manufacturing,2013-02-05
2024,41983105,4,COLONIAL FEDERAL SAVINGS BANK EMPLOYEE STOCK OWNERSHIP PLAN,Colonial Federal Savings Bank,Quincy,MA,021702889,2,2I2P3I,1,0,27,25,1720511.0,2343823.0,150777.0,,,143427.0,,522120,Finance & Insurance,2022-01-01
2024,42044378,2,"WILLIAMS STONE CO., INC. EMPLOYEE STOCK OWNERSHIP PLAN","Williams Stone Co., Inc.",East Otis,MA,01029,2,2I2O2Q3I,1,0,48,41,22482420.0,12441.0,195229.0,0.0,1750503.0,2408899.0,,212310,"Mining, Oil & Gas",2005-01-01
2024,42086300,2,FRASER ENGINEERING COMPANY EMPLOYEE STOCK OWNERSHIP PLAN,Fraser Engineering Company,Newton,MA,02460,2,2I2O3I,1,0,78,47,2616526.0,0.0,0.0,0.0,371928.0,-476223.0,,238220,Construction,2003-01-01
2024,42137249,3,IMTRA CORPORATION EMPLOYEE STOCK OWNERSHIP PLAN,Imtra Corporation,New Bedford,MA,027451205,2,2I2P2Q3D3I,1,0,83,71,12732247.0,23760870.0,908159.0,,8173.0,6585789.0,,423910,Wholesale Trade,2021-01-01
2024,42175284,3,"GREEN INTERNATIONAL AFFILIATES, INC. EMPLOYEE STOCK OWNERSHIP PLAN","Green International Affiliates, Inc.",Tewksbury,MA,01876,2,2I2P3I,1,0,95,0,9168176.0,0.0,0.0,0.0,267426.0,5271070.0,,541330,Professional & Technical Services,2017-04-01
2024,42188202,3,"WIREFAB, INC. EMPLOYEE STOCK OWNERSHIP PLAN","Wirefab, Inc.",Worcester,MA,01607,2,2I2O3I,1,0,54,37,2438866.0,31021.0,60000.0,,53944.0,-188392.0,,332610,Manufacturing,1991-01-01
2024,42272126,4,"CAPE COD LUMBER CO., INC. EMPLOYEE STOCK OWNERSHIP PLAN","Cape Cod Lumber Co., Inc.",Abington,MA,02351,2,2E2I2P2Q3I,1,0,101,85,81831673.0,16485122.0,1075080.0,0.0,3259126.0,11193857.0,,423300,Wholesale Trade,2014-01-01
2024,42274728,3,FEINGOLD & FEINGOLD INSURANCE AGENCY INC. EMPLOYEE STOCK OWNERSHIP PLAN,Feingold & Feingold Insurance Agency Inc.,Worcester,MA,01608,2,2O,1,0,22,15,1485241.0,,0.0,0.0,22057.0,37632.0,,524210,Finance & Insurance,1988-01-01
2024,42279997,4,THE COMREX CORPORATION EMPLOYEE STOCK OWNERSHIP PLAN,Comrex Corporation,Devens,MA,014345068,2,2P3D3I,1,0,21,15,2798182.0,1351871.0,357571.0,,315528.0,-1191910.0,,334310,Manufacturing,1997-07-01
2024,42300185,2,DALE MEDICAL PRODUCTS EMPLOYEE STOCK OWNERSHIP PLAN,Dale Medical Products,Franklin,MA,02038,2,2I2P2Q3I,1,0,57,46,27046434.0,14922120.0,715361.0,0.0,1838.0,11353627.0,,339110,Manufacturing,2021-01-01
2024,42301242,3,"GOODY, CLANCY & ASSOCIATES EMPLOYEE STOCK OWNERSHIP PLAN","Goody, Clancy & Associates",Boston,MA,02110,2,2I2O2Q3I,1,0,101,56,6546042.0,389002.0,838172.0,0.0,837753.0,673040.0,,541310,Professional & Technical Services,1987-07-01
2024,42324804,2,TECH-ETCH EMPLOYEE STOCK OWNERSHIP PLAN,Tech-Etch,Plymouth,MA,023604803,2,2I2P2Q3I,1,0,868,597,42276323.0,31166654.0,4645429.0,,1110413.0,-47878.0,42199074.0,332900,Manufacturing,1999-03-01
2024,42348065,2,JANIS RESEARCH EMPLOYEE STOCK OWNERSHIP PLAN AND TRUST,Janis Research,Woburn,MA,018011265,2,2Q,1,0,90,0,0.0,,,,1788267.0,-1672661.0,,339900,Manufacturing,1999-01-01
2024,42373147,2,FITZGERALD TILE EMPLOYEE STOCK OWNERSHIP PLAN,Fitzgerald Tile,North Reading,MA,018642601,2,2I2P2Q3I,1,0,63,52,624528.0,3722694.0,625200.0,,,871834.0,,423990,Wholesale Trade,2023-01-01
2024,42389826,4,"NEW ENGLAND CONTROLS, INC. EMPLOYEE STOCK OWNERSHIP PLAN","New England Controls, Inc.",Foxborough,MA,02035,2,2H2I2O2Q2T3I,1,0,524,414,88602233.0,2218.0,18634.0,,38253.0,6117353.0,86706383.0,334500,Manufacturing,1986-01-01
2024,42444641,1,SALLOP INSURANCE EMPLOYEE STOCK OWNERSHIP PLAN,Sallop Insurance,Boston,MA,021144721,2,2P,1,0,17,15,15562198.0,0.0,456914.0,,1438742.0,421661.0,,524210,Finance & Insurance,2002-01-01
2024,42482120,3,CONCORD LUMBER CORP. EMPLOYEE STOCK OWNERSHIP PLAN & TRUST,Concord Lumber Corp.,Littleton,MA,01460,2,3I2P2Q,1,0,188,94,8324682.0,1776453.0,300000.0,,769352.0,1364597.0,8315986.0,444190,Retail Trade,1996-04-01
2024,42489159,2,"ELM ELECTRICAL, INC. EMPLOYEE STOCK OWNERSHIP PLAN","Elm Electrical, Inc.",Westfield,MA,01085,2,2P2Q2E3H2I3D,1,0,208,208,6458729.0,36201345.0,2274181.0,,0.0,-31242616.0,6450000.0,238210,Construction,2023-07-01
2024,42501424,2,B&B ENGINEERING CORPORATION EMPLOYEE STOCK OWNERSHIP PLAN,B&B Engineering Corporation,Georgetown,MA,018332024,2,2I2P2Q,1,0,27,0,2368209.0,0.0,,,3118.0,43809.0,,334200,Manufacturing,2014-01-01
2024,42514329,3,"CENTRAL COATING TECHNOLOGIES, INC. EMPLOYEE STOCK OWNERSHIP PLAN","Central Coating Technologies, Inc.",West Boylston,MA,01583,2,2O2Q3F3I3D,1,0,62,53,7447453.0,0.0,993565.0,,1620389.0,-1700547.0,,326100,Manufacturing,2004-01-01
2024,42517090,2,PHYSICAL SCIENCES INC. EMPLOYEE STOCK OWNERSHIP PLAN,Physical Sciences Inc.,Andover,MA,01810,2,2O2Q3H3I3F,1,0,396,249,93245729.0,0.0,6531353.0,,8757702.0,-4531152.0,87832969.0,541330,Professional & Technical Services,1988-07-01
2024,42550058,2,INTERNATIONAL CARS EMPLOYEE STOCK OWNERSHIP PLAN,International Cars,Danvers,MA,01923,2,2P3I,1,0,436,311,36587707.0,2640517.0,2552507.0,,597963.0,8160953.0,36395959.0,441110,Retail Trade,2000-01-01
2024,42556035,2,LANDRY'S BICYCLES EMPLOYEE STOCK OWNERSHIP PLAN,Landry'S Bicycles,Natick,MA,01760,2,2F2I2P2Q3H3I,1,0,112,68,3688643.0,2474209.0,307720.0,0.0,126934.0,741794.0,,451110,Retail Trade,2009-10-01
2024,42587894,2,NOTCH EMPLOYEE STOCK OWNERSHIP PLAN,Notch,Chicopee,MA,01013,2,2I2Q3I2P,1,0,106,88,11680000.0,2008204.0,246493.0,,96666.0,589183.0,,238900,Construction,2020-04-01
2024,42597651,1,"INTERNATIONAL DATA GROUP, INC. EMPLOYEE STOCK OWNERSHIP PLAN","International Data Group, Inc.",Needham,MA,02494,2,2I2O3I,1,0,1106,543,3004672.0,70858.0,,,540436.0,-166028.0,,511120,Information & Technology,1976-01-01
2024,42624147,5,"ELECTRO-TERM, INC. EMPLOYEE STOCK OWNERSHIP PLAN","Electro-Term, Inc.",Springfield,MA,011181058,2,2I2O2Q3I,1,0,69,35,3231591.0,0.0,307331.0,0.0,307331.0,75968.0,,423600,Wholesale Trade,2008-01-01
2024,42630303,2,TITAN ROOFING EMPLOYEE STOCK OWNERSHIP PLAN,Titan Roofing,Springfield,MA,01104,2,2I2P2Q3I,1,0,74,72,21496530.0,18841762.0,757614.0,0.0,0.0,1926768.0,,238100,Construction,2023-01-01
2024,42631963,3,"NEW ENGLAND BIOLABS, INC. NON-VOTING STOCK OWNERSHIP PLAN","NEW ENGLAND BIOLABS, INC.",Ipswich,MA,01938,2,2E2I2O3I,1,0,443,482,162974294.0,141745.0,7889804.0,,16613397.0,-37876863.0,,325900,Manufacturing,1985-10-01
2024,42631963,5,"NEW ENGLAND BIOLABS, INC. VOTING STOCK OWNERSHIP PLAN","NEW ENGLAND BIOLABS, INC.",Ipswich,MA,01938,2,2I2O3I,1,0,436,482,78571398.0,121071.0,1100000.0,,7251995.0,-20666659.0,,325900,Manufacturing,2021-06-28
2024,42637381,2,"QUIRK WIRE CO., INC. EMPLOYEE STOCK OWNERSHIP PLAN","Quirk Wire Co., Inc.",West Brookfield,MA,01585,2,2I2P2Q3I,1,0,67,35,10668229.0,,561628.0,,1022268.0,-633847.0,,332610,Manufacturing,2003-01-01
2024,42682840,2,859 US EMPLOYEE STOCK OWNERSHIP PLAN,"Sullivan Investment Co., Inc.",Norwell,MA,02061,2,2P2Q,1,0,1489,1235,11305958.0,61352720.0,3381708.0,,145.0,1473646.0,11305958.0,423100,Wholesale Trade,2023-02-01
2024,42699206,3,"PACKAGING CONSULTANTS, INC. EMPLOYEE STOCK OWNERSHIP PLAN & TRUST","Packaging Consultants, Inc.",New Bedford,MA,02745,2,2E2O,1,0,12,10,114538.0,,,,43425.0,-56441.0,,424990,Wholesale Trade,1990-02-01
2024,42718570,3,"SPECTRAL SCIENCES, INC. EMPLOYEE STOCK OWNERSHIP PLAN","Spectral Sciences, Inc.",Burlington,MA,018033304,2,2P2I2Q3I,1,0,46,39,4238039.0,1519936.0,531850.0,,435696.0,-700640.0,,541700,Professional & Technical Services,1993-01-01
2024,42741165,3,"SPS NEW ENGLAND, INC. EMPLOYEE STOCK OWNERSHIP PLAN","Sps New England, Inc.",Salisbury,MA,01952,2,2I2P2Q3H,1,0,203,176,51608000.0,53362894.0,4340299.0,,6826.0,34983304.0,51608000.0,237210,Construction,2022-01-01
2024,42745179,3,"SYMMES MAINI & MCKEE ASSOCIATES, INC. EMPLOYEE STOCK OWNERSHIP PLAN","Symmes Maini & Mckee Associates, Inc.",Cambridge,MA,02138,2,2P2I,1,0,236,184,17055350.0,2564854.0,500000.0,,865536.0,-24402.0,16755309.0,541330,Professional & Technical Services,1988-01-01
2024,42760904,3,"PROCESS COOLING SYSTEMS, INC. EMPLOYEE STOCK OWNERSHIP PLAN","Process Cooling Systems, Inc.",Leominster,MA,01453,2,2I2P3I2A,1,0,67,59,10174947.0,15439723.0,194368.0,,,-6599811.0,,333410,Manufacturing,2023-01-01
2024,42772059,2,"BARCLAY WATER TREATMENT CO., INC. EMPLOYEE STOCK OWNERSHIP PLAN","Barclay Water Treatment Co., Inc.",Newton,MA,02458,2,2F2I2P2Q3I,1,0,260,0,37315395.0,0.0,5137200.0,,227308202.0,-80511156.0,,325900,Manufacturing,2009-10-01
2024,42774191,2,LAMPIN CORPORATION EMPLOYEE STOCK OWNERSHIP PLAN,Lampin Corporation,Uxbridge,MA,01569,2,2I2P2Q3I,1,0,61,27,4893665.0,386114.0,446183.0,0.0,417125.0,-163786.0,,333510,Manufacturing,2001-01-01
2024,42777442,3,CAMBRIDGE BANCORP EMPLOYEE STOCK OWNERSHIP PLAN,Cambridge Bancorp,Boston,MA,02110,2,2I2O3I,1,0,557,361,19573587.0,0.0,,,2411347.0,1802648.0,19572400.0,522110,Finance & Insurance,1986-01-01
2024,42803764,2,"CHARLES RIVER ANALYTICS, INC. EMPLOYEE STOCK OWNERSHIP PLAN","Charles River Analytics, Inc.",Cambridge,MA,021384555,2,2I2P2Q3I,1,0,298,132,28850055.0,6920055.0,1721167.0,,531424.0,1215000.0,28850000.0,541600,Professional & Technical Services,2012-10-01
2024,42804642,2,"REX CUT PRODUCTS, INC. EMPLOYEE STOCK OWNERSHIP PLAN","Rex Cut Products, Inc.",Fall River,MA,02722,2,2I2P2Q3I,1,0,73,42,4004083.0,,253166.0,,264737.0,-106102.0,,339900,Manufacturing,2008-01-01
2024,42821431,2,"TIGHE & BOND, INC. EMPLOYEE STOCK OWNERSHIP PLAN","Tighe & Bond, Inc.",Westfield,MA,010855308,2,2I2O3I,1,0,522,549,34102955.0,0.0,1800000.0,,1783032.0,4548515.0,32304600.0,541330,Professional & Technical Services,1997-10-01
2024,42831820,2,BURKART EMPLOYEE STOCK OWNERSHIP 401(K) PLAN,Burkart,Shirley,MA,01464,2,2E2H2J2K2P2Q3I,1,1,23,18,3149295.0,3615.0,22.0,73729.0,556242.0,189984.0,,339900,Manufacturing,2022-01-01
2024,42837729,3,"NELCO PRODUCTS, INC. EMPLOYEE STOCK OWNERSHIP PLAN","Nelco Products, Inc.",Pembroke,MA,023591937,2,2I2P2Q3I,1,0,42,40,20592589.0,1092410.0,356514.0,,3008950.0,-2714890.0,,423600,Wholesale Trade,2004-08-01
2024,42880295,2,"WEB INDUSTRIES, INC. EMPLOYEE STOCK OWNERSHIP PLAN","Web Industries, Inc.",Marlborough,MA,01752,,2I2P2Q3H3I,1,0,836,350,90421806.0,3524693.0,4482639.0,,,,89623298.0,322200,Manufacturing,1984-10-01
2024,42887710,2,"PRELLWITZ/CHILINSKI ASSOCIATES, INC. EMPLOYEE STOCK OWNERSHIP PLAN","Prellwitz/Chilinski Associates, Inc.",Cambridge,MA,021391306,2,2I2P2Q3F3I,1,0,97,48,4811213.0,1392319.0,400886.0,0.0,155386.0,-969275.0,,541310,Professional & Technical Services,2006-01-01
2024,42895731,2,"WORCESTER MANUFACTURING, INC. ESOP","Worcester Manufacturing, Inc.",Worcester,MA,01605,2,2P2Q,1,0,50,35,5836000.0,2575863.0,246495.0,0.0,630519.0,-392286.0,,339900,Manufacturing,2012-01-01
2024,42917465,2,GEMINI STOCK PROGRAM (Gemini Industries ESOP),Gemini Industries Inc.,Burlington,MA,01803,2,2I2O2Q3I,1,0,270,175,3483990.0,0.0,750000.0,,136674.0,1026817.0,560000.0,541330,Professional & Technical Services,2019-01-01
2024,42925204,2,HARPOON BREWERY EMPLOYEE STOCK OWNERSHIP PLAN,Harpoon Brewery,Boston,MA,022102330,2,2I2P3H3I,1,0,346,0,106818.0,0.0,0.0,,391429.0,16197653.0,0.0,312120,Manufacturing,2014-01-01
2024,42932946,2,"DARMANN ABRASIVE PRODUCTS, INC. EMPLOYEE STOCK OWNERSHIP PLAN","Darmann Abrasive Products, Inc.",Clinton,MA,01510,2,2P2I,1,0,81,38,4078604.0,636341.0,104655.0,,518397.0,-1357099.0,,327900,Manufacturing,1998-10-01
2024,42941854,2,"MIDDLETON & COMPANY, INC. EMPLOYEE STOCK OWNERSHIP PLAN","Middleton & Company, Inc.",Boston,MA,02210,2,2I2P3I,1,0,24,14,5468325.0,13699.0,450000.0,0.0,487898.0,499136.0,,812990,Other Services,2003-01-01
2024,42942412,2,WASHBURN-GARFIELD CORPORATION EMPLOYEE STOCK OWNERSHIP PLAN,Washburn-Garfield Corporation,Millbury,MA,01527,2,2I2O2Q3I,1,0,19,0,0.0,0.0,0.0,0.0,165449.0,-57355.0,,423700,Wholesale Trade,2007-11-01
2024,42943867,2,"SWISSTURN/USA, INC. EMPLOYEE STOCK OWNERSHIP PLAN","Swissturn/Usa, Inc.",Oxford,MA,01540,2,2E2P2Q3I,1,0,89,56,3439393.0,8722699.0,559791.0,,72725.0,-896253.0,,332700,Manufacturing,2015-01-01
2024,42993095,2,"ENVIRONMENTAL HEALTH & ENGINEERING, INC. EMPLOYEE STOCK OWNERSHIP PLAN","Environmental Health & Engineering, Inc.",Newton,MA,02459,2,2I2P2Q3I,1,0,148,108,14670376.0,2255518.0,432130.0,,121965.0,4309653.0,14230620.0,541990,Professional & Technical Services,2010-01-01
2024,43005476,1,CAPE AIR/NANTUCKET AIRLINES KSOP RETIREMENT PLAN,Cape Air / Nantucket Airlines (Hyannis Air Service),Hyannis,MA,026011924,2,2E2F2G2I2J2K2O2S2T3I,1,1,1088,570,34914019.0,0.0,409683.0,1763898.0,4476812.0,2325520.0,2319885.0,481000,Transportation & Warehousing,1995-01-01
2024,43024663,3,ACENTECH INCORPORATED EMPLOYEE STOCK OWNERSHIP PLAN,Acentech Inc.,Cambridge,MA,02138,2,2E2I2O3I,1,0,101,68,6583839.0,0.0,100000.0,0.0,202919.0,905707.0,,541990,Professional & Technical Services,2015-10-01
2024,43026692,2,BAXTER EMPLOYEE STOCK OWNERSHIP PLAN,Baxter,West Yarmouth,MA,02673,2,2P2E3I,1,0,14,15,2375055.0,3639396.0,291223.0,,0.0,751064.0,,237310,Construction,2020-07-01
2024,43027262,2,"SIGN DESIGN, INC. EMPLOYEE STOCK OWNERSHIP PLAN","Sign Design, Inc.",Brockton,MA,02301,2,2A2P3I2Q,1,0,60,54,4330583.0,4397693.0,255661.0,,472.0,288828.0,,541800,Professional & Technical Services,2019-01-01
2024,43038026,2,WRIGHT ARCHITECTURAL MILLWORK CORPORATION EMPLOYEE STOCK OWNERSHIP PLAN AND TRUST,Wright Architectural Millwork Corporation,Chicopee,MA,01022,2,2I2P2Q3I,1,0,68,49,3680000.0,398984.0,24960.0,,646.0,-1620095.0,,321900,Manufacturing,2018-01-01
2024,43041248,2,G&C CONCRETE CONSTRUCTION EMPLOYEE STOCK OWNERSHIP PLAN,G&C Concrete Construction,Haverhill,MA,01830,2,2I2P2Q3I,1,0,32,29,2260037.0,7238546.0,445203.0,0.0,0.0,-4978509.0,,444190,Retail Trade,2024-01-01
2024,43053085,3,"SCIENTIFIC SYSTEMS COMPANY, INC. EMPLOYEE STOCK OWNERSHIP PLAN","Scientific Systems Company, Inc.",Burlington,MA,01803,2,2O2I3I,1,0,135,94,1891451.0,9856.0,57190.0,,57193.0,-128274.0,,541600,Professional & Technical Services,2002-06-01
2024,43061714,2,"ISAACSON MILLER, INC. EMPLOYEE STOCK OWNERSHIP PLAN","Isaacson Miller, Inc.",Boston,MA,02114,2,2I2P2Q3I,1,0,387,240,28888268.0,381394.0,1694407.0,,1310043.0,-1363552.0,28776221.0,561300,Administrative & Waste Services,2007-01-01
2024,43071690,2,"MERIDIAN ASSOCIATES, INC. EMPLOYEE STOCK OWNERSHIP PLAN","Meridian Associates, Inc.",Beverly,MA,01915,2,2I2P2Q3I,1,0,25,13,633363.0,1467712.0,253691.0,0.0,0.0,107252.0,,541330,Professional & Technical Services,2015-01-01
2024,43104386,2,"FEINMANN, INC. EMPLOYEE STOCK OWNERSHIP PLAN","Feinmann, Inc.",Lexington,MA,02421,2,2I2P2Q3I,1,0,35,27,3216241.0,2244542.0,189954.0,,591.0,1616592.0,,236110,Construction,2022-01-01
2024,43130168,2,AHA CONSULTING ENGINEERS INC EMPLOYEE STOCK OWNERSHIP PLAN,Aha Consulting Engineers Inc,Burlington,MA,01803,2,2I2O2Q3I,1,0,124,109,3589192.0,0.0,,,8347.0,1435726.0,3152585.0,541330,Professional & Technical Services,2022-01-01
2024,43130236,2,"THE RICHMOND GROUP, INC. EMPLOYEE STOCK OWNERSHIP PLAN","The Richmond Group, Inc.",Hopkinton,MA,01748,2,2I2P2Q3I,1,0,117,63,67579639.0,4109276.0,637918.0,,497361.0,-2335326.0,,236200,Construction,2017-01-01
2024,43152864,2,"COLONIAL SYSTEMS, INC. EMPLOYEE STOCK OWNERSHIP PLAN","Colonial Systems, Inc.",Littleton,MA,01460,2,2E2I3I2P,1,0,32,21,21670257.0,7593994.0,758015.0,,,3185747.0,,238900,Construction,2019-01-01
2024,43169205,2,"TATA & HOWARD, INC. EMPLOYEE STOCK OWNERSHIP PLAN","Tata & Howard, Inc.",Marlborough,MA,01752,2,2P2Q3I2I,1,0,98,46,6154994.0,136908.0,286832.0,,245057.0,1146695.0,,541330,Professional & Technical Services,2014-01-01
2024,43175021,2,"BOSTON BRACE INTERNATIONAL, INC. EMPLOYEE STOCK OWNERSHIP PLAN","Boston Brace International, Inc.",Stoughton,MA,02072,2,2I2P2Q,1,0,314,143,2103826.0,19873.0,0.0,,7382382.0,-4734491.0,0.0,339110,Manufacturing,2014-01-01
2024,43177356,2,DIETZ & COMPANY ARCHITECTS EMPLOYEE STOCK OWNERSHIP PLAN,Dietz & Company Architects,Springfield,MA,01103,2,2E2P2Q3I,1,0,31,21,1031367.0,1437345.0,101344.0,0.0,17143.0,-187267.0,,541310,Professional & Technical Services,2020-01-01
2024,43200597,3,BRAIT BUILDERS CORPORATION EMPLOYEE STOCK OWNERSHIP PLAN,Brait Builders Corporation,Marshfield,MA,02050,2,3I2I2P2Q,1,0,22,31,5234775.0,0.0,,,31648706.0,-26990082.0,,236110,Construction,2019-01-01
2024,43221989,2,"RCM SERVICES, INC. EMPLOYEE STOCK OWNERSHIP PLAN","Rcm Services, Inc.",Allston,MA,02134,2,2I2P2Q3I,1,0,93,51,6981880.0,2594576.0,436399.0,,87840.0,1469525.0,,561720,Administrative & Waste Services,2015-01-01
2024,43223296,2,"OEM CONNECT, LTD. EMPLOYEE STOCK OWNERSHIP PLAN","Oem Connect, Ltd.",Billerica,MA,01821,2,2Q3D,1,0,43,21,3824604.0,,332513.0,,417144.0,-36454.0,,322200,Manufacturing,2010-01-01
2024,43247749,3,DIAMOND ANTENNA AND MICROWAVE CORPORATION EMPLOYEE STOCK OWNERSHIP,Diamond Antenna And Microwave Corporation,Littleton,MA,01460,,2I2O2Q3I,1,0,91,0,9211592.0,0.0,,,,,,335900,Manufacturing,2008-09-01
2024,43257145,3,"DONNELLY SERVICE GROUP, INC. EMPLOYEE STOCK OWNERSHIP PLAN","Donnelly Service Group, Inc.",Wakefield,MA,01880,2,2I2O2Q3H,1,0,160,89,498477.0,21290.0,92567.0,,29006.0,89142.0,58000.0,561720,Administrative & Waste Services,2019-01-01
2024,43258366,2,SPEC EMPLOYEE STOCK OWNERSHIP PLAN,Spec,Tewksbury,MA,01876,2,2P2Q3I,1,0,34,35,350549.0,54.0,,,,-3150667.0,,541330,Professional & Technical Services,2010-01-01
2024,43298009,2,"NORTHERN CONSTRUCTION HOLDING, INC. EMPLOYEE STOCK OWNERSHIP PLAN","Northern Construction Holding, Inc.",Palmer,MA,01069,2,2I2P2Q3I,1,0,51,44,14890205.0,19971150.0,790509.0,0.0,43428.0,5736262.0,,238900,Construction,2022-01-01
2024,43340225,1,LDA ARCHITECTURE & INTERIORS EMPLOYEE STOCK OWNERSHIP PLAN,Lda Architecture & Interiors,Boston,MA,02118,2,2P2Q3I,1,0,29,32,704824.0,3290178.0,336403.0,0.0,0.0,-2585454.0,,541310,Professional & Technical Services,2024-01-01
2024,43347358,3,"NEVO TECHNOLOGIES, INC EMPLOYEE STOCK OWNERSHIP PLAN","Nevo Technologies, Inc",Cambridge,MA,02138,2,2I2P2Q,1,0,21,14,6200000.0,2635776.0,543274.0,,463107.0,994076.0,,541511,Professional & Technical Services,2009-01-01
2024,43358086,2,COURTSMART DIGITAL SYSTEMS EMPLOYEE STOCK OWNERSHIP PLAN,Courtsmart Digital Systems,North Chelmsford,MA,01863,2,2I2Q3I2P,1,0,27,22,15624641.0,1746969.0,99308.0,,,75559.0,,519100,Information & Technology,2020-01-01
2024,43401502,2,"CARNEY, SANDOE & ASSOCIATES EMPLOYEE STOCK OWNERSHIP PLAN","Carney, Sandoe & Associates",Boston,MA,02110,2,2I2O2Q,1,0,46,35,21617485.0,0.0,,,2495857.0,-1410572.0,,561300,Administrative & Waste Services,2013-01-01
2024,43402944,3,"BROOKLINE BANCORP, INC EMPLOYEE STOCK OWNERSHIP PLAN","Brookline Bancorp, Inc",Boston,MA,02117,2,2E2O3I,1,0,934,63,7225247.0,0.0,0.0,,451568.0,222254.0,6837239.0,522120,Finance & Insurance,1997-11-01
2024,43408953,2,"HALLORAN CONSULTING GROUP, INC. EMPLOYEE STOCK OWNERSHIP PLAN","Halloran Consulting Group, Inc.",Cambridge,MA,02142,2,2I2P2Q3I,1,0,135,0,3710647.0,0.0,1746128.0,,0.0,-2904705.0,,541600,Professional & Technical Services,2020-01-01
2024,43484613,2,TRI-WIRE EMPLOYEE STOCK OWNERSHIP PLAN,Tri-Wire,Tewksbury,MA,01876,2,2P2Q3I,1,0,539,0,62.0,14793341.0,,,0.0,0.0,0.0,517000,Information & Technology,2016-01-01
2024,43490470,2,"NEW ENGLAND DISCOUNT RETAILERS, INC. EMPLOYEE STOCK OWNERSHIP PLAN","New England Discount Retailers, Inc.",Holliston,MA,01746,2,2I2P2Q3I,1,0,68,60,4865600.0,10602355.0,385029.0,0.0,18997.0,506304.0,,453990,Retail Trade,2019-09-30
2024,43495686,1,"GILLETTE RESTAURANT EQUIPMENT, INC. EMPLOYEE STOCK OWNERSHIP PLAN","Gillette Restaurant Equipment, Inc.",Holyoke,MA,01040,2,2I2P2Q3I,1,0,14,11,1378528.0,1746823.0,105503.0,,,1120471.0,,423400,Wholesale Trade,2022-01-01
2024,43497377,3,BANKPROV EMPLOYEE STOCK OWNERSHIP PLAN,Bankprov,Amesbury,MA,01913,2,2I2P3H3I,1,0,270,175,15949029.0,7168824.0,1008428.0,,600573.0,1887439.0,15948048.0,522120,Finance & Insurance,2015-01-01
2024,43521482,2,BLUE Q EMPLOYEE STOCK OWNERSHIP PLAN AND TRUST,Blue Q,Pittsfield,MA,01201,2,2P2Q3I,1,0,61,43,10092715.0,1153135.0,565000.0,,,391845.0,,424300,Wholesale Trade,2018-01-01
2024,43531186,2,"WOODLAND PARTNERS, INC. EMPLOYEE STOCK OWNERSHIP PLAN","Woodland Partners, Inc.",Franklin,MA,02038,2,2I2P2Q3I2A,1,0,31,13,26153086.0,669319.0,650749.0,,1389333.0,1417827.0,,424400,Wholesale Trade,2015-01-01
2024,43553283,2,NMR GROUP EMPLOYEE STOCK OWNERSHIP PLAN,Nmr Group,Somerville,MA,021442759,2,2I2P2Q3I,1,0,59,35,4366346.0,893063.0,131059.0,0.0,58307.0,1017000.0,,541910,Professional & Technical Services,2016-01-01
2024,43577380,1,"DAYMARK ENERGY ADVISORS, INC. EMPLOYEE STOCK OWNERSHIP PLAN","Daymark Energy Advisors, Inc.",Worcester,MA,01608,2,2I2O3I2Q,1,0,59,39,1640008.0,111.0,,,153940.0,-138876.0,,541990,Professional & Technical Services,2001-08-29
2024,471008886,2,"FIRST AMENDED AND RESTATED CREATIVE FINANCIAL STAFFING, INC. EMPLOYEE STOCK OWNERSHIP PLAN","Creative Financial Staffing, Inc.",Boston,MA,02110,2,2I2P2Q3I,1,0,765,560,253372727.0,795670.0,6738469.0,,12802661.0,8888923.0,247360000.0,541990,Professional & Technical Services,2014-07-28
2024,473752261,2,"CHMWARNICK, INC. EMPLOYEE STOCK OWNERSHIP PLAN","Chmwarnick, Inc.",Beverly,MA,01915,2,2P2Q2I,1,0,32,31,1532112.0,4813852.0,354566.0,,,-392280.0,,525990,Finance & Insurance,2022-01-01
2024,475615911,2,"THEORY WELLNESS, INC. EMPLOYEE STOCK OWNERSHIP PLAN","Theory Wellness, Inc.",Stoneham,MA,02180,2,3I2P2Q,1,0,239,187,10865913.0,68260463.0,2950045.0,,0.0,3788518.0,10865913.0,339900,Manufacturing,2023-01-01
2024,651174540,2,SEAL-RYT CORP. EMPLOYEE STOCK OWNERSHIP PLAN AND TRUST,Seal-Ryt Corp.,Westfield,MA,01085,2,2E2I2O3I,1,0,31,19,145269.0,0.0,0.0,0.0,537957.0,-527177.0,,238290,Construction,2015-01-01
2024,731627673,3,"EMPLOYEE STOCK OWNERSHIP PLAN OF WESTFIELD FINANCIAL, INC.","Westfield Financial, Inc.",Westfield,MA,010852923,2,2I2P3I,1,0,433,267,14729782.0,2416515.0,786967.0,,879282.0,270758.0,13561509.0,522120,Finance & Insurance,2002-01-01
2024,743073286,3,ENVISION BANK EMPLOYEE STOCK OWNERSHIP PLAN,Envision Bank,Easthampton,MA,01027,2,2P,1,0,68,0,0.0,0.0,0.0,0.0,2380023.0,-2381746.0,,522120,Finance & Insurance,2016-07-01
2024,770370729,2,"GLOBAL BEER NETWORK, INC. EMPLOYEE STOCK OWNERSHIP PLAN","Global Beer Network, Inc.",Middleton,MA,01949,2,2I2P2Q3I,1,0,39,25,810000.0,16310821.0,548308.0,,744.0,-1790628.0,,445310,Retail Trade,2020-01-01
2024,813268325,7,THE GILLETTE COMPANY EMPLOYEE STOCK OWNERSHIP PLAN,The Gillette Company,Boston,MA,02127,2,2F2O3H3J,1,0,1219,121,367792322.0,0.0,,,40162647.0,17754816.0,363563946.0,332900,Manufacturing,1990-01-17
2024,824155907,1,USI EMPLOYEE STOCK OWNERSHIP PLAN,USI,Billerica,MA,01821,2,2I2P2Q3H3I,1,0,26,24,10567400.0,2001980.0,199996.0,0.0,16996.0,3387590.0,,238220,Construction,2018-01-01
2024,825377573,2,"CANNA PROVISIONS, INC. EMPLOYEE STOCK OWNERSHIP PLAN","Canna Provisions, Inc.",Lee,MA,01283,2,2E2I2P2Q3I,1,0,76,43,1194080.0,12334637.0,592375.0,,,-12200020.0,,453990,Retail Trade,2023-01-01
2024,832236376,2,THE VAULT EMPLOYEE STOCK OWNERSHIP PLAN,The Vault,Somerset,MA,02726,2,2I2P3I,1,0,43,32,3012910.0,9148774.0,430450.0,,,1349842.0,,453990,Retail Trade,2023-01-01
2024,842403043,3,MANGANARO EMPLOYEE STOCK OWNERSHIP PLAN,Manganaro,Woburn,MA,01801,2,2O2J2K2H,1,1,135,161,34720125.0,6822793.0,360921.0,,0.0,27897332.0,34720125.0,236200,Construction,2024-01-01
2024,843556185,2,NEEDHAM BANK EMPLOYEE STOCK OWNERSHIP PLAN,Needham Bank,Needham,MA,02492,2,2I2P3I,1,0,284,285,61827355.0,46077586.0,5094900.0,,0.0,16073319.0,61701231.0,522120,Finance & Insurance,2023-01-01
2024,844259761,3,DAVID CLARK EMPLOYEE STOCK OWNERSHIP PLAN,David Clark,Worcester,MA,016150054,2,2E2P2Q3I,1,0,256,216,182637500.0,63304187.0,3945835.0,,7994843.0,-31977504.0,182637500.0,339900,Manufacturing,2007-01-01
2024,851665706,2,"NORTHERN TREE SERVICE, INC. EMPLOYEE STOCK OWNERSHIP PLAN","Northern Tree Service, Inc.",Palmer,MA,01069,2,2I2P2Q3H3I,1,0,175,163,31500665.0,112713067.0,2776705.0,,21258.0,4716481.0,31500000.0,561730,Administrative & Waste Services,2019-01-01
2024,880825163,3,"FORGE GROUP, INC. ESOP","Forge Group, Inc.",Worcester,MA,01605,2,2I2P3I,1,0,25,19,2401084.0,1459802.0,226772.0,,,404534.0,,524290,Finance & Insurance,2021-01-01
2024,920450207,1,RICK ROY CONSTRUCTION EMPLOYEE STOCK OWNERSHIP 401(K) PLAN,Rick Roy Construction,Harwich,MA,02645,2,2E2F2H2I2J2K2P2Q3I,1,1,22,19,3905745.0,4859.0,69197.0,93906.0,,2428088.0,,236110,Construction,2023-01-01
2024,934368162,2,ABT ASSOCIATES INC. EMPLOYEES STOCK OWNERSHIP PLAN,"Abt Global, Inc. (Abt Associates)",Cambridge,MA,021381192,2,2I2P2Q3I,1,0,2628,1156,116572494.0,22974115.0,7821670.0,,8450075.0,-74398747.0,114058866.0,541600,Professional & Technical Services,1975-01-01
